seed,arm,primary_masked_CE
91001,A,0.5187045909267736
91001,B,0.5208653142759537
91001,C,0.5240797371159346
91002,A,0.5225952645546889
91002,B,0.521732711631919
91002,C,0.5239793545546667
91003,A,0.5225434601236479
91003,B,0.5210159793285745
91003,C,0.5244209529019557
91004,A,0.5204123974474804
91004,B,0.5219682828098717
91004,C,0.5247868219154039
91005,A,0.5242460185132989
91005,B,0.5216990873496357
91005,C,0.5242960943146502
91006,A,0.5212353667020653
91006,B,0.5214495146876601
91006,C,0.5239329323798245
