layout,gap_x,gap_y,visible_j,visible_k,event_mass,reference_p,model_p,kl
uniform1,1,1,-1,-1,0.4100341796875,0.06637950282822269,0.09024826437234879,0.0037889822802700847
uniform1,1,1,-1,1,0.0899658203125,0.49508141112618725,0.5023000240325928,0.00010421795611299193
uniform1,1,1,1,-1,0.0899658203125,0.5049185888738128,0.5349715352058411,0.001811237248164975
uniform1,1,1,1,1,0.4100341796875,0.9336204971717773,0.9166292548179626,0.0020192622952914657
uniform2,2,2,-1,-1,0.3856086730957031,0.11318197556511844,0.1196652427315712,0.0002027017153685695
uniform2,2,2,-1,1,0.11439132690429688,0.4953479841264548,0.5230216383934021,0.0015330911891688302
uniform2,2,2,1,-1,0.11439132690429688,0.5046520158735452,0.5201420187950134,0.00048033714952921795
uniform2,2,2,1,1,0.3856086730957031,0.8868180244348816,0.8722915649414062,0.0009796993125035982
uniform4,4,4,-1,-1,0.3647041320800781,0.15603786412844517,0.15165498852729797,7.407312920802624e-05
uniform4,4,4,-1,1,0.13529586791992188,0.49116079736092705,0.49800175428390503,9.360521126253532e-05
uniform4,4,4,1,-1,0.13529586791992188,0.5088392026390729,0.5225719809532166,0.00037768347598188777
uniform4,4,4,1,1,0.3647041320800781,0.8439621358715548,0.8423117399215698,1.0282780850620838e-05
uniform5,5,5,-1,-1,0.3580818176269531,0.16776571605109247,0.16275152564048767,9.150431733082748e-05
uniform5,5,5,-1,1,0.14191818237304688,0.49409993817702874,0.49383771419525146,1.3754313888205728e-07
uniform5,5,5,1,-1,0.14191818237304688,0.5059000618229713,0.522233784198761,0.0005342151053032533
uniform5,5,5,1,1,0.3580818176269531,0.8322342839489075,0.8387889862060547,0.00015716191962382355
uniform7,7,7,-1,-1,0.3500709533691406,0.18684958973073695,0.21024738252162933,0.0016963391138193548
uniform7,7,7,-1,1,0.14992904663085938,0.4984861206523675,0.5028197169303894,3.75605542866711e-05
uniform7,7,7,1,-1,0.14992904663085938,0.5015138793476325,0.5187300443649292,0.0005932323299747307
uniform7,7,7,1,1,0.3500709533691406,0.813150410269263,0.813118040561676,3.4478304159523744e-09
uniform10,10,10,-1,-1,0.342376708984375,0.2062683839914431,0.23380838334560394,0.0021787952481752797
uniform10,10,10,-1,1,0.157623291015625,0.5029283639883834,0.4988926351070404,3.2574340479538284e-05
uniform10,10,10,1,-1,0.157623291015625,0.49707163601161664,0.5351744890213013,0.002910479997524057
uniform10,10,10,1,1,0.342376708984375,0.7937316160085569,0.7941260933876038,4.756835487637048e-07
same_summary_swap7_7,8,1,-1,-1,0.3559150695800781,0.10130652404583018,0.12225644290447235,0.0021553796340736467
same_summary_swap7_7,8,1,-1,1,0.14408493041992188,0.7460750311085225,0.7451881170272827,2.0729061521646865e-06
same_summary_swap7_7,8,1,1,-1,0.14408493041992188,0.2539249688914776,0.2321324199438095,0.0013045626577062597
same_summary_swap7_7,8,1,1,1,0.3559150695800781,0.8986934759541698,0.9000392556190491,1.0025424814550602e-05
same_summary_swap7_0,1,1,-1,-1,0.4100341796875,0.06637950282822269,0.10237684100866318,0.007949284317333959
same_summary_swap7_0,1,1,-1,1,0.0899658203125,0.49508141112618725,0.44747796654701233,0.0045590150701168355
same_summary_swap7_0,1,1,1,-1,0.0899658203125,0.5049185888738128,0.5127668380737305,0.00012324251501616337
same_summary_swap7_0,1,1,1,1,0.4100341796875,0.9336204971717773,0.8895511627197266,0.011345303965516682
same_summary_swap7_1,2,1,-1,-1,0.39404296875,0.08500813197026025,0.11233557760715485,0.00404836157458674
same_summary_swap7_1,2,1,-1,1,0.10595703125,0.6305443548387097,0.5887109637260437,0.0036558571385795283
same_summary_swap7_1,2,1,1,-1,0.10595703125,0.3694556451612903,0.4163704216480255,0.004585370033858116
same_summary_swap7_1,2,1,1,1,0.39404296875,0.9149918680297398,0.9035993814468384,0.0007728974080715018
same_summary_swap7_2,4,1,-1,-1,0.3751258850097656,0.09480663432888942,0.1108727976679802,0.0013690237529439386
same_summary_swap7_2,4,1,-1,1,0.12487411499023438,0.7030701084466168,0.712717592716217,0.00022579861887484995
same_summary_swap7_2,4,1,1,-1,0.12487411499023438,0.29692989155338323,0.3174453675746918,0.0009829581730959117
same_summary_swap7_2,4,1,1,1,0.3751258850097656,0.9051933656711106,0.9029051065444946,3.0075490677950595e-05
same_summary_swap7_4,1,1,-1,-1,0.4100341796875,0.06637950282822269,0.10094477236270905,0.007396058202957027
same_summary_swap7_4,1,1,-1,1,0.0899658203125,0.49508141112618725,0.43649551272392273,0.006923594516892201
same_summary_swap7_4,1,1,1,-1,0.0899658203125,0.5049185888738128,0.5125738978385925,0.00011725615022184326
same_summary_swap7_4,1,1,1,1,0.4100341796875,0.9336204971717773,0.8847420811653137,0.013577231902365629
same_summary_swap7_6,4,1,-1,-1,0.3751258850097656,0.09480663432888942,0.11387547105550766,0.001897712831111606
same_summary_swap7_6,4,1,-1,1,0.12487411499023438,0.7030701084466168,0.7146462202072144,0.0003259626111202351
same_summary_swap7_6,4,1,1,-1,0.12487411499023438,0.29692989155338323,0.30559712648391724,0.00017795389325328537
same_summary_swap7_6,4,1,1,1,0.3751258850097656,0.9051933656711106,0.9007737040519714,0.00011074829232067714
