width,t,sample,reference_p,model_p,kl,chain,parent
16,0.2,0,0.8535533905932737,0.8084609508514404,0.0070164436551188245,1,174
16,0.2,1,0.028595479208968325,0.06460897624492645,0.01338973514337925,3,452
16,0.2,2,0.14644660940672627,0.161596417427063,0.0008695093684204878,2,359
16,0.2,3,0.028595479208968325,0.028845975175499916,1.123108019603742e-06,1,136
16,0.2,4,0.9714045207910317,0.9676414728164673,0.00023512670217664148,0,45
16,0.2,5,0.9714045207910317,0.9697740077972412,4.616103632667959e-05,1,224
16,0.2,6,0.028595479208968325,0.06222493574023247,0.011992175990764454,2,368
16,0.2,7,0.8535533905932737,0.8518106341362,1.2069685204787193e-05,3,502
16,0.2,8,0.9714045207910317,0.9654284715652466,0.0005676048237537017,2,329
16,0.2,9,0.9714045207910317,0.9698889255523682,3.99827066228924e-05,0,82
16,0.2,10,0.028595479208968325,0.03095552697777748,9.521416755138741e-05,1,184
16,0.2,11,0.9714045207910317,0.9684056043624878,0.00015169604845932964,3,502
16,0.2,12,0.8535533905932737,0.8578518629074097,7.513350289499541e-05,0,36
16,0.2,13,0.9714045207910317,0.9483434557914734,0.006428751187715135,3,464
16,0.2,14,0.14644660940672627,0.1542966216802597,0.00023948498796007734,0,118
16,0.2,15,0.028595479208968325,0.03246351704001427,0.00024790041926635656,2,380
16,0.2,16,0.028595479208968325,0.03489718586206436,0.0006272299882338749,2,288
16,0.2,17,0.028595479208968325,0.030800295993685722,8.337451910323326e-05,0,112
16,0.2,18,0.14644660940672627,0.15072830021381378,7.21736785003228e-05,0,112
16,0.2,19,0.028595479208968325,0.0321040116250515,0.00020546152146870209,0,107
16,0.2,20,0.5,0.5467678308486938,0.00439370825475225,1,156
16,0.2,21,0.9714045207910317,0.9621741771697998,0.0012750811232402296,1,246
16,0.2,22,0.8535533905932737,0.8033124804496765,0.00858502090493006,2,378
16,0.2,23,0.5,0.46370822191238403,0.002641149719033613,0,119
16,0.2,24,0.5,0.46271607279777527,0.002787940641991095,3,390
16,0.2,25,0.8535533905932737,0.85799241065979,8.017091428564466e-05,2,324
16,0.2,26,0.9714045207910317,0.9700940847396851,3.0024236547163824e-05,3,498
16,0.2,27,0.9714045207910317,0.9673088788986206,0.0002766558536892879,1,235
16,0.2,28,0.028595479208968325,0.03274444863200188,0.000283602159908736,0,111
16,0.2,29,0.14644660940672627,0.155644953250885,0.0003272435114813656,1,225
16,0.2,30,0.028595479208968325,0.032007936388254166,0.0001947466282804771,2,331
16,0.2,31,0.9714045207910317,0.9671033620834351,0.00030385842900968255,0,21
16,0.5,0,0.8535533905932737,0.8363838195800781,0.0011091860587651124,1,174
16,0.5,1,0.028595479208968325,0.05044054985046387,0.005865171699900022,3,452
16,0.5,2,0.14644660940672627,0.1561029553413391,0.0003600584847836836,2,359
16,0.5,3,0.028595479208968325,0.032921843230724335,0.00030727478407715624,1,136
16,0.5,4,0.9714045207910317,0.9687115550041199,0.0001231059326220526,0,45
16,0.5,5,0.9714045207910317,0.9678267240524292,0.00021335119274186335,1,224
16,0.5,6,0.028595479208968325,0.06392917037010193,0.01298648386327943,2,368
16,0.5,7,0.8535533905932737,0.8523537516593933,5.73065564113775e-06,3,502
16,0.5,8,0.9714045207910317,0.9676291942596436,0.00023660449021137677,2,329
16,0.5,9,0.9714045207910317,0.9686499238014221,0.00012863917000223,0,82
16,0.5,10,0.028595479208968325,0.03292655944824219,0.0003079159608287939,1,184
16,0.5,11,0.9714045207910317,0.968244194984436,0.0001679021484663197,3,502
16,0.5,12,0.8535533905932737,0.8619421720504761,0.0002908068779890211,0,36
16,0.5,13,0.9714045207910317,0.9426168203353882,0.009306058216453833,3,464
16,0.5,14,0.14644660940672627,0.16302786767482758,0.0010365325895048995,0,118
16,0.5,15,0.028595479208968325,0.04265677183866501,0.0027276539733472396,2,380
16,0.5,16,0.028595479208968325,0.03518826887011528,0.0006827276374109523,2,288
16,0.5,17,0.028595479208968325,0.03284867852926254,0.0002974061658774889,0,112
16,0.5,18,0.14644660940672627,0.14741764962673187,3.7579352280650872e-06,0,112
16,0.5,19,0.028595479208968325,0.032656844705343246,0.0002722328144095826,0,107
16,0.5,20,0.5,0.5586159229278564,0.0069193095988374295,1,156
16,0.5,21,0.9714045207910317,0.9289008378982544,0.017416069132595396,1,246
16,0.5,22,0.8535533905932737,0.7790027260780334,0.017748040298169836,2,378
16,0.5,23,0.5,0.49052032828330994,0.00017976066173575056,0,119
16,0.5,24,0.5,0.5556549429893494,0.006233642675529463,3,390
16,0.5,25,0.8535533905932737,0.8579440712928772,7.841961493434621e-05,2,324
16,0.5,26,0.9714045207910317,0.9697919487953186,4.516826665223279e-05,3,498
16,0.5,27,0.9714045207910317,0.9681417942047119,0.00017858105496350784,1,235
16,0.5,28,0.028595479208968325,0.04992693290114403,0.005632550308576612,0,111
16,0.5,29,0.14644660940672627,0.1364818960428238,0.00041294189249376813,1,225
16,0.5,30,0.028595479208968325,0.031044404953718185,0.0001023284009867083,2,331
16,0.5,31,0.9714045207910317,0.9548989534378052,0.0036176780332324333,0,21
64,0.2,0,0.028595479208968325,0.05182723328471184,0.006509274208320495,0,39
64,0.2,1,0.9714045207910317,0.9643325209617615,0.0007785335888003484,2,301
64,0.2,2,0.028595479208968325,0.04492178186774254,0.0035492177646626686,3,434
64,0.2,3,0.028595479208968325,0.03145381435751915,0.00013821098494493393,2,275
64,0.2,4,0.9714045207910317,0.9551094770431519,0.0035373301749870457,2,324
64,0.2,5,0.028595479208968325,0.06844555586576462,0.015732682301826974,3,450
64,0.2,6,0.14644660940672627,0.1655368208885193,0.001362427619515695,2,365
64,0.2,7,0.9714045207910317,0.9586741924285889,0.0022845225384635764,2,379
64,0.2,8,0.028595479208968325,0.03326085954904556,0.0003549081510570871,0,84
64,0.2,9,0.028595479208968325,0.03081880696117878,8.474706300884514e-05,3,470
64,0.2,10,0.028595479208968325,0.04086542874574661,0.002138490070866781,0,17
64,0.2,11,0.14644660940672627,0.1528754085302353,0.00016144182878417151,0,62
64,0.2,12,0.028595479208968325,0.04751814901828766,0.004586814421871742,0,100
64,0.2,13,0.8535533905932737,0.8493642210960388,6.911166493178515e-05,1,169
64,0.2,14,0.9714045207910317,0.966876745223999,0.0003351979972806927,2,305
64,0.2,15,0.9714045207910317,0.9502723217010498,0.005543194039067164,3,430
64,0.2,16,0.8535533905932737,0.8399996757507324,0.00069976858556846,3,430
64,0.2,17,0.14644660940672627,0.14640386402606964,7.3098487483452e-09,2,288
64,0.2,18,0.028595479208968325,0.0334029383957386,0.00037579333626793377,1,154
64,0.2,19,0.028595479208968325,0.03424372524023056,0.0005102611265738353,3,506
64,0.2,20,0.14644660940672627,0.15747344493865967,0.00046725514558774127,3,399
64,0.2,21,0.9714045207910317,0.9595643877983093,0.00200562840592371,1,199
64,0.2,22,0.9714045207910317,0.9434812664985657,0.008849672817999591,0,74
64,0.2,23,0.9714045207910317,0.9352023601531982,0.013502302738461792,2,372
64,0.2,24,0.9714045207910317,0.9662808775901794,0.00042419717435062624,0,90
64,0.2,25,0.14644660940672627,0.16893161833286285,0.001869053107090058,3,419
64,0.2,26,0.9714045207910317,0.9624695181846619,0.001201100023941793,0,105
64,0.2,27,0.8535533905932737,0.8398146629333496,0.0007185449123454958,1,185
64,0.2,28,0.8535533905932737,0.8769704103469849,0.0024147190589361815,1,239
64,0.2,29,0.9714045207910317,0.9555073976516724,0.0033873124273088185,0,24
64,0.2,30,0.9714045207910317,0.9381096363067627,0.01179983517350881,3,429
64,0.2,31,0.9714045207910317,0.9540665149688721,0.00394189419384856,0,49
64,0.5,0,0.028595479208968325,0.06772751361131668,0.015285783443511995,0,39
64,0.5,1,0.9714045207910317,0.9527608752250671,0.004470694735961105,2,301
64,0.5,2,0.028595479208968325,0.05808018147945404,0.009679371298016208,3,434
64,0.5,3,0.028595479208968325,0.03429481014609337,0.000519019117117955,2,275
64,0.5,4,0.9714045207910317,0.9395639300346375,0.010975046674751535,2,324
64,0.5,5,0.028595479208968325,0.08192823827266693,0.02475325047170878,3,450
64,0.5,6,0.14644660940672627,0.15462033450603485,0.00025934340693650575,2,365
64,0.5,7,0.9714045207910317,0.9541396498680115,0.0039129988468513885,2,379
64,0.5,8,0.028595479208968325,0.047898855060338974,0.004746972994945153,0,84
64,0.5,9,0.028595479208968325,0.034574028104543686,0.0005680524688226815,3,470
64,0.5,10,0.028595479208968325,0.038616765290498734,0.0014821704224349704,0,17
64,0.5,11,0.14644660940672627,0.16546587646007538,0.0013526396166525442,0,62
64,0.5,12,0.028595479208968325,0.05200473964214325,0.006593375657917337,0,100
64,0.5,13,0.8535533905932737,0.8553318977355957,1.2738020313140912e-05,1,169
64,0.5,14,0.9714045207910317,0.9465621709823608,0.007285623289082787,2,305
64,0.5,15,0.9714045207910317,0.9320865869522095,0.015401123550498125,3,430
64,0.5,16,0.8535533905932737,0.8634239435195923,0.00040502045280004124,3,430
64,0.5,17,0.14644660940672627,0.16735342144966125,0.0016242620531790042,2,288
64,0.5,18,0.028595479208968325,0.04516417533159256,0.003641902480318317,1,154
64,0.5,19,0.028595479208968325,0.03127056360244751,0.00012152202642590811,3,506
64,0.5,20,0.14644660940672627,0.15715350210666656,0.0004410284838479994,3,399
64,0.5,21,0.9714045207910317,0.947540283203125,0.006810612616301278,1,199
64,0.5,22,0.9714045207910317,0.9316049814224243,0.015701106041294165,0,74
64,0.5,23,0.9714045207910317,0.9494394659996033,0.005919983916869327,2,372
64,0.5,24,0.9714045207910317,0.9639421105384827,0.0008605859134338499,0,90
64,0.5,25,0.14644660940672627,0.17747168242931366,0.003463235310675654,3,419
64,0.5,26,0.9714045207910317,0.9538213610649109,0.004039322757290834,0,105
64,0.5,27,0.8535533905932737,0.836776077747345,0.0010604862023912733,1,185
64,0.5,28,0.8535533905932737,0.8620676398277283,0.0002997213133541475,1,239
64,0.5,29,0.9714045207910317,0.962785542011261,0.0011240012828951833,0,24
64,0.5,30,0.9714045207910317,0.9250463247299194,0.019945649527419593,3,429
64,0.5,31,0.9714045207910317,0.9415832757949829,0.009861293889506795,0,49
