seed,arm,J,full_CE,sensitivity,continuous96_long_NRMSE,held_gap57_w32_long_NRMSE,held_s10_w48_long_NRMSE
91001,F0,0.15727322392299833,0.5166536381182146,0.00760953289895383,0.11340658886037115,0.21931577930985763,0.1390973035987662
91001,F1,0.17236296263757014,0.5164121606121295,0.0071844672401368825,0.13865764197472616,0.23201292294484704,0.14641832299313734
91001,F2,0.17793326187041067,0.5168267312628565,0.005273363156916844,0.16473703305383958,0.19129565937139992,0.17776709318599246
91002,F0,0.28708640158183396,0.5205038636582535,0.018837356355220436,0.28295640914769704,0.33710296037304516,0.2411998352247597
91002,F1,0.3137699149669368,0.5193535359370707,0.014858557669811034,0.3387859773881528,0.29480320040216096,0.30772056711049667
91002,F2,0.25184502515142376,0.5198717760504998,0.0063660759080192975,0.281735012151037,0.3149825015961884,0.1588175617070459
91003,F0,0.2156784090143169,0.5223381393443846,0.019779808799796683,0.02513584686907542,0.3845076341350551,0.23739174603882007
91003,F1,0.22563264301843722,0.5206465742018253,0.014227752753356526,0.039232228562990266,0.3490015354902888,0.2886641650020327
91003,F2,0.22534171291287428,0.5220124548990688,0.0056117581318346765,0.054282261836945435,0.30822055282185,0.31352232407982733
91004,F0,0.145816303736204,0.5197014979785459,0.00696657688395419,0.06775075625783072,0.20748880378870752,0.16220935116207374
91004,F1,0.13263326156247635,0.5193686530053621,0.0064288632115392375,0.04828671139679416,0.19117958965857887,0.158433483632056
91004,F2,0.12634492247730097,0.5196966762853692,0.005408948801076008,0.021484721583129248,0.17408378555415543,0.1834662602946182
91005,F0,0.2167203034156667,0.5219145822318185,0.011106511019107757,0.11115939336001018,0.2564684107626373,0.2825331061243526
91005,F1,0.2246832688537285,0.5214287005898564,0.008916328150149866,0.11219246434748792,0.246584033466405,0.3152733087472926
91005,F2,0.20979606905442916,0.5221015680284689,0.006652464679945069,0.12154072602299053,0.2555015284513393,0.2523459526889576
91006,F0,0.2965931702999862,0.5189550068712443,0.011552467050222504,0.06173989463527501,0.4262194676891931,0.40182014857549053
91006,F1,0.28138668583205745,0.5181116796762841,0.009216556633035111,0.11415980057819304,0.39059464350149375,0.33940561341648556
91006,F2,0.3216637277405217,0.5192294894445498,0.0057965856305060015,0.18959978727526622,0.3996273978653321,0.3757639980809669
