2026/08/19 19:28:24.390, 0, 0, 2, 32607, 15.00, 30, 180
2026/08/19 19:28:29.405, 0, 1, 2, 32607, 15.15, 30, 180
2026/08/19 19:28:34.405, 0, 0, 516, 32607, 16.91, 30, 180
2026/08/19 19:28:39.406, 100, 27, 13476, 32607, 451.00, 51, 2820
2026/08/19 19:28:44.407, 100, 25, 13476, 32607, 453.01, 49, 2820
2026/08/19 19:28:49.407, 100, 32, 13476, 32607, 452.15, 50, 2812
2026/08/19 19:28:54.408, 99, 54, 13476, 32607, 448.12, 54, 2797
2026/08/19 19:28:59.409, 100, 54, 13476, 32607, 446.58, 55, 2790
2026/08/19 19:29:04.410, 100, 58, 13476, 32607, 446.75, 58, 2782
2026/08/19 19:29:09.410, 99, 56, 13476, 32607, 446.75, 58, 2782
2026/08/19 19:29:14.411, 100, 56, 13476, 32607, 447.05, 58, 2782
2026/08/19 19:29:19.412, 100, 57, 13476, 32607, 447.17, 60, 2775
2026/08/19 19:29:24.412, 99, 56, 13476, 32607, 448.51, 60, 2775
2026/08/19 19:29:29.413, 100, 56, 13476, 32607, 446.77, 62, 2782
2026/08/19 19:29:34.414, 98, 55, 13476, 32607, 446.07, 61, 2775
2026/08/19 19:29:39.414, 100, 49, 13476, 32607, 451.14, 61, 2767
2026/08/19 19:29:44.415, 99, 24, 13476, 32607, 453.17, 59, 2760
2026/08/19 19:29:49.416, 100, 20, 13476, 32607, 450.45, 62, 2752
2026/08/19 19:29:54.416, 100, 27, 13476, 32607, 449.97, 65, 2752
2026/08/19 19:29:59.417, 100, 48, 13476, 32607, 448.82, 64, 2737
2026/08/19 19:30:04.417, 99, 56, 13476, 32607, 446.90, 64, 2745
2026/08/19 19:30:09.418, 99, 35, 13476, 32607, 452.44, 63, 2752
2026/08/19 19:30:14.419, 100, 24, 13476, 32607, 450.38, 65, 2752
2026/08/19 19:30:19.420, 100, 29, 13476, 32607, 449.54, 65, 2745
2026/08/19 19:30:24.420, 100, 56, 13476, 32607, 448.36, 65, 2737
2026/08/19 19:30:29.421, 97, 42, 13476, 32607, 450.70, 65, 2745
2026/08/19 19:30:34.422, 100, 20, 13476, 32607, 451.06, 65, 2745
2026/08/19 19:30:39.422, 100, 32, 13476, 32607, 449.64, 67, 2730
2026/08/19 19:30:44.423, 99, 60, 13476, 32607, 448.36, 68, 2730
2026/08/19 19:30:49.424, 100, 28, 13476, 32607, 450.03, 63, 2737
2026/08/19 19:30:54.425, 100, 21, 13476, 32607, 451.81, 66, 2737
2026/08/19 19:30:59.425, 100, 56, 13476, 32607, 448.58, 68, 2730
2026/08/19 19:31:04.426, 100, 23, 13476, 32607, 450.33, 66, 2745
2026/08/19 19:31:09.427, 100, 40, 13476, 32607, 452.44, 68, 2730
2026/08/19 19:31:14.428, 99, 55, 13476, 32607, 446.96, 66, 2730
2026/08/19 19:31:19.428, 100, 22, 13476, 32607, 450.09, 65, 2745
2026/08/19 19:31:24.429, 100, 29, 13476, 32607, 449.91, 68, 2737
2026/08/19 19:31:29.430, 98, 56, 13476, 32607, 448.08, 68, 2730
2026/08/19 19:31:34.430, 100, 32, 13476, 32607, 449.83, 66, 2737
2026/08/19 19:31:39.431, 100, 21, 13476, 32607, 451.87, 67, 2737
2026/08/19 19:31:44.432, 99, 60, 13476, 32607, 448.56, 69, 2722
2026/08/19 19:31:49.433, 100, 40, 13476, 32607, 451.22, 67, 2730
2026/08/19 19:31:54.433, 100, 26, 13476, 32607, 451.30, 68, 2737
2026/08/19 19:31:59.434, 100, 50, 13476, 32607, 448.85, 67, 2722
2026/08/19 19:32:04.435, 100, 52, 13476, 32607, 449.85, 67, 2730
2026/08/19 19:32:09.436, 100, 22, 13476, 32607, 450.58, 67, 2737
2026/08/19 19:32:14.437, 100, 43, 13476, 32607, 449.26, 68, 2722
2026/08/19 19:32:19.438, 100, 52, 13476, 32607, 448.52, 69, 2737
2026/08/19 19:32:24.438, 100, 26, 13476, 32607, 450.41, 65, 2737
2026/08/19 19:32:29.439, 100, 33, 13476, 32607, 452.40, 69, 2730
2026/08/19 19:32:34.440, 99, 55, 13476, 32607, 448.34, 67, 2722
2026/08/19 19:32:39.440, 100, 24, 13476, 32607, 450.11, 64, 2730
2026/08/19 19:32:44.441, 100, 26, 13476, 32607, 449.96, 67, 2722
2026/08/19 19:32:49.442, 100, 60, 13476, 32607, 448.24, 69, 2722
2026/08/19 19:32:54.443, 100, 20, 13476, 32607, 449.98, 65, 2730
2026/08/19 19:32:59.443, 100, 29, 13476, 32607, 449.94, 68, 2722
2026/08/19 19:33:04.444, 100, 58, 13476, 32607, 447.58, 69, 2730
2026/08/19 19:33:09.445, 100, 23, 13476, 32607, 450.01, 64, 2737
2026/08/19 19:33:14.446, 100, 28, 13476, 32607, 449.95, 69, 2737
2026/08/19 19:33:19.447, 100, 56, 13476, 32607, 447.80, 68, 2730
2026/08/19 19:33:24.447, 100, 30, 13476, 32607, 449.83, 66, 2737
2026/08/19 19:33:29.448, 85, 52, 13476, 32607, 424.81, 68, 2752
2026/08/19 19:33:34.449, 99, 34, 13476, 32607, 451.99, 67, 2730
2026/08/19 19:33:39.450, 100, 22, 13476, 32607, 450.08, 67, 2730
2026/08/19 19:33:44.451, 99, 57, 13476, 32607, 448.58, 69, 2722
2026/08/19 19:33:49.451, 100, 35, 13476, 32607, 449.52, 67, 2730
2026/08/19 19:33:54.452, 100, 21, 13476, 32607, 451.77, 67, 2730
2026/08/19 19:33:59.453, 99, 60, 13476, 32607, 448.37, 69, 2722
2026/08/19 19:34:04.453, 100, 36, 13476, 32607, 451.74, 67, 2737
2026/08/19 19:34:09.454, 100, 22, 13476, 32607, 450.06, 68, 2737
2026/08/19 19:34:14.455, 99, 60, 13476, 32607, 448.87, 69, 2722
2026/08/19 19:34:19.455, 100, 37, 13476, 32607, 451.44, 67, 2737
2026/08/19 19:34:24.456, 100, 23, 13476, 32607, 451.69, 68, 2737
2026/08/19 19:34:29.457, 98, 59, 13476, 32607, 448.31, 69, 2730
2026/08/19 19:34:34.457, 99, 35, 13476, 32607, 451.75, 67, 2737
2026/08/19 19:34:39.458, 100, 20, 13476, 32607, 450.08, 68, 2730
2026/08/19 19:34:44.459, 99, 58, 13476, 32607, 448.84, 69, 2715
2026/08/19 19:34:49.459, 100, 35, 13476, 32607, 452.10, 67, 2730
2026/08/19 19:34:54.460, 100, 24, 13476, 32607, 450.08, 67, 2730
2026/08/19 19:34:59.461, 99, 56, 13476, 32607, 448.35, 69, 2715
2026/08/19 19:35:04.462, 100, 34, 13476, 32607, 449.70, 67, 2730
2026/08/19 19:35:09.462, 100, 23, 13476, 32607, 450.07, 67, 2737
2026/08/19 19:35:14.463, 99, 56, 13476, 32607, 448.25, 69, 2722
2026/08/19 19:35:19.464, 100, 33, 13476, 32607, 452.26, 66, 2737
2026/08/19 19:35:24.464, 100, 25, 13476, 32607, 452.04, 67, 2737
2026/08/19 19:35:29.465, 97, 56, 13476, 32607, 447.53, 68, 2730
2026/08/19 19:35:34.466, 99, 27, 13476, 32607, 450.00, 65, 2730
2026/08/19 19:35:39.466, 100, 28, 13476, 32607, 448.61, 69, 2730
2026/08/19 19:35:44.467, 99, 57, 13476, 32607, 451.45, 69, 2722
2026/08/19 19:35:49.468, 100, 23, 13476, 32607, 448.64, 64, 2730
2026/08/19 19:35:54.468, 100, 29, 13476, 32607, 449.18, 69, 2722
2026/08/19 19:35:59.469, 100, 21, 13476, 32607, 448.48, 64, 2730
2026/08/19 19:36:04.470, 100, 29, 13476, 32607, 449.10, 69, 2730
2026/08/19 19:36:09.470, 100, 56, 13476, 32607, 451.54, 69, 2722
2026/08/19 19:36:14.471, 100, 23, 13476, 32607, 449.08, 64, 2730
2026/08/19 19:36:19.472, 100, 29, 13476, 32607, 451.32, 69, 2737
2026/08/19 19:36:24.473, 100, 56, 13476, 32607, 450.02, 68, 2722
2026/08/19 19:36:29.473, 100, 24, 13476, 32607, 448.35, 64, 2730
2026/08/19 19:36:34.474, 100, 29, 13476, 32607, 449.17, 69, 2730
2026/08/19 19:36:39.475, 100, 58, 13476, 32607, 450.08, 69, 2722
2026/08/19 19:36:44.475, 99, 60, 13476, 32607, 448.92, 64, 2730
2026/08/19 19:36:49.476, 100, 35, 13476, 32607, 449.41, 68, 2722
2026/08/19 19:36:54.477, 100, 20, 13476, 32607, 450.06, 69, 2722
2026/08/19 19:36:59.477, 99, 57, 13476, 32607, 448.66, 65, 2730
2026/08/19 19:37:04.478, 100, 34, 13476, 32607, 449.73, 68, 2722
2026/08/19 19:37:09.479, 100, 22, 13476, 32607, 451.75, 69, 2722
2026/08/19 19:37:14.480, 99, 57, 13476, 32607, 448.36, 65, 2730
2026/08/19 19:37:19.480, 100, 35, 13476, 32607, 449.47, 68, 2730
2026/08/19 19:37:24.481, 100, 20, 13476, 32607, 451.82, 69, 2730
2026/08/19 19:37:29.482, 98, 59, 13476, 32607, 448.36, 64, 2737
2026/08/19 19:37:34.482, 99, 35, 13476, 32607, 449.30, 68, 2730
2026/08/19 19:37:39.483, 100, 20, 13476, 32607, 451.75, 69, 2722
2026/08/19 19:37:44.484, 99, 60, 13476, 32607, 448.57, 64, 2730
2026/08/19 19:37:49.485, 100, 36, 13476, 32607, 449.42, 69, 2722
2026/08/19 19:37:54.485, 100, 20, 13476, 32607, 450.08, 69, 2722
2026/08/19 19:37:59.486, 99, 58, 13476, 32607, 448.30, 65, 2730
2026/08/19 19:38:04.487, 100, 35, 13476, 32607, 449.51, 68, 2722
2026/08/19 19:38:09.487, 100, 22, 13476, 32607, 451.73, 69, 2722
2026/08/19 19:38:14.488, 99, 56, 13476, 32607, 448.30, 65, 2730
2026/08/19 19:38:19.489, 100, 35, 13476, 32607, 449.70, 68, 2730
2026/08/19 19:38:24.489, 100, 23, 13480, 32607, 450.05, 69, 2730
2026/08/19 19:38:29.490, 99, 44, 13484, 32607, 449.55, 68, 2692
2026/08/19 19:38:34.491, 99, 40, 13484, 32607, 450.08, 65, 2692
2026/08/19 19:38:39.492, 100, 41, 13484, 32607, 449.99, 67, 2692
2026/08/19 19:38:44.492, 99, 42, 13484, 32607, 450.35, 67, 2692
2026/08/19 19:38:49.493, 100, 39, 13484, 32607, 450.44, 67, 2692
2026/08/19 19:38:54.494, 99, 49, 13484, 32607, 449.76, 68, 2692
2026/08/19 19:38:59.494, 100, 40, 13484, 32607, 450.16, 67, 2692
2026/08/19 19:39:04.495, 100, 42, 13484, 32607, 450.01, 68, 2692
2026/08/19 19:39:09.496, 100, 39, 13484, 32607, 450.07, 65, 2692
2026/08/19 19:39:14.496, 100, 42, 13484, 32607, 449.88, 68, 2692
2026/08/19 19:39:19.497, 0, 0, 2, 32607, 137.83, 58, 2857
2026/08/19 19:39:24.498, 0, 0, 2, 32607, 53.07, 53, 180
2026/08/19 19:39:29.498, 0, 0, 2, 32607, 24.00, 50, 180
2026/08/19 19:39:34.499, 0, 0, 2, 32607, 20.68, 48, 180
2026/08/19 19:39:39.500, 0, 0, 2, 32607, 19.97, 46, 180
2026/08/19 19:39:44.500, 0, 0, 2, 32607, 18.75, 44, 180
2026/08/19 19:39:49.501, 0, 0, 2, 32607, 17.90, 43, 180
2026/08/19 19:39:54.502, 0, 0, 2, 32607, 17.81, 42, 180
2026/08/19 19:39:59.503, 0, 0, 2, 32607, 17.20, 41, 180
2026/08/19 19:40:04.503, 0, 0, 2, 32607, 16.93, 40, 180
2026/08/19 19:40:09.504, 0, 0, 2, 32607, 16.43, 39, 180
2026/08/19 19:40:14.505, 0, 0, 2, 32607, 17.09, 38, 180
2026/08/19 19:40:19.505, 0, 0, 2, 32607, 16.77, 37, 180
2026/08/19 19:40:24.506, 0, 0, 2, 32607, 16.94, 36, 180
2026/08/19 19:40:29.507, 0, 0, 2, 32607, 16.64, 35, 180
2026/08/19 19:40:34.507, 0, 0, 2, 32607, 16.55, 35, 180
2026/08/19 19:40:39.508, 0, 0, 2, 32607, 16.66, 34, 180
2026/08/19 19:40:44.509, 0, 0, 2, 32607, 16.98, 34, 180
2026/08/19 19:40:49.510, 0, 0, 2, 32607, 16.68, 33, 180
2026/08/19 19:40:54.510, 0, 0, 2, 32607, 16.63, 33, 180
2026/08/19 19:40:59.511, 0, 0, 2, 32607, 16.65, 32, 180
2026/08/19 19:41:04.512, 0, 0, 2, 32607, 16.49, 32, 180
2026/08/19 19:41:09.512, 0, 0, 2, 32607, 15.97, 31, 180
2026/08/19 19:41:14.513, 0, 0, 2, 32607, 15.95, 31, 180
2026/08/19 19:41:19.514, 0, 0, 2, 32607, 15.99, 31, 172
2026/08/19 19:41:24.514, 0, 0, 2, 32607, 15.99, 31, 180
2026/08/19 19:41:29.515, 0, 0, 2, 32607, 15.94, 30, 180
2026/08/19 19:41:34.516, 0, 0, 2, 32607, 15.60, 30, 180
2026/08/19 19:41:39.516, 0, 0, 2, 32607, 15.90, 30, 180
2026/08/19 19:41:44.517, 0, 0, 2, 32607, 15.37, 30, 180
2026/08/19 19:41:49.518, 0, 0, 2, 32607, 15.85, 29, 180
2026/08/19 19:41:54.519, 0, 0, 2, 32607, 16.13, 29, 180
2026/08/19 19:41:59.519, 0, 0, 2, 32607, 15.59, 29, 180
2026/08/19 19:42:04.525, 0, 0, 2, 32607, 15.53, 29, 180
2026/08/19 19:42:12.956, 0, 0, 2, 32607, 14.92, 29, 180
2026/08/19 19:42:17.957, 0, 0, 2, 32607, 15.25, 29, 180
2026/08/19 19:42:22.959, 0, 0, 2, 32607, 15.29, 29, 180
2026/08/19 19:42:27.960, 0, 0, 2, 32607, 14.94, 28, 180
2026/08/19 19:42:32.961, 0, 0, 2, 32607, 15.34, 28, 180
2026/08/19 19:42:37.961, 0, 0, 2, 32607, 15.02, 28, 180
2026/08/19 19:42:42.962, 0, 0, 2, 32607, 15.17, 28, 180
2026/08/19 19:42:47.963, 0, 0, 2, 32607, 15.08, 28, 180
2026/08/19 19:42:52.964, 0, 0, 2, 32607, 14.82, 28, 180
2026/08/19 19:42:57.964, 0, 0, 2, 32607, 15.02, 28, 180
2026/08/19 19:43:02.965, 0, 0, 2, 32607, 14.92, 28, 180
2026/08/19 19:43:07.966, 0, 0, 2, 32607, 15.05, 28, 180
2026/08/19 19:43:12.967, 0, 0, 2, 32607, 14.75, 28, 180
2026/08/19 19:43:17.967, 0, 0, 2, 32607, 14.74, 28, 180
2026/08/19 19:43:22.968, 0, 0, 2, 32607, 14.99, 28, 180
2026/08/19 19:43:27.969, 0, 0, 2, 32607, 14.86, 28, 180
2026/08/19 19:43:32.969, 0, 0, 2, 32607, 15.23, 28, 180
2026/08/19 19:43:37.970, 0, 0, 2, 32607, 15.10, 28, 180
2026/08/19 19:43:42.971, 0, 0, 2, 32607, 14.77, 28, 180
2026/08/19 19:43:47.971, 0, 0, 2, 32607, 14.91, 28, 180
2026/08/19 19:43:52.972, 0, 0, 2, 32607, 14.88, 27, 180
2026/08/19 19:43:57.973, 0, 0, 2, 32607, 15.38, 27, 180
2026/08/19 19:44:02.973, 0, 0, 2, 32607, 14.81, 27, 180
2026/08/19 19:44:07.974, 0, 0, 2, 32607, 15.02, 27, 180
2026/08/19 19:44:12.975, 0, 0, 2, 32607, 15.09, 27, 180
2026/08/19 19:44:17.975, 0, 0, 2, 32607, 14.47, 27, 180
2026/08/19 19:44:22.976, 0, 0, 2, 32607, 14.61, 27, 180
2026/08/19 19:44:27.977, 0, 0, 2, 32607, 14.69, 27, 180
2026/08/19 19:44:32.977, 0, 0, 2, 32607, 14.41, 27, 180
2026/08/19 19:44:37.978, 0, 0, 2, 32607, 14.34, 27, 180
2026/08/19 19:44:42.979, 0, 0, 2, 32607, 14.79, 27, 180
2026/08/19 19:44:47.979, 0, 0, 2, 32607, 14.83, 27, 180
2026/08/19 19:44:52.980, 0, 0, 2, 32607, 14.77, 27, 180
2026/08/19 19:44:57.981, 0, 0, 2, 32607, 15.05, 27, 180
2026/08/19 19:45:02.981, 0, 0, 2, 32607, 15.16, 27, 180
2026/08/19 19:45:07.982, 0, 0, 2, 32607, 15.19, 27, 180
2026/08/19 19:45:12.983, 0, 0, 2, 32607, 15.06, 27, 180
2026/08/19 19:45:17.983, 0, 0, 2, 32607, 15.10, 27, 180
2026/08/19 19:45:22.984, 0, 0, 2, 32607, 15.06, 27, 180
2026/08/19 19:45:27.985, 0, 0, 2, 32607, 15.07, 27, 180
2026/08/19 19:45:32.985, 0, 0, 2, 32607, 15.19, 27, 180
2026/08/19 19:45:37.986, 0, 0, 2, 32607, 14.91, 27, 180
2026/08/19 19:45:42.987, 0, 0, 2, 32607, 14.89, 27, 180
2026/08/19 19:45:47.987, 0, 0, 2, 32607, 14.77, 27, 180
2026/08/19 19:45:52.988, 0, 0, 2, 32607, 15.11, 27, 180
2026/08/19 19:45:57.989, 0, 0, 2, 32607, 14.97, 27, 180
2026/08/19 19:46:02.989, 0, 0, 2, 32607, 14.79, 27, 180
2026/08/19 19:46:07.990, 0, 0, 2, 32607, 14.72, 27, 180
2026/08/19 19:46:12.991, 0, 0, 2, 32607, 14.86, 27, 180
2026/08/19 19:46:17.991, 0, 0, 2, 32607, 14.97, 27, 180
2026/08/19 19:46:22.992, 0, 0, 2, 32607, 15.07, 27, 172
2026/08/19 19:46:27.993, 0, 0, 2, 32607, 15.03, 27, 180
2026/08/19 19:46:32.993, 0, 0, 2, 32607, 15.14, 27, 180
2026/08/19 19:46:37.994, 0, 0, 2, 32607, 15.69, 27, 180
2026/08/19 19:46:42.994, 0, 0, 2, 32607, 15.36, 27, 180
2026/08/19 19:46:47.995, 0, 0, 2, 32607, 15.39, 27, 180
2026/08/19 19:46:52.996, 0, 0, 2, 32607, 15.23, 27, 180
2026/08/19 19:46:57.996, 0, 0, 2, 32607, 15.13, 27, 180
2026/08/19 19:47:02.997, 0, 0, 2, 32607, 14.96, 27, 180
2026/08/19 19:47:07.998, 0, 0, 2, 32607, 14.94, 27, 180
2026/08/19 19:47:12.998, 0, 0, 2, 32607, 14.50, 27, 180
2026/08/19 19:47:17.999, 0, 0, 2, 32607, 14.59, 27, 180
2026/08/19 19:47:23.000, 0, 0, 2, 32607, 14.56, 27, 180
2026/08/19 19:47:28.000, 0, 0, 2, 32607, 14.62, 27, 180
2026/08/19 19:47:33.001, 0, 0, 2, 32607, 14.56, 27, 180
2026/08/19 19:47:38.002, 0, 0, 2, 32607, 14.54, 27, 180
2026/08/19 19:47:43.002, 0, 0, 2, 32607, 14.14, 27, 180
2026/08/19 19:47:48.003, 0, 0, 2, 32607, 14.44, 27, 180
2026/08/19 19:47:53.004, 0, 0, 2, 32607, 14.39, 27, 180
2026/08/19 19:47:58.004, 0, 0, 2, 32607, 14.23, 27, 180
2026/08/19 19:48:03.005, 0, 0, 2, 32607, 14.26, 27, 180
2026/08/19 19:48:08.006, 0, 0, 2, 32607, 14.37, 27, 180
2026/08/19 19:48:13.006, 0, 0, 2, 32607, 14.61, 27, 180
2026/08/19 19:48:18.007, 0, 0, 2, 32607, 14.22, 27, 180
2026/08/19 19:48:23.008, 0, 0, 2, 32607, 14.26, 27, 180
2026/08/19 19:48:28.009, 0, 0, 2, 32607, 13.95, 27, 180
2026/08/19 19:48:33.009, 0, 0, 2, 32607, 14.06, 27, 180
2026/08/19 19:48:38.010, 0, 0, 2, 32607, 14.27, 27, 180
2026/08/19 19:48:43.011, 0, 0, 2, 32607, 14.37, 27, 180
2026/08/19 19:48:48.011, 0, 0, 2, 32607, 14.49, 27, 180
2026/08/19 19:48:53.012, 0, 0, 2, 32607, 14.49, 27, 180
2026/08/19 19:48:58.013, 0, 0, 2, 32607, 14.39, 27, 180
2026/08/19 19:49:03.013, 0, 0, 2, 32607, 14.64, 27, 180
2026/08/19 19:49:08.014, 0, 0, 2, 32607, 14.56, 27, 180
2026/08/19 19:49:13.015, 0, 0, 2, 32607, 14.48, 27, 180
2026/08/19 19:49:18.015, 0, 0, 2, 32607, 14.13, 27, 180
2026/08/19 19:49:23.016, 0, 0, 2, 32607, 14.55, 27, 180
2026/08/19 19:49:28.017, 0, 0, 2, 32607, 14.68, 27, 180
2026/08/19 19:49:33.018, 0, 0, 2, 32607, 14.64, 27, 180
2026/08/19 19:49:38.018, 0, 0, 2, 32607, 14.84, 27, 180
2026/08/19 19:49:43.019, 0, 0, 2, 32607, 14.38, 27, 180
2026/08/19 19:49:48.020, 0, 0, 2, 32607, 14.72, 27, 172
2026/08/19 19:49:53.020, 0, 0, 2, 32607, 14.69, 27, 180
2026/08/19 19:49:58.021, 0, 0, 2, 32607, 14.55, 27, 180
2026/08/19 19:50:03.022, 0, 0, 2, 32607, 14.87, 27, 180
2026/08/19 19:50:08.022, 0, 0, 2, 32607, 14.28, 27, 180
2026/08/19 19:50:13.023, 0, 0, 2, 32607, 14.60, 27, 180
2026/08/19 19:50:18.024, 0, 0, 2, 32607, 14.46, 27, 180
2026/08/19 19:50:23.024, 0, 0, 2, 32607, 14.61, 27, 180
2026/08/19 19:50:28.025, 0, 0, 2, 32607, 14.66, 27, 180
2026/08/19 19:50:33.025, 0, 0, 2, 32607, 15.25, 27, 180
2026/08/19 19:50:38.026, 0, 0, 2, 32607, 14.65, 27, 180
2026/08/19 19:50:43.027, 0, 0, 2, 32607, 14.83, 27, 180
2026/08/19 19:50:48.027, 0, 0, 2, 32607, 15.27, 27, 180
2026/08/19 19:50:53.028, 0, 0, 2, 32607, 14.89, 27, 180
2026/08/19 19:50:58.030, 0, 0, 2, 32607, 14.80, 27, 180
2026/08/19 19:51:03.030, 0, 0, 2, 32607, 15.24, 27, 180
2026/08/19 19:51:08.032, 0, 0, 2, 32607, 14.84, 27, 180
2026/08/19 19:51:13.033, 0, 0, 2, 32607, 14.77, 27, 180
2026/08/19 19:51:18.033, 0, 0, 2, 32607, 15.19, 27, 180
2026/08/19 19:51:23.034, 0, 0, 2, 32607, 15.10, 27, 180
2026/08/19 19:51:28.035, 0, 0, 2, 32607, 15.31, 27, 180
2026/08/19 19:51:33.035, 0, 0, 2, 32607, 14.99, 27, 180
2026/08/19 19:51:38.036, 0, 0, 2, 32607, 15.32, 27, 180
2026/08/19 19:51:43.037, 0, 0, 2, 32607, 15.46, 27, 180
2026/08/19 19:51:48.037, 0, 0, 2, 32607, 15.41, 27, 180
2026/08/19 19:51:53.038, 0, 0, 2, 32607, 15.48, 27, 180
2026/08/19 19:51:58.039, 0, 0, 2, 32607, 15.49, 27, 180
2026/08/19 19:52:03.040, 0, 0, 2, 32607, 15.38, 27, 180
2026/08/19 19:52:08.041, 0, 0, 2, 32607, 14.92, 27, 180
2026/08/19 19:52:13.041, 0, 0, 2, 32607, 15.13, 27, 180
2026/08/19 19:52:18.042, 0, 0, 2, 32607, 14.84, 27, 180
2026/08/19 19:52:23.043, 0, 0, 2, 32607, 15.16, 27, 180
2026/08/19 19:52:28.043, 0, 0, 2, 32607, 15.06, 27, 180
2026/08/19 19:52:33.044, 0, 0, 2, 32607, 14.94, 27, 180
2026/08/19 19:52:38.045, 0, 0, 2, 32607, 14.77, 27, 180
2026/08/19 19:52:43.045, 0, 0, 2, 32607, 14.53, 27, 180
2026/08/19 19:52:48.046, 0, 0, 2, 32607, 14.36, 27, 180
2026/08/19 19:52:53.047, 0, 0, 2, 32607, 14.52, 27, 180
2026/08/19 19:52:58.048, 0, 0, 2, 32607, 14.45, 27, 180
2026/08/19 19:53:03.048, 0, 0, 2, 32607, 14.47, 27, 180
2026/08/19 19:53:08.049, 0, 0, 2, 32607, 15.30, 27, 180
2026/08/19 19:53:13.049, 0, 0, 2, 32607, 14.98, 27, 180
2026/08/19 19:53:18.050, 0, 0, 2, 32607, 14.67, 27, 180
2026/08/19 19:53:23.051, 0, 0, 2, 32607, 14.48, 27, 180
2026/08/19 19:53:28.051, 0, 0, 2, 32607, 14.49, 27, 180
2026/08/19 19:53:33.052, 0, 0, 2, 32607, 14.23, 27, 180
2026/08/19 19:53:38.053, 0, 0, 2, 32607, 14.69, 27, 180
2026/08/19 19:53:43.053, 0, 0, 2, 32607, 14.39, 27, 180
2026/08/19 19:53:48.054, 0, 0, 2, 32607, 14.66, 27, 180
2026/08/19 19:53:53.055, 0, 0, 2, 32607, 14.63, 27, 180
2026/08/19 19:53:58.055, 0, 0, 2, 32607, 14.38, 27, 180
2026/08/19 19:54:03.056, 0, 0, 2, 32607, 14.68, 27, 180
2026/08/19 19:54:08.057, 0, 0, 2, 32607, 15.10, 27, 180
2026/08/19 19:54:13.057, 0, 0, 2, 32607, 14.28, 27, 180
2026/08/19 19:54:18.058, 0, 0, 2, 32607, 14.35, 27, 180
2026/08/19 19:54:23.059, 0, 0, 2, 32607, 14.84, 27, 180
2026/08/19 19:54:28.059, 0, 0, 2, 32607, 14.56, 27, 180
2026/08/19 19:54:33.060, 0, 0, 2, 32607, 14.54, 27, 180
2026/08/19 19:54:38.061, 0, 0, 2, 32607, 14.67, 27, 172
2026/08/19 19:54:43.062, 0, 0, 2, 32607, 14.41, 27, 180
2026/08/19 19:54:48.062, 0, 0, 2, 32607, 14.24, 27, 180
2026/08/19 19:54:53.063, 0, 0, 2, 32607, 14.25, 27, 180
2026/08/19 19:54:58.064, 0, 0, 2, 32607, 14.33, 27, 180
2026/08/19 19:55:03.064, 0, 0, 2, 32607, 14.54, 27, 180
2026/08/19 19:55:08.065, 0, 0, 2, 32607, 14.50, 27, 180
2026/08/19 19:55:13.066, 0, 0, 2, 32607, 14.20, 27, 180
2026/08/19 19:55:18.067, 0, 0, 2, 32607, 14.17, 27, 180
2026/08/19 19:55:23.067, 0, 0, 2, 32607, 14.16, 27, 180
2026/08/19 19:55:28.068, 0, 0, 2, 32607, 14.33, 27, 180
2026/08/19 19:55:33.069, 0, 0, 2, 32607, 13.88, 27, 180
2026/08/19 19:55:38.069, 0, 0, 2, 32607, 14.41, 27, 180
2026/08/19 19:55:43.070, 0, 0, 2, 32607, 14.19, 27, 180
2026/08/19 19:55:48.070, 0, 0, 2, 32607, 14.11, 27, 180
2026/08/19 19:55:53.071, 0, 0, 2, 32607, 14.33, 27, 180
2026/08/19 19:55:58.072, 0, 0, 2, 32607, 14.19, 27, 180
2026/08/19 19:56:03.072, 0, 0, 2, 32607, 14.14, 27, 180
2026/08/19 19:56:08.073, 0, 0, 2, 32607, 14.49, 27, 180
2026/08/19 19:56:13.074, 0, 0, 2, 32607, 14.37, 27, 180
2026/08/19 19:56:18.074, 0, 0, 2, 32607, 14.58, 27, 180
2026/08/19 19:56:23.075, 0, 0, 2, 32607, 14.57, 27, 180
2026/08/19 19:56:28.076, 0, 0, 2, 32607, 14.70, 27, 180
2026/08/19 19:56:33.076, 0, 0, 2, 32607, 14.74, 27, 180
2026/08/19 19:56:38.077, 0, 0, 2, 32607, 14.78, 27, 172
2026/08/19 19:56:43.078, 0, 0, 2, 32607, 14.77, 27, 180
2026/08/19 19:56:48.078, 0, 0, 2, 32607, 14.46, 27, 180
2026/08/19 19:56:53.079, 0, 0, 2, 32607, 14.44, 27, 180
2026/08/19 19:56:58.080, 0, 0, 2, 32607, 14.08, 27, 180
2026/08/19 19:57:03.080, 0, 0, 2, 32607, 14.28, 27, 180
2026/08/19 19:57:08.081, 0, 0, 2, 32607, 14.61, 27, 180
2026/08/19 19:57:13.082, 0, 0, 2, 32607, 14.68, 27, 180
2026/08/19 19:57:18.082, 0, 0, 2, 32607, 14.49, 27, 180
2026/08/19 19:57:23.083, 0, 0, 2, 32607, 14.39, 27, 180
2026/08/19 19:57:28.084, 0, 0, 2, 32607, 14.18, 27, 180
2026/08/19 19:57:33.084, 0, 0, 2, 32607, 14.14, 27, 180
2026/08/19 19:57:38.085, 0, 0, 2, 32607, 13.97, 27, 180
2026/08/19 19:57:43.085, 0, 0, 2, 32607, 14.67, 27, 180
2026/08/19 19:57:48.086, 0, 0, 2, 32607, 14.24, 27, 180
2026/08/19 19:57:53.087, 0, 0, 2, 32607, 14.54, 27, 180
2026/08/19 19:57:58.088, 0, 0, 2, 32607, 14.43, 27, 180
2026/08/19 19:58:03.088, 0, 0, 2, 32607, 14.52, 27, 172
2026/08/19 19:58:08.089, 0, 0, 2, 32607, 14.46, 27, 180
2026/08/19 19:58:13.090, 0, 0, 2, 32607, 14.88, 27, 180
2026/08/19 19:58:18.090, 0, 0, 2, 32607, 14.62, 27, 180
2026/08/19 19:58:23.091, 0, 0, 2, 32607, 14.69, 27, 180
2026/08/19 19:58:28.091, 0, 0, 2, 32607, 14.52, 27, 180
2026/08/19 19:58:33.092, 0, 0, 2, 32607, 14.75, 27, 180
2026/08/19 19:58:38.093, 0, 0, 2, 32607, 14.57, 27, 180
2026/08/19 19:58:43.093, 0, 0, 2, 32607, 14.66, 27, 180
2026/08/19 19:58:48.094, 0, 0, 2, 32607, 14.51, 27, 180
2026/08/19 19:58:53.095, 0, 0, 2, 32607, 14.39, 27, 180
2026/08/19 19:58:58.095, 0, 0, 2, 32607, 14.03, 27, 180
2026/08/19 19:59:03.096, 0, 0, 2, 32607, 14.14, 27, 180
2026/08/19 19:59:08.096, 0, 0, 2, 32607, 14.38, 27, 180
2026/08/19 19:59:13.097, 0, 0, 2, 32607, 14.27, 27, 180
2026/08/19 19:59:18.098, 0, 0, 2, 32607, 14.24, 27, 180
2026/08/19 19:59:23.098, 0, 0, 2, 32607, 14.50, 27, 180
2026/08/19 19:59:28.099, 0, 0, 2, 32607, 14.41, 27, 180
2026/08/19 19:59:33.100, 0, 0, 2, 32607, 14.50, 27, 180
2026/08/19 19:59:38.100, 0, 0, 2, 32607, 14.78, 27, 180
2026/08/19 19:59:43.101, 0, 0, 2, 32607, 14.60, 27, 180
2026/08/19 19:59:48.102, 0, 0, 2, 32607, 14.64, 27, 180
2026/08/19 19:59:53.102, 0, 0, 2, 32607, 14.92, 27, 180
2026/08/19 19:59:58.103, 0, 0, 2, 32607, 14.60, 27, 180
2026/08/19 20:00:03.104, 0, 0, 2, 32607, 14.66, 27, 172
2026/08/19 20:00:08.104, 0, 0, 2, 32607, 14.74, 27, 180
2026/08/19 20:00:13.105, 0, 0, 2, 32607, 14.47, 27, 180
2026/08/19 20:00:18.104, 0, 0, 2, 32607, 14.40, 27, 180
2026/08/19 20:00:23.103, 0, 0, 2, 32607, 14.59, 27, 180
2026/08/19 20:00:28.102, 0, 0, 2, 32607, 14.63, 27, 180
2026/08/19 20:00:33.100, 0, 0, 2, 32607, 14.42, 27, 180
2026/08/19 20:00:38.099, 0, 0, 2, 32607, 15.19, 27, 180
2026/08/19 20:00:43.097, 0, 0, 2, 32607, 15.27, 27, 180
2026/08/19 20:00:48.096, 0, 0, 2, 32607, 15.02, 27, 180
2026/08/19 20:00:53.095, 0, 0, 2, 32607, 14.86, 27, 180
2026/08/19 20:00:58.093, 0, 0, 2, 32607, 14.77, 27, 180
2026/08/19 20:01:03.092, 0, 0, 2, 32607, 15.19, 27, 180
2026/08/19 20:01:08.090, 0, 0, 2, 32607, 15.00, 27, 180
2026/08/19 20:01:13.089, 0, 0, 2, 32607, 14.89, 27, 180
2026/08/19 20:01:18.088, 0, 0, 2, 32607, 15.46, 27, 180
2026/08/19 20:01:23.086, 0, 0, 2, 32607, 15.30, 27, 180
2026/08/19 20:01:28.085, 0, 0, 2, 32607, 15.11, 27, 172
2026/08/19 20:01:33.083, 0, 0, 2, 32607, 14.96, 27, 180
2026/08/19 20:01:38.082, 0, 0, 2, 32607, 15.26, 27, 180
2026/08/19 20:01:43.080, 0, 0, 2, 32607, 14.74, 27, 180
2026/08/19 20:01:48.079, 0, 0, 2, 32607, 14.55, 27, 180
2026/08/19 20:01:53.078, 0, 0, 2, 32607, 14.56, 27, 180
2026/08/19 20:01:58.076, 0, 0, 2, 32607, 14.74, 27, 180
2026/08/19 20:02:03.075, 0, 0, 2, 32607, 14.95, 27, 180
2026/08/19 20:02:08.073, 0, 0, 2, 32607, 14.86, 27, 180
2026/08/19 20:02:13.072, 0, 0, 2, 32607, 14.81, 27, 180
2026/08/19 20:02:18.071, 0, 0, 2, 32607, 14.42, 27, 180
2026/08/19 20:02:23.069, 0, 0, 2, 32607, 14.13, 27, 180
2026/08/19 20:02:28.068, 0, 0, 2, 32607, 14.51, 27, 180
2026/08/19 20:02:33.067, 0, 0, 2, 32607, 14.21, 27, 180
2026/08/19 20:02:38.067, 0, 0, 2, 32607, 13.82, 27, 180
2026/08/19 20:02:43.068, 0, 0, 2, 32607, 14.00, 27, 180
2026/08/19 20:02:48.069, 0, 0, 2, 32607, 14.17, 27, 180
2026/08/19 20:02:53.069, 0, 0, 2, 32607, 14.07, 27, 180
2026/08/19 20:02:58.070, 0, 0, 2, 32607, 14.19, 27, 180
2026/08/19 20:03:03.071, 0, 0, 2, 32607, 14.23, 27, 180
2026/08/19 20:03:08.071, 0, 0, 2, 32607, 14.38, 27, 180
2026/08/19 20:03:13.073, 0, 0, 2, 32607, 14.61, 27, 180
2026/08/19 20:03:18.075, 0, 0, 2, 32607, 14.29, 27, 180
2026/08/19 20:03:23.077, 0, 0, 2, 32607, 13.94, 27, 180
2026/08/19 20:03:28.078, 0, 0, 2, 32607, 14.17, 27, 180
2026/08/19 20:03:33.080, 0, 0, 2, 32607, 14.04, 27, 180
2026/08/19 20:03:38.082, 0, 0, 2, 32607, 14.44, 27, 180
2026/08/19 20:03:43.084, 0, 0, 2, 32607, 14.74, 27, 180
2026/08/19 20:03:48.084, 0, 0, 2, 32607, 14.61, 27, 180
2026/08/19 20:03:53.085, 0, 0, 2, 32607, 14.08, 27, 180
2026/08/19 20:03:58.087, 0, 0, 2, 32607, 14.46, 27, 180
2026/08/19 20:04:03.088, 0, 0, 2, 32607, 13.90, 27, 180
2026/08/19 20:04:08.089, 0, 0, 2, 32607, 14.18, 27, 180
2026/08/19 20:04:13.090, 0, 0, 2, 32607, 14.08, 27, 180
2026/08/19 20:04:18.090, 0, 0, 2, 32607, 14.04, 27, 180
2026/08/19 20:04:23.091, 0, 0, 2, 32607, 14.40, 27, 180
2026/08/19 20:04:28.092, 0, 0, 2, 32607, 14.43, 27, 180
2026/08/19 20:04:33.094, 0, 0, 2, 32607, 14.43, 27, 180
2026/08/19 20:04:38.094, 0, 0, 2, 32607, 14.51, 27, 180
2026/08/19 20:04:43.095, 0, 0, 2, 32607, 14.45, 27, 180
2026/08/19 20:04:48.096, 0, 0, 2, 32607, 14.28, 27, 180
2026/08/19 20:04:53.096, 0, 0, 2, 32607, 14.35, 27, 180
2026/08/19 20:04:58.097, 0, 0, 2, 32607, 14.58, 27, 180
2026/08/19 20:05:03.099, 0, 0, 2, 32607, 14.77, 27, 180
2026/08/19 20:05:08.100, 0, 0, 2, 32607, 15.18, 27, 172
2026/08/19 20:05:13.100, 0, 0, 2, 32607, 14.88, 27, 180
2026/08/19 20:05:18.101, 0, 0, 2, 32607, 14.57, 27, 180
2026/08/19 20:05:23.102, 0, 0, 2, 32607, 14.61, 27, 180
2026/08/19 20:05:28.102, 0, 0, 2, 32607, 14.32, 27, 180
2026/08/19 20:05:33.103, 0, 0, 2, 32607, 14.19, 27, 180
2026/08/19 20:05:38.104, 0, 0, 2, 32607, 14.16, 27, 180
2026/08/19 20:05:43.104, 0, 0, 2, 32607, 14.76, 27, 180
2026/08/19 20:05:48.105, 0, 0, 2, 32607, 14.90, 27, 180
2026/08/19 20:05:53.106, 0, 0, 2, 32607, 14.55, 27, 180
2026/08/19 20:05:58.107, 0, 0, 2, 32607, 14.47, 27, 180
2026/08/19 20:06:03.107, 0, 0, 2, 32607, 14.51, 27, 180
2026/08/19 20:06:08.108, 0, 0, 2, 32607, 14.27, 27, 180
2026/08/19 20:06:13.109, 0, 0, 2, 32607, 14.46, 27, 180
2026/08/19 20:06:18.109, 0, 0, 2, 32607, 14.55, 27, 180
2026/08/19 20:06:23.110, 0, 0, 2, 32607, 14.70, 27, 180
2026/08/19 20:06:28.111, 0, 0, 2, 32607, 14.68, 27, 180
2026/08/19 20:06:33.112, 0, 0, 2, 32607, 14.60, 27, 180
2026/08/19 20:06:38.112, 0, 0, 2, 32607, 14.74, 27, 180
2026/08/19 20:06:43.113, 0, 0, 2, 32607, 14.55, 27, 180
2026/08/19 20:06:48.114, 0, 0, 2, 32607, 14.33, 27, 180
2026/08/19 20:06:53.114, 0, 0, 2, 32607, 14.56, 27, 180
2026/08/19 20:06:58.115, 0, 0, 2, 32607, 14.73, 27, 180
2026/08/19 20:07:03.116, 0, 0, 2, 32607, 14.30, 27, 180
2026/08/19 20:07:08.116, 0, 0, 2, 32607, 14.64, 27, 180
2026/08/19 20:07:13.117, 0, 0, 2, 32607, 14.61, 27, 180
2026/08/19 20:07:18.118, 0, 0, 2, 32607, 14.41, 27, 180
2026/08/19 20:07:23.118, 0, 0, 2, 32607, 14.37, 27, 180
2026/08/19 20:07:28.119, 0, 0, 2, 32607, 14.34, 27, 180
2026/08/19 20:07:33.120, 0, 0, 2, 32607, 14.34, 27, 180
2026/08/19 20:07:38.120, 0, 0, 2, 32607, 14.56, 27, 180
2026/08/19 20:07:43.121, 0, 0, 2, 32607, 14.81, 27, 180
2026/08/19 20:07:48.122, 0, 0, 2, 32607, 14.49, 27, 180
2026/08/19 20:07:53.122, 0, 0, 2, 32607, 14.58, 27, 180
2026/08/19 20:07:58.123, 0, 0, 2, 32607, 14.38, 27, 180
2026/08/19 20:08:03.124, 0, 0, 2, 32607, 14.55, 27, 180
2026/08/19 20:08:08.124, 0, 0, 2, 32607, 14.46, 27, 180
2026/08/19 20:08:13.125, 0, 0, 2, 32607, 14.49, 27, 180
2026/08/19 20:08:18.126, 0, 0, 2, 32607, 14.40, 27, 172
2026/08/19 20:08:23.127, 0, 0, 2, 32607, 14.74, 27, 180
2026/08/19 20:08:28.127, 0, 0, 2, 32607, 14.51, 27, 180
2026/08/19 20:08:33.128, 0, 0, 2, 32607, 14.39, 27, 180
2026/08/19 20:08:38.129, 0, 0, 2, 32607, 14.48, 27, 180
2026/08/19 20:08:43.129, 0, 0, 2, 32607, 14.28, 27, 180
2026/08/19 20:08:48.130, 0, 0, 2, 32607, 14.66, 27, 180
2026/08/19 20:08:53.131, 0, 0, 2, 32607, 14.53, 27, 180
2026/08/19 20:08:58.132, 0, 0, 2, 32607, 14.58, 27, 180
2026/08/19 20:09:03.132, 0, 0, 2, 32607, 14.14, 27, 180
2026/08/19 20:09:08.133, 0, 0, 2, 32607, 14.50, 27, 180
2026/08/19 20:09:13.134, 0, 0, 2, 32607, 13.88, 27, 180
2026/08/19 20:09:18.135, 0, 0, 2, 32607, 14.25, 27, 180
2026/08/19 20:09:23.136, 0, 0, 2, 32607, 14.51, 27, 180
2026/08/19 20:09:28.136, 0, 0, 2, 32607, 14.29, 27, 180
2026/08/19 20:09:33.137, 0, 0, 2, 32607, 14.55, 27, 180
2026/08/19 20:09:38.138, 0, 0, 2, 32607, 14.30, 27, 180
2026/08/19 20:09:43.138, 0, 0, 2, 32607, 14.42, 27, 180
2026/08/19 20:09:48.139, 0, 0, 2, 32607, 14.04, 27, 180
2026/08/19 20:09:53.140, 0, 0, 2, 32607, 13.99, 27, 180
2026/08/19 20:09:58.141, 0, 0, 2, 32607, 14.15, 27, 180
2026/08/19 20:10:03.141, 0, 0, 2, 32607, 14.06, 27, 180
2026/08/19 20:10:08.142, 0, 0, 2, 32607, 14.11, 27, 180
2026/08/19 20:10:13.143, 0, 0, 2, 32607, 14.09, 27, 180
2026/08/19 20:10:18.143, 0, 0, 2, 32607, 14.16, 27, 180
2026/08/19 20:10:23.144, 0, 0, 2, 32607, 14.56, 27, 180
2026/08/19 20:10:28.145, 0, 0, 2, 32607, 14.36, 27, 180
2026/08/19 20:10:33.145, 0, 0, 2, 32607, 14.38, 27, 180
2026/08/19 20:10:38.146, 0, 0, 2, 32607, 14.58, 27, 180
2026/08/19 20:10:43.147, 0, 0, 2, 32607, 14.27, 27, 180
2026/08/19 20:10:48.147, 0, 0, 2, 32607, 14.76, 27, 180
2026/08/19 20:10:53.148, 0, 0, 2, 32607, 15.00, 27, 180
2026/08/19 20:10:58.149, 0, 0, 2, 32607, 15.10, 27, 180
2026/08/19 20:11:03.149, 0, 0, 2, 32607, 14.74, 27, 180
2026/08/19 20:11:08.150, 0, 0, 2, 32607, 14.97, 27, 180
2026/08/19 20:11:13.151, 0, 0, 2, 32607, 14.66, 27, 180
2026/08/19 20:11:18.151, 0, 0, 2, 32607, 15.10, 27, 180
2026/08/19 20:11:23.152, 0, 0, 2, 32607, 14.70, 27, 180
2026/08/19 20:11:28.153, 0, 0, 2, 32607, 14.81, 27, 180
2026/08/19 20:11:33.153, 0, 0, 2, 32607, 14.72, 27, 180
2026/08/19 20:11:38.154, 0, 0, 2, 32607, 14.78, 27, 180
2026/08/19 20:11:43.155, 0, 0, 2, 32607, 14.41, 27, 172
2026/08/19 20:11:48.156, 0, 0, 2, 32607, 14.93, 27, 180
2026/08/19 20:11:53.157, 0, 0, 2, 32607, 14.73, 27, 180
2026/08/19 20:11:58.158, 0, 0, 2, 32607, 14.85, 27, 180
2026/08/19 20:12:03.158, 0, 0, 2, 32607, 14.48, 27, 180
2026/08/19 20:12:08.159, 0, 0, 2, 32607, 14.14, 27, 180
2026/08/19 20:12:13.160, 0, 0, 2, 32607, 14.57, 27, 180
2026/08/19 20:12:18.161, 0, 0, 2, 32607, 14.31, 27, 180
2026/08/19 20:12:23.161, 0, 0, 2, 32607, 14.81, 27, 180
2026/08/19 20:12:28.162, 0, 0, 2, 32607, 14.24, 27, 180
2026/08/19 20:12:33.163, 0, 0, 2, 32607, 13.90, 27, 180
2026/08/19 20:12:38.163, 0, 0, 2, 32607, 13.74, 27, 180
2026/08/19 20:12:43.164, 0, 0, 2, 32607, 13.82, 27, 180
2026/08/19 20:12:48.165, 0, 0, 2, 32607, 13.84, 27, 180
2026/08/19 20:12:53.165, 0, 0, 2, 32607, 13.94, 27, 180
2026/08/19 20:12:58.166, 0, 0, 2, 32607, 14.07, 27, 180
2026/08/19 20:13:03.167, 0, 0, 2, 32607, 14.30, 27, 180
2026/08/19 20:13:08.167, 0, 0, 2, 32607, 14.08, 27, 180
2026/08/19 20:13:13.168, 0, 0, 2, 32607, 14.13, 27, 180
2026/08/19 20:13:18.169, 0, 0, 2, 32607, 14.14, 27, 180
2026/08/19 20:13:23.169, 0, 0, 2, 32607, 14.19, 27, 180
2026/08/19 20:13:28.170, 0, 0, 2, 32607, 14.19, 27, 180
2026/08/19 20:13:33.171, 0, 0, 2, 32607, 13.95, 27, 180
2026/08/19 20:13:38.172, 0, 0, 2, 32607, 13.94, 27, 180
2026/08/19 20:13:43.172, 0, 0, 2, 32607, 13.81, 27, 180
2026/08/19 20:13:48.173, 0, 0, 2, 32607, 13.91, 27, 180
2026/08/19 20:13:53.173, 0, 0, 2, 32607, 14.27, 27, 180
2026/08/19 20:13:58.174, 0, 0, 2, 32607, 13.84, 27, 180
2026/08/19 20:14:03.175, 0, 0, 2, 32607, 14.32, 27, 180
2026/08/19 20:14:08.176, 0, 0, 2, 32607, 14.17, 27, 180
2026/08/19 20:14:13.176, 0, 0, 2, 32607, 14.36, 27, 180
2026/08/19 20:14:18.177, 0, 0, 2, 32607, 14.26, 27, 180
2026/08/19 20:14:23.178, 0, 0, 2, 32607, 14.70, 27, 180
2026/08/19 20:14:28.178, 0, 0, 2, 32607, 14.44, 27, 180
2026/08/19 20:14:33.180, 0, 0, 2, 32607, 14.62, 27, 180
2026/08/19 20:14:38.180, 0, 0, 2, 32607, 14.51, 27, 180
