2026/08/19 16:16:53.508, 0, 0, 2, 32607, 14.04, 27, 180
2026/08/19 16:16:58.522, 0, 0, 4, 32607, 14.35, 28, 180
2026/08/19 16:17:03.523, 36, 2, 1530, 32607, 93.24, 32, 2865
2026/08/19 16:17:08.523, 35, 5, 1936, 32607, 185.40, 35, 2857
2026/08/19 16:17:13.524, 37, 6, 1936, 32607, 170.31, 36, 2857
2026/08/19 16:17:18.524, 43, 7, 1936, 32607, 170.03, 37, 2857
2026/08/19 16:17:23.525, 32, 5, 1936, 32607, 156.26, 39, 2857
2026/08/19 16:17:28.525, 43, 7, 1936, 32607, 170.79, 38, 2857
2026/08/19 16:17:33.526, 48, 7, 1936, 32607, 163.39, 39, 2857
2026/08/19 16:17:38.526, 28, 1, 1936, 32607, 178.39, 39, 2857
2026/08/19 16:17:43.527, 45, 6, 1936, 32607, 176.56, 41, 2857
2026/08/19 16:17:48.527, 28, 5, 1936, 32607, 174.39, 40, 2857
2026/08/19 16:17:53.528, 49, 7, 1936, 32607, 183.73, 42, 2857
2026/08/19 16:17:58.529, 39, 6, 1936, 32607, 178.75, 41, 2857
2026/08/19 16:18:03.529, 36, 5, 1936, 32607, 167.43, 42, 2857
2026/08/19 16:18:08.530, 35, 7, 1936, 32607, 178.37, 42, 2857
2026/08/19 16:18:13.530, 34, 3, 1936, 32607, 170.48, 42, 2857
2026/08/19 16:18:18.531, 34, 6, 1936, 32607, 171.82, 43, 2857
2026/08/19 16:18:23.532, 46, 7, 1936, 32607, 176.81, 44, 2857
2026/08/19 16:18:28.532, 41, 7, 1936, 32607, 176.71, 43, 2857
2026/08/19 16:18:33.533, 38, 7, 1936, 32607, 170.65, 43, 2857
2026/08/19 16:18:38.534, 34, 5, 1936, 32607, 170.20, 43, 2850
2026/08/19 16:18:43.534, 64, 10, 1936, 32607, 170.88, 44, 2857
2026/08/19 16:18:48.535, 35, 7, 1936, 32607, 179.27, 44, 2850
2026/08/19 16:18:53.535, 39, 7, 1936, 32607, 184.07, 44, 2850
2026/08/19 16:18:58.536, 39, 7, 1936, 32607, 180.96, 43, 2850
2026/08/19 16:19:03.537, 37, 5, 1936, 32607, 168.99, 44, 2850
2026/08/19 16:19:08.537, 46, 8, 1936, 32607, 173.96, 45, 2850
2026/08/19 16:19:13.538, 47, 7, 1936, 32607, 184.76, 44, 2850
2026/08/19 16:19:18.539, 36, 5, 1936, 32607, 191.91, 44, 2850
2026/08/19 16:19:23.539, 37, 2, 1936, 32607, 171.41, 44, 2850
2026/08/19 16:19:28.540, 55, 9, 1936, 32607, 176.07, 44, 2850
2026/08/19 16:19:33.541, 42, 6, 1936, 32607, 176.85, 44, 2850
2026/08/19 16:19:38.541, 33, 5, 1936, 32607, 172.68, 45, 2850
2026/08/19 16:19:43.542, 55, 7, 1936, 32607, 167.91, 45, 2850
2026/08/19 16:19:48.542, 31, 5, 1936, 32607, 183.84, 45, 2850
2026/08/19 16:19:53.543, 27, 5, 1936, 32607, 153.96, 44, 2857
2026/08/19 16:19:58.544, 46, 6, 1936, 32607, 167.28, 44, 2850
2026/08/19 16:20:03.544, 42, 6, 1936, 32607, 178.31, 44, 2850
2026/08/19 16:20:08.545, 31, 5, 1936, 32607, 160.65, 44, 2850
2026/08/19 16:20:13.545, 50, 8, 1936, 32607, 156.80, 45, 2850
2026/08/19 16:20:18.546, 31, 5, 1936, 32607, 174.63, 44, 2850
2026/08/19 16:20:23.547, 32, 5, 1936, 32607, 161.95, 44, 2850
2026/08/19 16:20:28.547, 29, 4, 1936, 32607, 168.71, 44, 2850
2026/08/19 16:20:33.548, 33, 5, 1936, 32607, 168.64, 44, 2850
2026/08/19 16:20:38.548, 48, 9, 1936, 32607, 161.35, 45, 2850
2026/08/19 16:20:43.549, 34, 6, 1936, 32607, 154.84, 44, 2850
2026/08/19 16:20:48.549, 29, 5, 1936, 32607, 161.39, 44, 2850
2026/08/19 16:20:53.550, 43, 8, 1936, 32607, 168.90, 45, 2850
2026/08/19 16:20:58.550, 40, 6, 1936, 32607, 162.51, 45, 2850
2026/08/19 16:21:03.551, 38, 6, 1936, 32607, 165.80, 45, 2850
2026/08/19 16:21:08.552, 40, 7, 1936, 32607, 160.77, 44, 2850
2026/08/19 16:21:13.554, 39, 6, 1936, 32607, 166.10, 45, 2850
2026/08/19 16:21:18.555, 37, 6, 1936, 32607, 166.01, 44, 2850
2026/08/19 16:21:23.556, 48, 6, 1936, 32607, 152.10, 44, 2850
2026/08/19 16:21:28.556, 26, 4, 1936, 32607, 162.75, 44, 2857
2026/08/19 16:21:33.557, 39, 6, 1936, 32607, 164.43, 45, 2850
2026/08/19 16:21:38.558, 39, 6, 1936, 32607, 162.15, 44, 2850
2026/08/19 16:21:43.558, 38, 6, 1936, 32607, 163.04, 44, 2850
2026/08/19 16:21:48.559, 35, 6, 1936, 32607, 160.95, 45, 2850
2026/08/19 16:21:53.559, 35, 6, 1936, 32607, 160.36, 44, 2850
2026/08/19 16:21:58.560, 40, 6, 1936, 32607, 165.39, 44, 2850
2026/08/19 16:22:03.560, 35, 6, 1936, 32607, 162.68, 44, 2850
2026/08/19 16:22:08.561, 35, 6, 1936, 32607, 162.61, 44, 2850
2026/08/19 16:22:13.562, 48, 8, 1936, 32607, 184.26, 45, 2850
2026/08/19 16:22:18.562, 25, 4, 1936, 32607, 156.47, 44, 2850
2026/08/19 16:22:23.563, 38, 6, 1936, 32607, 176.37, 45, 2850
2026/08/19 16:22:28.564, 43, 7, 1936, 32607, 176.05, 45, 2850
2026/08/19 16:22:33.564, 27, 4, 1936, 32607, 167.56, 45, 2850
2026/08/19 16:22:38.565, 31, 5, 1936, 32607, 160.35, 44, 2850
2026/08/19 16:22:43.565, 30, 5, 1936, 32607, 172.41, 44, 2850
2026/08/19 16:22:48.566, 39, 7, 1936, 32607, 165.17, 44, 2850
2026/08/19 16:22:53.567, 34, 6, 1936, 32607, 162.45, 45, 2850
2026/08/19 16:22:58.567, 29, 4, 1936, 32607, 158.72, 45, 2850
2026/08/19 16:23:03.568, 43, 7, 1936, 32607, 173.00, 45, 2850
2026/08/19 16:23:08.568, 49, 6, 1936, 32607, 174.87, 44, 2850
2026/08/19 16:23:13.569, 33, 5, 1936, 32607, 162.52, 44, 2850
2026/08/19 16:23:18.570, 25, 0, 1936, 32607, 145.67, 43, 2857
2026/08/19 16:23:23.570, 37, 6, 1936, 32607, 166.17, 44, 2850
2026/08/19 16:23:28.571, 27, 4, 1936, 32607, 165.54, 46, 2850
2026/08/19 16:23:33.571, 38, 7, 1936, 32607, 164.46, 44, 2850
2026/08/19 16:23:38.572, 44, 7, 1936, 32607, 164.49, 45, 2850
2026/08/19 16:23:43.572, 26, 4, 1936, 32607, 157.68, 44, 2850
2026/08/19 16:23:48.573, 40, 7, 1936, 32607, 177.10, 45, 2850
2026/08/19 16:23:53.574, 49, 8, 1936, 32607, 169.65, 46, 2850
2026/08/19 16:23:58.574, 34, 6, 1936, 32607, 127.53, 44, 2752
2026/08/19 16:24:03.575, 40, 5, 1936, 32607, 174.60, 45, 2850
2026/08/19 16:24:08.575, 40, 7, 1936, 32607, 172.34, 45, 2850
2026/08/19 16:24:13.576, 39, 7, 1936, 32607, 178.44, 45, 2850
2026/08/19 16:24:18.577, 51, 8, 1936, 32607, 181.07, 46, 2850
2026/08/19 16:24:23.577, 44, 7, 1936, 32607, 170.55, 45, 2850
2026/08/19 16:24:28.578, 43, 7, 1936, 32607, 175.59, 47, 2850
2026/08/19 16:24:33.579, 40, 7, 1936, 32607, 130.62, 45, 2857
2026/08/19 16:24:38.579, 45, 6, 1936, 32607, 183.30, 46, 2850
2026/08/19 16:24:43.580, 29, 5, 1936, 32607, 182.80, 46, 2850
2026/08/19 16:24:48.580, 41, 7, 1936, 32607, 162.54, 45, 2850
2026/08/19 16:24:53.581, 46, 8, 1936, 32607, 187.93, 46, 2850
2026/08/19 16:24:58.582, 36, 5, 1936, 32607, 186.88, 45, 2850
2026/08/19 16:25:03.583, 52, 8, 1936, 32607, 187.36, 46, 2850
2026/08/19 16:25:08.583, 46, 8, 1936, 32607, 154.25, 46, 2850
2026/08/19 16:25:13.584, 37, 6, 1936, 32607, 181.30, 46, 2850
2026/08/19 16:25:18.585, 40, 5, 1936, 32607, 173.46, 45, 2850
2026/08/19 16:25:23.585, 46, 6, 1936, 32607, 181.77, 46, 2850
2026/08/19 16:25:28.586, 39, 7, 1936, 32607, 175.09, 47, 2850
2026/08/19 16:25:33.587, 46, 8, 1936, 32607, 191.92, 45, 2842
2026/08/19 16:25:38.587, 40, 6, 1936, 32607, 191.11, 46, 2850
2026/08/19 16:25:43.588, 52, 8, 1936, 32607, 160.68, 45, 2850
2026/08/19 16:25:48.589, 35, 6, 1936, 32607, 183.56, 45, 2850
2026/08/19 16:25:53.589, 45, 7, 1936, 32607, 183.05, 47, 2850
2026/08/19 16:25:58.590, 49, 8, 1936, 32607, 175.14, 46, 2850
2026/08/19 16:26:03.591, 30, 5, 1936, 32607, 179.43, 47, 2850
2026/08/19 16:26:08.591, 41, 6, 1936, 32607, 169.27, 45, 2850
2026/08/19 16:26:13.592, 45, 7, 1936, 32607, 177.17, 47, 2850
2026/08/19 16:26:18.593, 59, 9, 1936, 32607, 177.68, 46, 2850
2026/08/19 16:26:23.593, 43, 8, 1936, 32607, 175.29, 46, 2850
2026/08/19 16:26:28.594, 40, 7, 1936, 32607, 176.43, 45, 2850
2026/08/19 16:26:33.595, 44, 7, 1936, 32607, 186.03, 46, 2850
2026/08/19 16:26:38.596, 45, 7, 1936, 32607, 174.95, 45, 2850
2026/08/19 16:26:43.596, 44, 7, 1936, 32607, 184.38, 46, 2850
2026/08/19 16:26:48.597, 42, 7, 1936, 32607, 180.94, 46, 2850
2026/08/19 16:26:53.597, 0, 0, 4, 32607, 48.98, 40, 877
2026/08/19 16:26:58.598, 2, 0, 1530, 32607, 82.42, 41, 2565
2026/08/19 16:27:03.599, 42, 7, 1936, 32607, 195.69, 44, 2850
2026/08/19 16:27:08.599, 43, 7, 1936, 32607, 171.71, 44, 2850
2026/08/19 16:27:13.600, 32, 5, 1936, 32607, 187.08, 46, 2850
2026/08/19 16:27:18.601, 33, 6, 1936, 32607, 169.60, 44, 2850
2026/08/19 16:27:23.601, 38, 6, 1936, 32607, 164.62, 44, 2850
2026/08/19 16:27:28.602, 39, 6, 1936, 32607, 186.84, 45, 2850
2026/08/19 16:27:33.602, 27, 0, 1936, 32607, 131.77, 44, 2857
2026/08/19 16:27:38.603, 42, 7, 1936, 32607, 179.86, 45, 2850
2026/08/19 16:27:43.604, 31, 5, 1936, 32607, 176.22, 45, 2850
2026/08/19 16:27:48.604, 41, 6, 1936, 32607, 181.78, 45, 2850
2026/08/19 16:27:53.605, 39, 6, 1936, 32607, 177.54, 45, 2850
2026/08/19 16:27:58.605, 26, 4, 1936, 32607, 170.61, 45, 2850
2026/08/19 16:28:03.606, 36, 7, 1936, 32607, 172.01, 46, 2850
2026/08/19 16:28:08.607, 21, 0, 1936, 32607, 123.45, 43, 2857
2026/08/19 16:28:13.607, 35, 6, 1936, 32607, 181.11, 46, 2850
2026/08/19 16:28:18.608, 38, 7, 1936, 32607, 171.51, 45, 2850
2026/08/19 16:28:23.609, 37, 5, 1936, 32607, 186.34, 45, 2850
2026/08/19 16:28:28.609, 32, 5, 1936, 32607, 175.30, 45, 2850
2026/08/19 16:28:33.610, 47, 7, 1936, 32607, 167.85, 45, 2850
2026/08/19 16:28:38.610, 35, 7, 1936, 32607, 171.42, 45, 2850
2026/08/19 16:28:43.611, 27, 0, 1936, 32607, 162.40, 44, 2857
2026/08/19 16:28:48.611, 44, 8, 1936, 32607, 148.43, 45, 2850
2026/08/19 16:28:53.612, 47, 8, 2455, 32607, 174.48, 47, 2850
2026/08/19 16:28:58.613, 95, 16, 3867, 32607, 254.68, 49, 2842
2026/08/19 16:29:03.613, 95, 18, 3867, 32607, 263.55, 50, 2842
2026/08/19 16:29:08.614, 97, 19, 3867, 32607, 256.91, 50, 2842
2026/08/19 16:29:13.615, 93, 16, 3867, 32607, 253.40, 51, 2842
2026/08/19 16:29:18.615, 94, 17, 3867, 32607, 254.71, 52, 2842
2026/08/19 16:29:23.616, 95, 18, 3867, 32607, 253.62, 51, 2842
2026/08/19 16:29:28.617, 95, 17, 3867, 32607, 257.04, 50, 2842
2026/08/19 16:29:33.617, 93, 17, 3867, 32607, 255.51, 51, 2842
2026/08/19 16:29:38.618, 97, 18, 3867, 32607, 261.07, 51, 2842
2026/08/19 16:29:43.618, 95, 17, 3867, 32607, 251.40, 50, 2842
2026/08/19 16:29:48.619, 94, 16, 3867, 32607, 275.10, 52, 2842
2026/08/19 16:29:53.620, 89, 16, 3867, 32607, 261.39, 51, 2842
2026/08/19 16:29:58.620, 94, 11, 3867, 32607, 249.57, 51, 2842
2026/08/19 16:30:03.621, 94, 16, 3867, 32607, 265.98, 52, 2835
2026/08/19 16:30:08.622, 91, 17, 3867, 32607, 255.91, 51, 2842
2026/08/19 16:30:13.622, 59, 10, 3867, 32607, 209.79, 49, 2850
2026/08/19 16:30:18.623, 91, 16, 3867, 32607, 259.61, 51, 2842
2026/08/19 16:30:23.623, 92, 16, 3867, 32607, 265.28, 52, 2835
2026/08/19 16:30:28.624, 93, 16, 3867, 32607, 266.60, 53, 2827
2026/08/19 16:30:33.625, 93, 15, 3867, 32607, 262.49, 54, 2842
2026/08/19 16:30:38.625, 94, 16, 3867, 32607, 257.49, 53, 2827
2026/08/19 16:30:43.626, 92, 14, 3867, 32607, 256.64, 52, 2842
2026/08/19 16:30:48.627, 94, 17, 3867, 32607, 245.39, 53, 2842
2026/08/19 16:30:53.627, 94, 17, 3867, 32607, 266.69, 53, 2827
2026/08/19 16:30:58.628, 94, 16, 3867, 32607, 262.18, 53, 2827
2026/08/19 16:31:03.629, 93, 17, 3867, 32607, 267.05, 53, 2827
2026/08/19 16:31:08.629, 91, 16, 3867, 32607, 253.77, 52, 2835
2026/08/19 16:31:13.630, 95, 16, 3867, 32607, 261.93, 53, 2835
2026/08/19 16:31:18.630, 94, 16, 3867, 32607, 263.46, 54, 2827
2026/08/19 16:31:23.631, 95, 17, 3867, 32607, 263.41, 54, 2827
2026/08/19 16:31:28.631, 96, 12, 3867, 32607, 262.64, 52, 2827
2026/08/19 16:31:33.632, 93, 16, 3867, 32607, 253.67, 53, 2835
2026/08/19 16:31:38.633, 99, 18, 3867, 32607, 259.53, 54, 2827
2026/08/19 16:31:43.633, 94, 17, 3867, 32607, 261.31, 54, 2835
2026/08/19 16:31:48.634, 93, 19, 3867, 32607, 254.34, 53, 2827
2026/08/19 16:31:53.635, 92, 16, 3867, 32607, 251.60, 52, 2827
2026/08/19 16:31:58.636, 94, 16, 3867, 32607, 270.51, 53, 2835
2026/08/19 16:32:03.636, 97, 17, 3867, 32607, 266.38, 54, 2827
2026/08/19 16:32:08.637, 95, 17, 3867, 32607, 241.48, 53, 2842
2026/08/19 16:32:13.637, 92, 16, 3867, 32607, 269.29, 53, 2835
2026/08/19 16:32:18.638, 91, 15, 3867, 32607, 260.59, 54, 2835
2026/08/19 16:32:23.638, 95, 17, 3867, 32607, 253.91, 53, 2827
2026/08/19 16:32:28.639, 91, 15, 3867, 32607, 243.77, 53, 2827
2026/08/19 16:32:33.640, 94, 16, 3867, 32607, 265.91, 53, 2827
2026/08/19 16:32:38.641, 94, 16, 3867, 32607, 267.64, 54, 2835
2026/08/19 16:32:43.641, 94, 15, 3867, 32607, 256.99, 54, 2827
2026/08/19 16:32:48.642, 98, 17, 3867, 32607, 260.86, 54, 2835
2026/08/19 16:32:53.643, 97, 18, 3867, 32607, 268.01, 54, 2827
2026/08/19 16:32:58.643, 95, 17, 3867, 32607, 268.67, 54, 2827
2026/08/19 16:33:03.644, 94, 18, 3867, 32607, 257.23, 53, 2827
2026/08/19 16:33:08.644, 96, 13, 3867, 32607, 243.16, 52, 2842
2026/08/19 16:33:13.645, 98, 18, 3867, 32607, 272.69, 55, 2827
2026/08/19 16:33:18.646, 95, 17, 3867, 32607, 261.24, 55, 2827
2026/08/19 16:33:23.646, 91, 11, 3867, 32607, 260.26, 53, 2835
2026/08/19 16:33:28.647, 87, 14, 3867, 32607, 258.23, 53, 2827
2026/08/19 16:33:33.647, 95, 16, 3867, 32607, 256.48, 53, 2835
2026/08/19 16:33:38.648, 94, 18, 3867, 32607, 263.64, 54, 2827
2026/08/19 16:33:43.648, 89, 14, 3867, 32607, 257.70, 54, 2827
2026/08/19 16:33:48.649, 92, 16, 3867, 32607, 257.02, 53, 2827
2026/08/19 16:33:53.649, 95, 17, 3867, 32607, 259.08, 54, 2827
2026/08/19 16:33:58.650, 97, 17, 3867, 32607, 265.68, 54, 2827
2026/08/19 16:34:03.651, 95, 18, 3867, 32607, 223.45, 53, 2842
2026/08/19 16:34:08.651, 96, 17, 3867, 32607, 270.75, 53, 2827
2026/08/19 16:34:13.652, 95, 17, 3867, 32607, 255.32, 54, 2835
2026/08/19 16:34:18.653, 93, 16, 3867, 32607, 256.10, 53, 2827
2026/08/19 16:34:23.653, 97, 17, 3867, 32607, 263.96, 54, 2827
2026/08/19 16:34:28.654, 90, 16, 3867, 32607, 267.68, 53, 2827
2026/08/19 16:34:33.655, 89, 15, 3867, 32607, 263.23, 53, 2827
2026/08/19 16:34:38.655, 93, 16, 3867, 32607, 261.03, 53, 2827
2026/08/19 16:34:43.656, 93, 16, 3867, 32607, 251.90, 53, 2827
2026/08/19 16:34:48.656, 90, 15, 3867, 32607, 271.95, 53, 2827
2026/08/19 16:34:53.657, 97, 17, 3867, 32607, 267.46, 55, 2827
2026/08/19 16:34:58.657, 94, 16, 3867, 32607, 266.12, 54, 2835
2026/08/19 16:35:03.658, 94, 11, 3867, 32607, 220.53, 52, 2850
2026/08/19 16:35:08.658, 87, 13, 3867, 32607, 244.39, 52, 2827
2026/08/19 16:35:13.659, 92, 16, 3867, 32607, 254.86, 53, 2827
2026/08/19 16:35:18.660, 92, 15, 3867, 32607, 260.15, 53, 2827
2026/08/19 16:35:23.660, 93, 16, 3867, 32607, 262.21, 53, 2827
2026/08/19 16:35:28.661, 94, 17, 3867, 32607, 256.32, 53, 2827
2026/08/19 16:35:33.661, 91, 15, 3867, 32607, 261.40, 53, 2827
2026/08/19 16:35:38.662, 94, 17, 3867, 32607, 270.87, 54, 2827
2026/08/19 16:35:43.662, 94, 17, 3867, 32607, 255.28, 54, 2827
2026/08/19 16:35:48.663, 93, 16, 3867, 32607, 275.07, 53, 2827
2026/08/19 16:35:53.664, 96, 17, 3867, 32607, 267.39, 54, 2827
2026/08/19 16:35:58.664, 92, 10, 3867, 32607, 235.31, 53, 2842
2026/08/19 16:36:03.665, 92, 15, 3867, 32607, 258.72, 53, 2827
2026/08/19 16:36:08.666, 90, 16, 3867, 32607, 265.76, 54, 2827
2026/08/19 16:36:13.666, 91, 16, 3867, 32607, 259.58, 54, 2827
2026/08/19 16:36:18.667, 93, 11, 3867, 32607, 258.78, 53, 2827
2026/08/19 16:36:23.667, 97, 17, 3867, 32607, 267.02, 55, 2827
2026/08/19 16:36:28.668, 93, 16, 3867, 32607, 265.35, 53, 2827
2026/08/19 16:36:33.668, 95, 16, 3867, 32607, 262.52, 54, 2827
2026/08/19 16:36:38.669, 92, 16, 3867, 32607, 265.71, 54, 2827
2026/08/19 16:36:43.670, 96, 17, 3867, 32607, 252.54, 55, 2827
2026/08/19 16:36:48.670, 96, 17, 3867, 32607, 267.76, 55, 2827
2026/08/19 16:36:53.671, 95, 16, 3867, 32607, 261.84, 54, 2827
2026/08/19 16:36:58.671, 48, 8, 1936, 32607, 193.78, 52, 2850
2026/08/19 16:37:03.672, 50, 9, 1936, 32607, 185.04, 50, 2850
2026/08/19 16:37:08.673, 42, 7, 1936, 32607, 194.09, 50, 2850
2026/08/19 16:37:13.674, 54, 10, 1936, 32607, 179.31, 50, 2850
2026/08/19 16:37:18.675, 45, 7, 1936, 32607, 171.00, 49, 2850
2026/08/19 16:37:23.675, 31, 5, 1936, 32607, 182.05, 49, 2850
2026/08/19 16:37:28.676, 38, 6, 1936, 32607, 179.01, 48, 2850
2026/08/19 16:37:33.676, 32, 5, 1936, 32607, 175.50, 48, 2850
2026/08/19 16:37:38.677, 41, 7, 1936, 32607, 187.31, 48, 2850
2026/08/19 16:37:43.678, 40, 7, 1936, 32607, 190.34, 49, 2850
2026/08/19 16:37:48.678, 51, 10, 1936, 32607, 183.97, 48, 2850
2026/08/19 16:37:53.679, 42, 6, 1936, 32607, 185.07, 48, 2850
2026/08/19 16:37:58.679, 37, 6, 1936, 32607, 184.61, 48, 2850
2026/08/19 16:38:03.680, 43, 7, 1936, 32607, 185.53, 49, 2850
2026/08/19 16:38:08.681, 39, 6, 1936, 32607, 176.01, 46, 2850
2026/08/19 16:38:13.681, 42, 7, 1936, 32607, 183.87, 47, 2850
2026/08/19 16:38:18.682, 26, 0, 1936, 32607, 172.39, 46, 2850
2026/08/19 16:38:23.682, 53, 8, 1936, 32607, 192.06, 47, 2850
2026/08/19 16:38:28.683, 39, 6, 1936, 32607, 188.36, 46, 2850
2026/08/19 16:38:33.684, 42, 7, 1936, 32607, 180.09, 47, 2850
2026/08/19 16:38:38.684, 42, 8, 1936, 32607, 181.21, 47, 2850
2026/08/19 16:38:43.685, 38, 5, 1936, 32607, 179.88, 47, 2850
2026/08/19 16:38:48.685, 49, 7, 1936, 32607, 181.65, 48, 2850
2026/08/19 16:38:53.686, 26, 0, 1936, 32607, 129.46, 45, 2857
2026/08/19 16:38:58.687, 0, 0, 2, 32607, 31.44, 40, 405
2026/08/19 16:39:03.687, 0, 0, 2, 32607, 15.99, 38, 180
2026/08/19 16:39:08.688, 0, 0, 2, 32607, 16.18, 37, 180
2026/08/19 16:39:13.689, 0, 0, 2, 32607, 15.77, 36, 180
2026/08/19 16:39:18.689, 0, 0, 2, 32607, 15.40, 36, 180
2026/08/19 16:39:23.690, 0, 0, 2, 32607, 15.24, 35, 180
2026/08/19 16:39:28.690, 0, 0, 2, 32607, 15.26, 34, 180
2026/08/19 16:39:33.691, 0, 0, 2, 32607, 15.02, 34, 180
2026/08/19 16:39:38.691, 0, 0, 2, 32607, 14.10, 33, 180
2026/08/19 16:39:43.692, 0, 0, 2, 32607, 14.54, 33, 180
2026/08/19 16:39:48.693, 0, 0, 2, 32607, 14.06, 32, 180
2026/08/19 16:39:53.693, 0, 0, 2, 32607, 13.89, 32, 180
2026/08/19 16:39:58.694, 0, 0, 2, 32607, 14.32, 31, 180
2026/08/19 16:40:03.695, 0, 0, 2, 32607, 14.21, 31, 180
2026/08/19 16:40:08.695, 0, 0, 2, 32607, 14.29, 31, 180
2026/08/19 16:40:13.696, 0, 0, 2, 32607, 14.53, 31, 180
2026/08/19 16:40:18.696, 0, 0, 2, 32607, 14.23, 30, 180
2026/08/19 16:40:23.697, 0, 0, 2, 32607, 14.16, 30, 180
2026/08/19 16:40:28.697, 0, 0, 2, 32607, 14.03, 30, 180
2026/08/19 16:40:33.698, 0, 0, 2, 32607, 14.20, 30, 180
2026/08/19 16:40:38.699, 0, 0, 2, 32607, 13.88, 30, 180
2026/08/19 16:40:43.699, 0, 0, 2, 32607, 14.23, 29, 180
2026/08/19 16:40:48.700, 0, 0, 2, 32607, 13.74, 29, 180
2026/08/19 16:40:53.701, 0, 0, 2, 32607, 13.94, 29, 180
2026/08/19 16:40:58.701, 0, 0, 2, 32607, 14.74, 29, 180
2026/08/19 16:41:03.702, 0, 0, 2, 32607, 14.74, 29, 180
2026/08/19 16:41:08.703, 0, 0, 2, 32607, 14.43, 29, 180
2026/08/19 16:41:13.703, 0, 0, 2, 32607, 14.21, 29, 180
2026/08/19 16:41:18.704, 0, 0, 2, 32607, 14.57, 29, 180
2026/08/19 16:41:23.705, 0, 0, 2, 32607, 14.59, 28, 180
2026/08/19 16:41:28.705, 0, 0, 2, 32607, 14.41, 28, 180
2026/08/19 16:41:33.706, 0, 0, 2, 32607, 14.46, 28, 180
2026/08/19 16:41:38.707, 0, 0, 2, 32607, 14.30, 28, 180
2026/08/19 16:41:43.707, 0, 0, 2, 32607, 14.17, 28, 180
2026/08/19 16:41:48.708, 0, 0, 2, 32607, 13.90, 28, 180
2026/08/19 16:41:53.709, 0, 0, 2, 32607, 14.03, 28, 180
2026/08/19 16:41:58.709, 0, 0, 2, 32607, 14.22, 28, 180
2026/08/19 16:42:03.710, 0, 0, 2, 32607, 14.26, 28, 180
2026/08/19 16:42:08.711, 0, 0, 2, 32607, 14.36, 28, 180
2026/08/19 16:42:13.711, 0, 0, 2, 32607, 14.42, 28, 180
2026/08/19 16:42:18.712, 0, 0, 2, 32607, 14.38, 28, 180
2026/08/19 16:42:23.713, 0, 0, 2, 32607, 14.03, 28, 180
2026/08/19 16:42:28.714, 0, 0, 2, 32607, 14.34, 28, 180
2026/08/19 16:42:33.714, 0, 0, 2, 32607, 14.27, 28, 172
2026/08/19 16:42:38.715, 0, 0, 2, 32607, 14.09, 28, 180
2026/08/19 16:42:43.715, 0, 0, 2, 32607, 14.06, 28, 180
2026/08/19 16:42:48.716, 0, 0, 2, 32607, 14.01, 28, 180
2026/08/19 16:42:53.717, 0, 0, 2, 32607, 13.96, 28, 180
2026/08/19 16:42:58.717, 0, 0, 2, 32607, 14.28, 28, 180
2026/08/19 16:43:03.718, 0, 0, 2, 32607, 14.18, 28, 180
2026/08/19 16:43:08.719, 0, 0, 2, 32607, 14.64, 28, 180
2026/08/19 16:43:13.719, 0, 0, 2, 32607, 14.16, 28, 180
2026/08/19 16:43:18.720, 0, 0, 2, 32607, 14.65, 28, 180
2026/08/19 16:43:23.721, 0, 0, 2, 32607, 14.24, 28, 180
2026/08/19 16:43:28.721, 0, 0, 2, 32607, 14.15, 28, 180
2026/08/19 16:43:33.722, 0, 0, 2, 32607, 14.45, 28, 180
2026/08/19 16:43:38.723, 0, 0, 2, 32607, 13.99, 28, 180
2026/08/19 16:43:43.723, 0, 0, 2, 32607, 14.19, 28, 180
2026/08/19 16:43:48.724, 0, 0, 2, 32607, 14.43, 28, 180
2026/08/19 16:43:53.725, 0, 0, 2, 32607, 14.30, 28, 180
2026/08/19 16:43:58.725, 0, 0, 2, 32607, 14.11, 27, 180
2026/08/19 16:44:03.726, 0, 0, 2, 32607, 14.30, 27, 180
2026/08/19 16:44:08.726, 0, 0, 2, 32607, 14.32, 27, 180
2026/08/19 16:44:13.727, 0, 0, 2, 32607, 13.98, 27, 180
2026/08/19 16:44:18.728, 0, 0, 2, 32607, 14.01, 27, 180
2026/08/19 16:44:23.728, 0, 0, 2, 32607, 14.20, 27, 180
2026/08/19 16:44:28.729, 0, 0, 2, 32607, 14.09, 27, 180
2026/08/19 16:44:33.729, 0, 0, 2, 32607, 14.13, 27, 180
2026/08/19 16:44:38.730, 0, 0, 2, 32607, 14.02, 27, 180
2026/08/19 16:44:43.731, 0, 0, 2, 32607, 13.93, 27, 180
2026/08/19 16:44:48.731, 0, 0, 2, 32607, 13.89, 27, 180
2026/08/19 16:44:53.732, 0, 0, 2, 32607, 13.77, 27, 180
2026/08/19 16:44:58.732, 0, 0, 2, 32607, 13.70, 27, 180
2026/08/19 16:45:03.733, 0, 0, 2, 32607, 13.77, 27, 180
2026/08/19 16:45:08.734, 0, 0, 2, 32607, 14.03, 27, 180
2026/08/19 16:45:13.734, 0, 0, 2, 32607, 14.15, 27, 180
2026/08/19 16:45:18.735, 0, 0, 2, 32607, 14.01, 27, 180
2026/08/19 16:45:23.735, 0, 0, 2, 32607, 14.16, 27, 180
2026/08/19 16:45:28.736, 0, 0, 2, 32607, 14.10, 27, 180
2026/08/19 16:45:33.737, 0, 0, 2, 32607, 14.23, 27, 180
2026/08/19 16:45:38.737, 0, 0, 2, 32607, 14.02, 27, 180
2026/08/19 16:45:43.738, 0, 0, 2, 32607, 13.72, 27, 180
2026/08/19 16:45:48.739, 0, 0, 2, 32607, 14.03, 27, 180
2026/08/19 16:45:53.739, 0, 0, 2, 32607, 13.96, 27, 180
2026/08/19 16:45:58.740, 0, 0, 2, 32607, 14.02, 27, 172
2026/08/19 16:46:03.740, 0, 0, 2, 32607, 13.81, 27, 180
2026/08/19 16:46:08.741, 0, 0, 2, 32607, 14.04, 27, 180
2026/08/19 16:46:13.742, 0, 0, 2, 32607, 14.21, 27, 180
2026/08/19 16:46:18.742, 0, 0, 2, 32607, 13.96, 27, 180
2026/08/19 16:46:23.743, 0, 0, 2, 32607, 14.34, 27, 180
2026/08/19 16:46:28.743, 0, 0, 2, 32607, 14.72, 27, 180
2026/08/19 16:46:33.744, 0, 0, 2, 32607, 14.38, 27, 180
2026/08/19 16:46:38.745, 0, 0, 2, 32607, 14.38, 27, 180
2026/08/19 16:46:43.745, 0, 0, 2, 32607, 14.25, 27, 180
2026/08/19 16:46:48.746, 0, 0, 2, 32607, 14.23, 27, 180
2026/08/19 16:46:53.746, 0, 0, 2, 32607, 14.27, 27, 180
2026/08/19 16:46:58.747, 0, 0, 2, 32607, 14.43, 27, 180
2026/08/19 16:47:03.748, 0, 0, 2, 32607, 14.40, 27, 180
2026/08/19 16:47:08.748, 0, 0, 2, 32607, 14.33, 27, 180
2026/08/19 16:47:13.749, 0, 0, 2, 32607, 14.30, 27, 180
2026/08/19 16:47:18.749, 0, 0, 2, 32607, 13.70, 27, 180
2026/08/19 16:47:23.750, 0, 0, 2, 32607, 13.92, 27, 180
2026/08/19 16:47:28.751, 100, 57, 13476, 32607, 450.03, 43, 2827
2026/08/19 16:47:33.751, 100, 24, 13476, 32607, 449.23, 48, 2820
2026/08/19 16:47:38.752, 100, 25, 13476, 32607, 450.05, 52, 2812
2026/08/19 16:47:43.752, 100, 50, 13476, 32607, 448.93, 53, 2812
2026/08/19 16:47:48.753, 97, 59, 13476, 32607, 445.91, 53, 2805
2026/08/19 16:47:53.754, 99, 60, 13476, 32607, 449.46, 52, 2797
2026/08/19 16:47:58.754, 100, 45, 13476, 32607, 450.11, 54, 2790
2026/08/19 16:48:03.755, 100, 35, 13476, 32607, 449.25, 56, 2790
2026/08/19 16:48:08.755, 100, 26, 13476, 32607, 449.49, 57, 2782
2026/08/19 16:48:13.756, 100, 27, 13476, 32607, 452.73, 58, 2782
2026/08/19 16:48:18.757, 100, 26, 13476, 32607, 452.92, 59, 2782
2026/08/19 16:48:23.757, 100, 31, 13476, 32607, 449.22, 59, 2775
2026/08/19 16:48:28.758, 100, 42, 13476, 32607, 450.62, 60, 2782
2026/08/19 16:48:33.759, 100, 58, 13476, 32607, 448.45, 59, 2775
2026/08/19 16:48:38.759, 97, 57, 13476, 32607, 448.21, 61, 2767
2026/08/19 16:48:43.760, 100, 54, 13476, 32607, 449.75, 63, 2745
2026/08/19 16:48:48.760, 100, 29, 13476, 32607, 452.95, 65, 2745
2026/08/19 16:48:53.761, 100, 21, 13476, 32607, 451.20, 65, 2745
2026/08/19 16:48:58.762, 100, 27, 13476, 32607, 452.70, 65, 2745
2026/08/19 16:49:03.762, 100, 49, 13476, 32607, 450.64, 61, 2752
2026/08/19 16:49:08.763, 100, 55, 13476, 32607, 448.37, 66, 2752
2026/08/19 16:49:13.763, 100, 30, 13476, 32607, 452.63, 66, 2737
2026/08/19 16:49:18.764, 100, 25, 13476, 32607, 451.89, 67, 2737
2026/08/19 16:49:23.765, 100, 40, 13476, 32607, 449.24, 65, 2752
2026/08/19 16:49:28.766, 99, 60, 13476, 32607, 448.19, 67, 2752
2026/08/19 16:49:33.766, 97, 27, 13476, 32607, 452.73, 67, 2737
2026/08/19 16:49:38.767, 100, 22, 13476, 32607, 450.08, 67, 2737
2026/08/19 16:49:43.768, 100, 49, 13476, 32607, 450.59, 63, 2737
2026/08/19 16:49:48.768, 99, 51, 13476, 32607, 449.45, 67, 2730
2026/08/19 16:49:53.769, 100, 30, 13476, 32607, 449.92, 68, 2737
2026/08/19 16:49:58.770, 100, 58, 13476, 32607, 447.42, 68, 2737
2026/08/19 16:50:03.770, 99, 27, 13476, 32607, 449.99, 64, 2730
2026/08/19 16:50:08.771, 100, 21, 13476, 32607, 450.07, 68, 2737
2026/08/19 16:50:13.772, 100, 58, 13476, 32607, 448.62, 68, 2737
2026/08/19 16:50:18.772, 99, 45, 13476, 32607, 448.05, 66, 2730
2026/08/19 16:50:23.773, 100, 23, 13476, 32607, 451.08, 68, 2737
2026/08/19 16:50:28.774, 100, 40, 13476, 32607, 449.38, 68, 2745
2026/08/19 16:50:33.774, 98, 54, 13476, 32607, 446.51, 69, 2745
2026/08/19 16:50:38.775, 100, 24, 13476, 32607, 450.19, 65, 2722
2026/08/19 16:50:43.776, 100, 26, 13476, 32607, 452.63, 67, 2730
2026/08/19 16:50:48.776, 99, 58, 13476, 32607, 448.25, 69, 2737
2026/08/19 16:50:53.777, 100, 24, 13476, 32607, 452.72, 65, 2722
2026/08/19 16:50:58.777, 100, 27, 13476, 32607, 452.14, 68, 2730
2026/08/19 16:51:03.778, 99, 56, 13476, 32607, 448.32, 69, 2737
2026/08/19 16:51:08.779, 100, 35, 13476, 32607, 449.63, 65, 2722
2026/08/19 16:51:13.779, 100, 21, 13476, 32607, 451.68, 67, 2730
2026/08/19 16:51:18.780, 99, 59, 13476, 32607, 448.97, 68, 2737
2026/08/19 16:51:23.781, 100, 41, 13476, 32607, 448.74, 67, 2730
2026/08/19 16:51:28.781, 100, 25, 13476, 32607, 450.03, 68, 2730
2026/08/19 16:51:33.782, 100, 53, 13476, 32607, 450.04, 69, 2737
2026/08/19 16:51:38.782, 100, 48, 13476, 32607, 448.38, 67, 2722
2026/08/19 16:51:43.783, 100, 25, 13476, 32607, 450.15, 69, 2722
2026/08/19 16:51:48.783, 100, 46, 13476, 32607, 451.01, 69, 2730
2026/08/19 16:51:53.784, 100, 55, 13476, 32607, 449.47, 67, 2722
2026/08/19 16:51:58.784, 100, 21, 13476, 32607, 450.52, 69, 2722
2026/08/19 16:52:03.785, 100, 43, 13476, 32607, 452.03, 67, 2737
2026/08/19 16:52:08.785, 100, 51, 13476, 32607, 446.95, 68, 2722
2026/08/19 16:52:13.786, 100, 23, 13476, 32607, 450.54, 67, 2722
2026/08/19 16:52:18.787, 100, 41, 13476, 32607, 449.40, 69, 2737
2026/08/19 16:52:23.787, 100, 25, 13476, 32607, 451.53, 66, 2730
2026/08/19 16:52:28.788, 100, 26, 13476, 32607, 449.80, 69, 2737
2026/08/19 16:52:33.788, 99, 59, 13476, 32607, 447.10, 68, 2745
2026/08/19 16:52:38.789, 100, 20, 13476, 32607, 452.74, 65, 2722
2026/08/19 16:52:43.789, 100, 29, 13476, 32607, 450.01, 68, 2730
2026/08/19 16:52:48.790, 99, 56, 13476, 32607, 448.15, 69, 2737
2026/08/19 16:52:53.790, 100, 24, 13476, 32607, 452.71, 65, 2722
2026/08/19 16:52:58.791, 100, 28, 13476, 32607, 452.21, 69, 2730
2026/08/19 16:53:03.791, 99, 56, 13476, 32607, 448.19, 69, 2737
2026/08/19 16:53:08.792, 100, 30, 13476, 32607, 452.23, 64, 2722
2026/08/19 16:53:13.793, 100, 24, 13476, 32607, 450.08, 69, 2730
2026/08/19 16:53:18.793, 99, 56, 13476, 32607, 448.34, 68, 2737
2026/08/19 16:53:23.794, 100, 35, 13476, 32607, 452.02, 66, 2730
2026/08/19 16:53:28.794, 100, 20, 13476, 32607, 451.84, 68, 2737
2026/08/19 16:53:33.795, 97, 59, 13476, 32607, 448.08, 68, 2745
2026/08/19 16:53:38.795, 100, 36, 13476, 32607, 449.17, 67, 2722
2026/08/19 16:53:43.796, 100, 23, 13476, 32607, 451.60, 67, 2730
2026/08/19 16:53:48.796, 100, 58, 13476, 32607, 448.72, 69, 2730
2026/08/19 16:53:53.797, 100, 41, 13476, 32607, 448.67, 67, 2722
2026/08/19 16:53:58.798, 100, 25, 13476, 32607, 451.30, 69, 2722
2026/08/19 16:54:03.798, 100, 53, 13476, 32607, 450.51, 69, 2730
2026/08/19 16:54:08.799, 100, 48, 13476, 32607, 448.34, 67, 2730
2026/08/19 16:54:13.799, 100, 25, 13476, 32607, 451.07, 69, 2722
2026/08/19 16:54:18.800, 100, 45, 13476, 32607, 449.01, 68, 2730
2026/08/19 16:54:23.801, 99, 54, 13476, 32607, 447.49, 68, 2730
2026/08/19 16:54:28.801, 100, 21, 13476, 32607, 450.73, 67, 2730
2026/08/19 16:54:33.802, 100, 42, 13476, 32607, 449.19, 69, 2737
2026/08/19 16:54:38.802, 100, 52, 13476, 32607, 448.65, 69, 2722
2026/08/19 16:54:43.803, 100, 22, 13476, 32607, 450.57, 67, 2722
2026/08/19 16:54:48.803, 97, 52, 13476, 32607, 453.18, 68, 2722
2026/08/19 16:54:53.804, 100, 22, 13476, 32607, 450.77, 69, 2722
2026/08/19 16:54:58.805, 100, 43, 13476, 32607, 449.26, 67, 2730
2026/08/19 16:55:03.805, 99, 53, 13476, 32607, 449.09, 68, 2722
2026/08/19 16:55:08.806, 100, 20, 13476, 32607, 450.77, 68, 2730
2026/08/19 16:55:13.806, 100, 51, 13476, 32607, 450.62, 69, 2737
2026/08/19 16:55:18.807, 99, 43, 13476, 32607, 448.32, 67, 2730
2026/08/19 16:55:23.807, 100, 23, 13476, 32607, 450.02, 67, 2737
2026/08/19 16:55:28.808, 99, 56, 13476, 32607, 448.24, 69, 2745
2026/08/19 16:55:33.808, 97, 24, 13476, 32607, 450.02, 64, 2730
2026/08/19 16:55:38.809, 100, 28, 13476, 32607, 450.04, 68, 2737
2026/08/19 16:55:43.809, 99, 55, 13476, 32607, 448.32, 67, 2730
2026/08/19 16:55:48.810, 100, 24, 13476, 32607, 450.86, 67, 2722
2026/08/19 16:55:53.811, 100, 43, 13476, 32607, 449.26, 67, 2730
2026/08/19 16:55:58.811, 99, 49, 13476, 32607, 449.98, 66, 2722
2026/08/19 16:56:03.812, 100, 25, 13476, 32607, 450.06, 68, 2730
2026/08/19 16:56:08.812, 99, 59, 13476, 32607, 448.90, 68, 2737
2026/08/19 16:56:13.813, 100, 27, 13476, 32607, 449.93, 64, 2722
2026/08/19 16:56:18.814, 100, 28, 13476, 32607, 452.39, 69, 2722
2026/08/19 16:56:23.814, 100, 58, 13476, 32607, 448.11, 69, 2745
2026/08/19 16:56:28.815, 100, 20, 13476, 32607, 450.00, 65, 2730
2026/08/19 16:56:33.815, 100, 26, 13476, 32607, 452.80, 67, 2737
2026/08/19 16:56:38.816, 99, 56, 13476, 32607, 447.15, 67, 2745
2026/08/19 16:56:43.816, 100, 25, 13476, 32607, 450.23, 65, 2722
2026/08/19 16:56:48.817, 100, 32, 13476, 32607, 449.69, 69, 2730
2026/08/19 16:56:53.817, 99, 53, 13476, 32607, 447.06, 69, 2730
2026/08/19 16:56:58.818, 100, 22, 13476, 32607, 451.33, 67, 2722
2026/08/19 16:57:03.819, 100, 43, 13476, 32607, 449.35, 68, 2730
2026/08/19 16:57:08.819, 99, 50, 13476, 32607, 448.06, 66, 2722
2026/08/19 16:57:13.820, 100, 25, 13476, 32607, 448.23, 69, 2730
