geometry,arm,seed,response_rmse,geometry_probability_mae,balanced_conditional_kl,sequential_kl,parallel_kl,oracle_parallel_kl,marginal_kl,order_tv,fixed_clock_order_tv,fixed_clock_sequential_kl,response_gain
unequal_distance_w48,A,91001,0.09966755774913143,0.04273948344722109,0.0080967470679541,0.01279724111080183,0.08094962259827818,0.0660897296597233,0.014859892938554853,0.051074804163007956,0.05052614799991325,0.014306023157233238,0.8331544778859475
unequal_distance_w48,A,91002,0.06177319457602279,0.03568184356070629,0.004866800504881934,0.004916757033883548,0.06969319184571637,0.0660897296597233,0.0036034621859930374,0.028738747816235664,0.028517774950328156,0.004930393980005247,1.1370651864828325
unequal_distance_w48,A,91003,0.06576074664562058,0.039830744000690435,0.005234041988124123,0.006996768651087134,0.07470447175615465,0.0660897296597233,0.008614742096431307,0.032018814859238694,0.03158902803716672,0.007054925104350615,1.1720055382419714
unequal_distance_w48,A,91004,0.04216167393277075,0.024304659395348687,0.0016835422752770064,0.007128356530948551,0.07134501957594916,0.0660897296597233,0.005255289916225847,0.01455701117735202,0.015557809594181354,0.007413570537343085,0.9030032837058899
unequal_distance_w48,A,91005,0.039011466423600386,0.01909308043806917,0.0013166566089185578,0.01857103133339589,0.08948536427019013,0.0660897296597233,0.02339563461046678,0.03314759318642314,0.032880617692429975,0.018943033507842176,0.946663755440182
unequal_distance_w48,A,91006,0.06415023828801929,0.035084120398870336,0.0038359809467900215,0.012627883896109374,0.08424891076186933,0.0660897296597233,0.018159181102145976,0.039654453442391435,0.03637963403322829,0.013718246273597298,0.8548537027877038
unequal_distance_w48,B,91001,0.3449393402668728,0.16053757296549828,0.06264060448452029,0.02651494969177115,0.07843595988222975,0.0660897296597233,0.012346230222506404,0.022189895311153673,0.022671039110746173,0.027572911816594665,-0.00026176047688663244
unequal_distance_w48,B,91002,0.3424259132157382,0.16067683623778375,0.06537532037003915,0.02732660695955727,0.08163108066181035,0.0660897296597233,0.01554135100208703,0.021426462044922465,0.021479273956732554,0.027405556269448732,-0.0009102036633802845
unequal_distance_w48,B,91003,0.3440034891058478,0.1609189681862548,0.0633288671561763,0.02430612083298552,0.07680685275264776,0.0660897296597233,0.01071712309292443,0.017716743833370307,0.017372365736510596,0.02429798342029723,-0.0015714729959605024
unequal_distance_w48,B,91004,0.3426288783997895,0.16075405405509027,0.06373917243374717,0.033089178152297206,0.08303063905440215,0.0660897296597233,0.01694090939467881,0.012980499854069526,0.013264919921496088,0.03347713856903643,-0.0020234482228003595
unequal_distance_w48,B,91005,0.34212826426462833,0.1607082195733741,0.06354446349321755,0.0316414746614329,0.08471650549390905,0.0660897296597233,0.018626775834185694,0.018928624636334535,0.017949611319094894,0.03191976688042977,-0.0012187922009410362
unequal_distance_w48,B,91006,0.3440844346954703,0.16045248137461698,0.062044734671312406,0.025469405824720175,0.07948741477882335,0.0660897296597233,0.013397685119100017,0.03267853233456413,0.03211176566167917,0.025408518662293017,0.0008346855672585918
unequal_distance_w48,C,91001,0.39827367787432155,0.17986981944787056,0.08241245132077149,0.040328070791591265,0.09216606123757366,0.0660897296597233,0.02607633157785031,0.036626016801334,0.035483335794397206,0.0408757475514176,-0.1484984935028616
unequal_distance_w48,C,91002,0.3955267800725947,0.17889821326508304,0.0827906394315279,0.0340971049219503,0.08090532925757932,0.0660897296597233,0.014815599597855977,0.032580242774443116,0.032517841032304075,0.0343287132427578,-0.13579954435093433
unequal_distance_w48,C,91003,0.3927089400801652,0.17838411109196695,0.08029313869448713,0.033986729721361526,0.0854230695011905,0.0660897296597233,0.01933333984146717,0.02975500492516363,0.029206106790498093,0.0341240597709501,-0.13329468073946946
unequal_distance_w48,C,91004,0.4014191438638247,0.18034401910054237,0.08544920275427423,0.03404710892869417,0.0816994957799216,0.0660897296597233,0.015609766120198262,0.018277746319313854,0.018505568595783672,0.0340937218848629,-0.14605677732505512
unequal_distance_w48,C,91005,0.405331861746753,0.18062779755937608,0.08589913332138585,0.033349943643898816,0.08086167415890881,0.0660897296597233,0.014771944499185466,0.027929317267792762,0.027680256038792837,0.03330709816821821,-0.15204871158396993
unequal_distance_w48,C,91006,0.40578467591672324,0.18103720845329316,0.08737289409205456,0.04011329917725909,0.08310980026714061,0.0660897296597233,0.017020070607417274,0.03523009382052783,0.03488353599442421,0.040163465749221805,-0.15124164502665544
unequal_distance_w48,F0,91001,0.0759120987762233,0.03252760165356549,0.004658827460172027,0.013259058946062325,0.08419914261914105,0.0660897296597233,0.018109412959417696,0.04924130455072488,0.04741791551563321,0.014046581849697792,0.897260533266951
unequal_distance_w48,F0,91002,0.059106089612972736,0.027256789404985094,0.0024674383413134542,0.0049507548065902286,0.06998345894349194,0.0660897296597233,0.0038937292837685953,0.02886586215153384,0.028392189122324153,0.005079351092174985,1.1352944319133738
unequal_distance_w48,F0,91003,0.03300304431508756,0.026619354281249112,0.003131057938688063,0.012183115921114969,0.08211622472731125,0.0660897296597233,0.01602649506758791,0.03836793983218416,0.03788357735581923,0.012274623949564207,1.0505368979285878
unequal_distance_w48,F0,91004,0.04196683395332209,0.02532769862286527,0.002510577856150614,0.005964757708872726,0.07143215124916992,0.0660897296597233,0.005342421589446582,0.02231290176481217,0.022590783400086946,0.006360707357432258,1.0224758619031693
unequal_distance_w48,F0,91005,0.0898316057801691,0.041768551227481604,0.004777769466319521,0.04120484561858819,0.11165804745704977,0.0660897296597233,0.04556831779732644,0.033983754129632504,0.033788979400314445,0.04159368383368693,0.7916997238907925
unequal_distance_w48,F0,91006,0.0280161942483483,0.015195868903425846,0.0008328398430057346,0.004138744507230717,0.07206730098321903,0.0660897296597233,0.00597757132349569,0.028925333776527333,0.027615607509048495,0.004266581835214741,1.0085107674876086
unequal_distance_w48,F1,91001,0.07573903164386968,0.036930394116044485,0.005864840735451628,0.015486130854612718,0.08669524519178523,0.0660897296597233,0.020605515532061892,0.04674364516522433,0.045115338574627184,0.016573455009778307,0.9259729970934113
unequal_distance_w48,F1,91002,0.04213725533405981,0.01877809788377262,0.001254732318354552,0.0069339069901631425,0.07207638050369573,0.0660897296597233,0.0059866508439723925,0.02979741056502667,0.028916628880903093,0.007234722322471916,1.0651896568577186
unequal_distance_w48,F1,91003,0.03803168667017923,0.023232811259508858,0.00242247213871782,0.01571588032784525,0.08767216549749629,0.0660897296597233,0.02158243583777296,0.03995368312736213,0.03915972385357019,0.01584597720252922,1.05090909295148
unequal_distance_w48,F1,91004,0.04765496752074387,0.026162923476868948,0.0029400700109452503,0.006729861436484538,0.07228865963376924,0.0660897296597233,0.006198929974045912,0.02452815194386012,0.02465416099536316,0.0071495282809246625,1.0506066720868832
unequal_distance_w48,F1,91005,0.09557937140061655,0.04475918033919663,0.005160478531777002,0.045133710704031646,0.11536932070192865,0.0660897296597233,0.049279591042205334,0.03369984332705295,0.033575092533565554,0.045441762383620944,0.7621782952778153
unequal_distance_w48,F1,91006,0.029676112898927652,0.016429719081018073,0.0009816234643740935,0.0056296290049515476,0.07411482397905166,0.0660897296597233,0.008025094319328335,0.028907009459909466,0.02781488352675881,0.005889435665026827,0.9727107354558742
unequal_distance_w48,F2,91001,0.08431994462157376,0.03028315274656298,0.0047708000794697385,0.007275550829928054,0.0743484568642913,0.0660897296597233,0.008258727204567957,0.03434328890136387,0.03409823251744078,0.007795455558493802,0.8542492487717557
unequal_distance_w48,F2,91002,0.07006973811552185,0.03196662202954049,0.0030932492026736294,0.0036322386554103895,0.06805579706477824,0.0660897296597233,0.001966067405054913,0.029452107298514142,0.029572858950805796,0.0036985735258361976,1.1621444425103806
unequal_distance_w48,F2,91003,0.03409566826629374,0.025605178699730263,0.002686405218326418,0.006619824551997033,0.07258301990709479,0.0660897296597233,0.006493290247371432,0.0282447555976535,0.028152890142591737,0.0068423399855877835,1.0786485336899418
unequal_distance_w48,F2,91004,0.03445252540709516,0.019237177546125795,0.0012989830302770535,0.0050999984365178806,0.0707024648729928,0.0660897296597233,0.004612735213269466,0.01629763404170474,0.01652458910114902,0.005506968847150071,0.9754780377336818
unequal_distance_w48,F2,91005,0.0642162996244122,0.030954241975230706,0.0025951925880264254,0.029136809230737144,0.10013036161743953,0.0660897296597233,0.03404063195771619,0.028073678081723685,0.027952810950070194,0.029463838455654347,0.8502611330362729
unequal_distance_w48,F2,91006,0.03793319965629179,0.022076125035405337,0.0015155164855635548,0.0023626604282052043,0.06849657755099338,0.0660897296597233,0.0024068478912700427,0.01703240010955377,0.016443300691824387,0.0024220125553336847,0.9952687182438225
continuous48,A,91001,0.25175241236616835,0.12336626342098493,0.03878999648044189,0.011649862764851918,0.020740916249124084,0.011967652222099211,0.00877326402702487,0.06292393324522098,0.06103141491584675,0.012039304174777749,0.5291218533547873
continuous48,A,91002,0.053809837258223615,0.024096378370053104,0.002837990461601939,0.009569970118928893,0.022659273774467883,0.011967652222099211,0.010691621552368665,0.02847100094960044,0.027768563733014832,0.00983929019063391,1.0842056569071195
continuous48,A,91003,0.0805838417324398,0.039285433964029615,0.00799395013589869,0.00512868086660185,0.01862057065990904,0.011967652222099211,0.006652918437809822,0.044427642873310726,0.04301052915418827,0.005097578340364008,1.0773212516857709
continuous48,A,91004,0.08621225001864609,0.03896515258499443,0.005248130876288,0.009365451389672099,0.02265041866939239,0.011967652222099211,0.010682766447293176,0.017353690377032365,0.017240598264960518,0.009589348405424832,0.85988371551546
continuous48,A,91005,0.07031191029726457,0.029103355232644366,0.0033370587665718645,0.015216413292104436,0.036160546024967107,0.011967652222099211,0.024192893802867887,0.05177410430093786,0.05140771986912357,0.015325538275425857,0.9043477261321681
continuous48,A,91006,0.14180084552590846,0.06695123135777323,0.013834499062773736,0.022394426904404414,0.0465840608250872,0.011967652222099211,0.034616408602988,0.057773515140537426,0.052333010155218795,0.02373532214981223,0.7495307663242484
continuous48,B,91001,0.19374768284189653,0.09473435433581337,0.022840293387130926,0.05084327912978553,0.07865247166271082,0.011967652222099211,0.06668481944061162,0.03542675239447196,0.02930926619102085,0.05438383204958348,0.6338226276846831
continuous48,B,91002,0.1429113839245634,0.06980230166177528,0.015200304369689704,0.017025716823173047,0.03022147146460302,0.011967652222099211,0.018253819242503806,0.01626721244498127,0.01562731764547404,0.01753579485585761,0.7390268020078864
continuous48,B,91003,0.16482442034587852,0.08027575869379164,0.01753548028423132,0.01908759456509076,0.03790695387411048,0.011967652222099211,0.025939301652011255,0.0292442458234653,0.02831791289136875,0.019163722548591857,0.6915359994124847
continuous48,B,91004,0.29061537185768,0.14514915551191862,0.05077776583155948,0.07702467447604898,0.10384004241839549,0.011967652222099211,0.09187239019629631,0.02042085922077836,0.019339722798296717,0.0779572343993699,0.4495014557769279
continuous48,B,91005,0.21987098125706683,0.10937900321557983,0.029551467203259553,0.06740236124019947,0.10450553270723836,0.011967652222099211,0.09253788048513918,0.04243549708197092,0.03981241647161236,0.06842339006265308,0.5830112982340567
continuous48,B,91006,0.18464251556097294,0.08887615652754767,0.020949039812599886,0.03811329264404113,0.06927692789103922,0.011967652222099211,0.05730927566894001,0.04517606814148539,0.04420633547222431,0.03821317755454642,0.654691649290909
continuous48,C,91001,0.0890302339890567,0.040727622324146964,0.005878232037676277,0.006102362487986561,0.01782961434653125,0.011967652222099211,0.005861962124432031,0.02991423222021578,0.030576490123424314,0.006378583735861036,0.8814106791562952
continuous48,C,91002,0.11589969004342758,0.06528999223116917,0.015593024852879972,0.03651932997644513,0.055949113616387054,0.011967652222099211,0.04398146139428784,0.03631136595835532,0.03591911485403737,0.036531381712641635,0.8037546200775061
continuous48,C,91003,0.1553296888362822,0.07512260948973637,0.018890706374387833,0.008507125001520444,0.018538715807805462,0.011967652222099211,0.006571063585706252,0.026359079859641695,0.026433696017418434,0.00866461381938941,0.7184467902806405
continuous48,C,91004,0.07165310872869407,0.03525163218075553,0.004483424757991197,0.007433131227748239,0.020498836774161724,0.011967652222099211,0.008531184552062508,0.018963531770052795,0.018613071918529216,0.007558818816253826,0.920993139212053
continuous48,C,91005,0.06837511424689138,0.029517743083503578,0.004114020843798458,0.020694726015854304,0.03611510106425597,0.011967652222099211,0.024147448842156756,0.039405354554034884,0.03797750613188706,0.02093919455601412,1.0388744494866033
continuous48,C,91006,0.2540657216955211,0.12601390919248842,0.03844763479012645,0.046332727014982665,0.07193195291214902,0.011967652222099211,0.05996430069004978,0.04648118622019626,0.044965103992107215,0.04689351359722819,0.5162435084286768
continuous48,F0,91001,0.22820120468355734,0.11237092807622759,0.031052468404227672,0.008845687004115524,0.017969736167226164,0.011967652222099211,0.006002083945126948,0.04674021393456733,0.044753631545709195,0.008963292261335699,0.5764904054251362
continuous48,F0,91002,0.05071970026623361,0.02305717469934782,0.0023469434607512043,0.012587228800263087,0.026683539065092333,0.011967652222099211,0.01471588684299312,0.03550369448398795,0.034886604980140665,0.012815879310494271,1.0484390957979868
continuous48,F0,91003,0.04450718013143465,0.04503820310980307,0.007353133211834023,0.01643579862324185,0.03251251960613421,0.011967652222099211,0.02054486738403499,0.038653714743196406,0.03791543459350658,0.016712357235430735,1.0180602511516736
continuous48,F0,91004,0.0485773089804929,0.028564681490842646,0.0033169842746835028,0.007899754284154636,0.02164065137253297,0.011967652222099211,0.009672999150433763,0.025580882181023796,0.02479400472256166,0.00805381294515841,0.9990188305601998
continuous48,F0,91005,0.09671710863883788,0.045602923086702364,0.0068274702994671746,0.033674370120139095,0.061779411034881104,0.011967652222099211,0.04981175881278189,0.06401397434905216,0.06331025490203215,0.034006800761822,0.8258742868179635
continuous48,F0,91006,0.08053849557111789,0.03377965938873601,0.0046888828133929816,0.005795482618653172,0.02043743411183166,0.011967652222099211,0.008469781889732441,0.038045463600153775,0.03557149459721044,0.00604198847241652,0.8923328581252369
continuous48,F1,91001,0.2308019617039025,0.11396523737215436,0.03170087886182619,0.010464597979178104,0.02037671283658762,0.011967652222099211,0.008409060614488392,0.04583473462849828,0.04427169086973367,0.010499286248123532,0.5723337559211099
continuous48,F1,91002,0.04637472336716222,0.021667354376745086,0.0022114437673881352,0.016489881474623446,0.031978810147554784,0.011967652222099211,0.02001115792545557,0.04089450923068932,0.039845200420232506,0.016825090024991544,1.033385450889528
continuous48,F1,91003,0.044754124718972,0.032936649077992014,0.0047004609730744145,0.016302740959929903,0.03002420852917325,0.011967652222099211,0.018056556307074038,0.04305837882563445,0.04287156209683098,0.016495251404801323,1.0195815418767096
continuous48,F1,91004,0.05176779232103769,0.0311354248060196,0.004706157941951107,0.008779769310646784,0.02231297204675025,0.011967652222099211,0.010345319824651025,0.02925826135509711,0.028804736064331368,0.008990796144299562,1.038100380582355
continuous48,F1,91005,0.10699913931697157,0.05071455096696975,0.009022907673647591,0.03617938824820053,0.06492666946362956,0.011967652222099211,0.05295901724153034,0.06453802545771616,0.0644877847905956,0.03636487432977774,0.8109770495255648
continuous48,F1,91006,0.08587270907035593,0.03851595080549113,0.005561694132656521,0.008362072577658147,0.02479648948047127,0.011967652222099211,0.012828837258372045,0.037482620258723585,0.03482250560232739,0.008683948196185556,0.8685361715835579
continuous48,F2,91001,0.2084784163971278,0.10141784923151001,0.026197709302868324,0.010767608090251079,0.021672236645902763,0.011967652222099211,0.009704584423803541,0.04366537923178378,0.04348915257386366,0.01135903915792697,0.623115581300375
continuous48,F2,91002,0.04784302822337605,0.022143914506529416,0.0021670416788316395,0.00851651236992872,0.020293974621185266,0.011967652222099211,0.00832632239908605,0.028106891107229314,0.028292176112487504,0.00867090335382953,1.004672338281418
continuous48,F2,91003,0.043183449039943346,0.03183989297237443,0.004303818986204299,0.009033711382829662,0.023622558554952777,0.011967652222099211,0.01165490633285356,0.0336451387348268,0.03230578585406119,0.00943011217634348,1.0284917529589075
continuous48,F2,91004,0.04344495977503573,0.028276771994533805,0.003119839809958326,0.0039247190650751555,0.016232486651965583,0.011967652222099211,0.004264834429866378,0.018920832173031654,0.01814519084737997,0.004044083611276524,0.9967689865721162
continuous48,F2,91005,0.07103609651468537,0.03378155580829327,0.0034723205624340556,0.011865720067804744,0.028659385175472573,0.011967652222099211,0.016691732953373336,0.0382158492806113,0.03932874046853988,0.011864604789356248,0.8762453393070254
continuous48,F2,91006,0.08495277703036831,0.03664488650592176,0.004704986803306152,0.002204138421267036,0.013221594705079396,0.011967652222099211,0.0012539424829801774,0.01877723650377471,0.019688941217346767,0.0023110419310694392,0.8675492094066269
s10_w48,A,91001,0.1222092632374333,0.064230549602958,0.015403857568921566,0.01835813785832738,0.024850157321208006,0.012476475744151663,0.012373681577056348,0.044571652465660146,0.04565966285769237,0.01927991120652319,1.4060810045271364
s10_w48,A,91002,0.046121680777347365,0.020040596117865146,0.0013456882388100382,0.004280315763026405,0.016107684583711666,0.012476475744151663,0.00363120883956002,0.024905862644371304,0.024444609230076457,0.0043316677834187856,1.111487692361905
s10_w48,A,91003,0.13110241796667774,0.05456662728268803,0.009657912591112374,0.03248580377003241,0.05680493594255777,0.012476475744151663,0.04432846019840613,0.05136567589768559,0.049510010410982686,0.033003173473929205,0.4601743772409314
s10_w48,A,91004,0.10684722353741193,0.05153322972461868,0.005957751987141368,0.02065240391000036,0.0338340347259177,0.012476475744151663,0.02135755898176605,0.009400844255621075,0.00961641986056716,0.021381323429718196,0.513275625872346
s10_w48,A,91005,0.08881901749833328,0.04239963217320064,0.004454689028505959,0.0537193913067645,0.06877571970169045,0.012476475744151663,0.05629924395753879,0.020191738695666404,0.01770031143755527,0.05459660866792064,0.5896540712119686
s10_w48,A,91006,0.0716247533550127,0.03466823420845015,0.003013296444866452,0.033737986935586134,0.05679205491883411,0.012476475744151663,0.044315579174682485,0.04142672173331204,0.0382951041727985,0.03402329730863031,0.6745044796238654
s10_w48,B,91001,0.12401224095421334,0.06018324561312508,0.008787332917749486,0.006463869572665128,0.015311622731568855,0.012476475744151663,0.0028351469874172025,0.03542675239447196,0.02930926619102085,0.0051138344600760305,1.5329688110992359
s10_w48,B,91002,0.17506210304303643,0.08511529828716315,0.021490501460318806,0.0327585835055713,0.04762852684792719,0.012476475744151663,0.03515205110377557,0.01626721244498127,0.01562731764547404,0.03206549421396179,1.8050558938886563
s10_w48,B,91003,0.15255516132604882,0.07490040610082153,0.014165429308713338,0.028347955294059566,0.03628653272047788,0.012476475744151663,0.02381005697632624,0.0292442458234653,0.02831791289136875,0.028092198976849874,1.6768023041278666
s10_w48,B,91004,0.02883538121305431,0.03546554405537226,0.0036088732293614286,0.001400725817530892,0.01283517519289514,0.012476475744151663,0.0003586994487434976,0.02042085922077836,0.019339722798296717,0.0013808702435443912,1.1075694002036574
s10_w48,B,91005,0.09303919512784167,0.049220082921365704,0.005879938305633518,0.003776862775167296,0.013604066269410074,0.012476475744151663,0.0011275905252584322,0.04243549708197092,0.03981241647161236,0.003419428427117149,1.4220262728078914
s10_w48,B,91006,0.1385950953938144,0.06604144342139076,0.011098228617148759,0.01617968720131778,0.02175158901082076,0.012476475744151663,0.009275113266669119,0.04517606814148539,0.04420633547222431,0.016060730195003012,1.5777116023662836
s10_w48,C,91001,0.2587638122972079,0.11782768804157984,0.044282704968954915,0.053537740955816794,0.0686522076256599,0.012476475744151663,0.05617573188150827,0.04646033504395507,0.046788553906389606,0.05264394484354033,2.1341086907948976
s10_w48,C,91002,0.09539054133008153,0.04804468222664959,0.006042155923410648,0.005688121354341229,0.018259300238052795,0.012476475744151663,0.005782824493901144,0.023556923279118094,0.022985422819438456,0.005726522195573938,1.4075912011075762
s10_w48,C,91003,0.16846813750207126,0.07578114065445991,0.01753401487167434,0.025363007836029357,0.0430477451917444,0.012476475744151663,0.03057126944759276,0.02817211237341619,0.02616328986637135,0.02546143778687565,1.6863261675487633
s10_w48,C,91004,0.17700915302913187,0.0776429021828725,0.021160827885527828,0.016604636598407684,0.02907938433941256,0.012476475744151663,0.01660290859526092,0.020109548695466346,0.020229038184072956,0.01653368570748929,1.6880711270326796
s10_w48,C,91005,0.18985559985880957,0.0938996407932966,0.022027657546180395,0.008876786385993663,0.017391918843846922,0.012476475744151663,0.004915443099695281,0.0386840826071792,0.03701494766090297,0.008480288327316041,1.8278652799222803
s10_w48,C,91006,0.08199437057069638,0.036286659104357785,0.004857098979094234,0.005064801653693958,0.01738311412163982,0.012476475744151663,0.004906638377488184,0.06154980477647788,0.05985043262025886,0.00496821877208232,1.2863672028951583
s10_w48,F0,91001,0.0929608688360651,0.04851813881327967,0.00828309430691328,0.0192140969969759,0.030796170629235724,0.012476475744151663,0.01831969488508408,0.02829168499193934,0.03171331149613053,0.020657224599547944,1.164867542621487
s10_w48,F0,91002,0.03656056759633171,0.029506202489859495,0.002375309880949216,0.009830277911549945,0.022532662211843243,0.012476475744151663,0.010056186467691589,0.02345726559680174,0.022538966507095637,0.010057184990884566,1.0787212879100956
s10_w48,F0,91003,0.13647208433836394,0.061795440729450805,0.011032870647240204,0.048630961515088965,0.07265803227151431,0.012476475744151663,0.06018155652736263,0.0451050138685904,0.043309623002541486,0.049247133797689566,0.3959848428738927
s10_w48,F0,91004,0.11530626938751316,0.05514887727901626,0.007640452327681442,0.022006924965690955,0.03675384369354236,0.012476475744151663,0.024277367949390703,0.01394880891207644,0.013222416867167075,0.022763446823859158,0.4766371296011553
s10_w48,F0,91005,0.11143917766234687,0.05325367451051171,0.006781303338740297,0.06802872732900068,0.07959281697771858,0.012476475744151663,0.06711634123356695,0.014615746711307418,0.013021332962546992,0.06867992147151596,0.48258662839227434
s10_w48,F0,91006,0.05029407570065498,0.0216730658360337,0.0016085071584440362,0.018225183641718285,0.03738882175001012,0.012476475744151663,0.024912346005858458,0.035103093817072085,0.033297888059178604,0.018385472377632994,0.8258872415543064
s10_w48,F1,91001,0.08496749784447226,0.050999743554385954,0.008280431550908381,0.0215582642614515,0.03284210621871448,0.012476475744151663,0.02036563047456285,0.02662506565761694,0.030814781944519587,0.022590554660495487,1.0894021971129406
s10_w48,F1,91002,0.03340924439022549,0.026319342767211148,0.0019443193420738889,0.011857527143202679,0.024943553331635872,0.012476475744151663,0.012467077587484224,0.024106643243928447,0.022301639032890952,0.01216508165233837,1.0389084039080907
s10_w48,F1,91003,0.1528542809171264,0.06842628343643764,0.013249155937917246,0.054107973297907556,0.07688284571369909,0.012476475744151663,0.06440636996954743,0.04119065751173686,0.03971312275239911,0.05475255787836166,0.3245416832198313
s10_w48,F1,91004,0.1189139498656937,0.05690321227374108,0.007763769856106466,0.022797451808013135,0.03774044456148039,0.012476475744151663,0.02526396881732874,0.012706303022704637,0.011841743110550878,0.023622408812057988,0.4597373137470007
s10_w48,F1,91005,0.11462283126306674,0.05473879519422426,0.006955388041261564,0.07015787579780604,0.08087698713045857,0.012476475744151663,0.06840051138630693,0.01295594744935548,0.011570021516476427,0.07073471256353256,0.46764443310641224
s10_w48,F1,91006,0.059402217156791254,0.02495475724767939,0.002078336997222533,0.019787688843553853,0.03984480691911507,0.012476475744151663,0.027368331174963435,0.03506165647325248,0.03289971814362634,0.0202526280562637,0.7796870101151264
s10_w48,F2,91001,0.049479540396557116,0.025220135081249612,0.002146914358041017,0.011518503778651434,0.02445869776089685,0.012476475744151663,0.011982222016745191,0.025610346970045446,0.02011969171852506,0.01227866206393543,1.0921330894380157
s10_w48,F2,91002,0.0484073161118451,0.026229162440502562,0.0020277932243813685,0.007966205294077702,0.019723703814821716,0.012476475744151663,0.007247228070670075,0.022547355251751538,0.02227018690358662,0.0080221530864044,1.1609012827886298
s10_w48,F2,91003,0.07157672702353175,0.03454390046990373,0.004452588671684191,0.03270692671272993,0.05357831534005096,0.012476475744151663,0.04110183959589932,0.040474186661433854,0.03785248449037839,0.03350694764932326,0.7032873350693122
s10_w48,F2,91004,0.11772598406991107,0.05621175475523162,0.0074279958677926795,0.02172865638613463,0.03600199316752696,0.012476475744151663,0.02352551742337533,0.01061108441924,0.009956046125659654,0.02259822756027428,0.4658816139728593
s10_w48,F2,91005,0.09624909949443518,0.04565927322758815,0.005031729546526828,0.06013499716824443,0.07277665654512176,0.012476475744151663,0.060300180800970105,0.016249336740718347,0.01456921762714842,0.060817164156230154,0.5550707832402675
s10_w48,F2,91006,0.032696213173108835,0.014305453550081818,0.00078955441583874,0.015344149781875038,0.03388706207174303,0.012476475744151663,0.021410586327591383,0.04048599650847606,0.03751887675974397,0.01552699788091874,1.051426421483327
continuous96,A,91001,0.4857555925868122,0.2412850720610642,0.12728601864534325,0.23694062399558455,0.2958226337384618,0.010419267124505983,0.28540336661395593,0.04051885941474642,0.03749078097761406,0.23948081687858747,0.10812719321051886
continuous96,A,91002,0.38806116983716477,0.19297892728710414,0.08445538330535816,0.16340965313937333,0.20574194151823927,0.010419267124505983,0.19532267439373333,0.036140278451530485,0.03564317423815621,0.16382158124766788,0.2888890316790506
continuous96,A,91003,0.21760901659605944,0.10480142264827337,0.02950585844481967,0.10117975310452144,0.12557637713877204,0.010419267124505983,0.11515711001426607,0.040499352442135844,0.04004818227369696,0.10133959980975821,0.6279429281959751
continuous96,A,91004,0.42119892309115914,0.2088602794137025,0.09793608663512317,0.1892081560927161,0.23218964200234588,0.010419267124505983,0.2217703748778398,0.02980521883953567,0.02933669762931786,0.18962617252201122,0.22713191695165436
continuous96,A,91005,0.4858925829285152,0.24103959612645276,0.12728266299581315,0.26859490991048435,0.30975147481864573,0.010419267124505983,0.29933220769413976,0.02926244816230144,0.028919984935352232,0.26900453042977035,0.10776843545647921
continuous96,A,91006,0.5018786405550275,0.2493621434198244,0.13498741407759787,0.28638226538467354,0.3204144036831338,0.010419267124505983,0.3099951365586279,0.01884266210886741,0.017535697991864704,0.28777825660877876,0.07855041042654537
continuous96,B,91001,0.4855475742896886,0.2405679209788399,0.1275564951628928,0.2673004243424722,0.2926358909899027,0.010419267124505983,0.2822166238653967,0.012977667182556281,0.012180056262415521,0.2684743850303908,0.10872050495511536
continuous96,B,91002,0.5087533353412224,0.25271355033845605,0.13847691950942723,0.23923740890927414,0.2692537470518539,0.010419267124505983,0.2588344799273479,0.010102135191989511,0.00967616592633955,0.23974588785069686,0.06614821443427787
continuous96,B,91003,0.4764592935080582,0.23610926920438052,0.12249142938584653,0.27496616971382454,0.3031942695470363,0.010419267124505983,0.29277500242253024,0.015950870344214337,0.015416423688554805,0.27554569247389626,0.1251844533338845
continuous96,B,91004,0.5118195905828692,0.25402242528992464,0.14001376337000704,0.2780750593098961,0.3006177396473984,0.010419267124505983,0.2901984725228923,0.0066948937484921185,0.006719145810725907,0.2780697258772308,0.06008458535633077
continuous96,B,91005,0.4933519885396882,0.24476972971622382,0.13154201640986404,0.2870465314044369,0.30782038889121544,0.010419267124505983,0.2974011217667095,0.00859409182407462,0.008331423189098235,0.28734472371527664,0.0940724947272936
continuous96,B,91006,0.45974995872326857,0.22823120036983724,0.11471285424044492,0.2682205049473497,0.287811982742178,0.010419267124505983,0.27739271561767187,0.01014464297876331,0.010249247747669443,0.2681734173094943,0.1560895394827644
continuous96,C,91001,0.5029297033246783,0.24995274597668882,0.1362579605641137,0.2659118127940649,0.3160323251500012,0.010419267124505983,0.30561305802549504,0.033244609284118626,0.03128374418424332,0.2678954339993958,0.07699558569193517
continuous96,C,91002,0.5054399287699075,0.25106603697867097,0.13848171486435568,0.21461546647440544,0.2492293461734165,0.010419267124505983,0.2388100790489105,0.014418433464440224,0.014093920708513305,0.21489762073156127,0.07210262983498865
continuous96,C,91003,0.431784738575587,0.21512018396719534,0.10280956359880086,0.19672837255456566,0.2462555124297354,0.010419267124505983,0.23583624530522945,0.03698054018095001,0.03589573113441959,0.19769784687316463,0.2087112092321227
continuous96,C,91004,0.4285621417796233,0.21303279577954848,0.10127376100808852,0.17831953418620627,0.22120679576236477,0.010419267124505983,0.2107875286378588,0.028130361391557706,0.028110080772671506,0.17835413108633,0.21462584388841768
continuous96,C,91005,0.3940463954408568,0.1954862244022976,0.08838058341717782,0.19167237755441638,0.22913698782906522,0.010419267124505983,0.21871772070455925,0.025877210168848794,0.025469994178023054,0.19200888146709152,0.2782012774831755
continuous96,C,91006,0.44354824872377274,0.22078300106125648,0.10727496835153855,0.25043874005769573,0.27520752430632234,0.010419267124505983,0.2647882571818163,0.021139134975348473,0.020934331941729348,0.25068592163365655,0.1864668417195422
continuous96,F0,91001,0.5045311373483174,0.2505352923863222,0.13651182906504256,0.280091708881497,0.32122455513776177,0.010419267124505983,0.31080528801325596,0.023692101413336147,0.02169629302770769,0.28212792894027083,0.07352033833670145
continuous96,F0,91002,0.42195783078038374,0.21007743109528462,0.09779615069840693,0.20347735254190966,0.24396013555314788,0.010419267124505983,0.23354086842864186,0.02915382899869136,0.02871716047766388,0.20391505371288274,0.2269048307193143
continuous96,F0,91003,0.1805892327498763,0.08784219749759327,0.027069057957273605,0.10552360648848935,0.12232366406768877,0.010419267124505983,0.11190439694318274,0.029458852919112804,0.029224216517461085,0.10566851384754118,0.690045214629397
continuous96,F0,91004,0.4516814327301416,0.22393504079114304,0.11123247333391934,0.2168399121647952,0.2666618136746433,0.010419267124505983,0.25624254655013723,0.032820469790117476,0.032058226607045714,0.21756493794658469,0.17067058484054923
continuous96,F0,91005,0.5095761856758668,0.25263268297842045,0.13911420907000258,0.3124213240958444,0.33621296686221397,0.010419267124505983,0.32579369973770805,0.015427784181695374,0.015334834986999958,0.31257257560969154,0.06418486238411587
continuous96,F0,91006,0.4692489152924617,0.23343098623154138,0.11938606382388484,0.24860814352884703,0.29382706037683665,0.010419267124505983,0.2834077932523306,0.029028294159629105,0.02764985364480695,0.2498927475546505,0.13902240396064963
continuous96,F1,91001,0.5117570938022047,0.25412818628149797,0.14015447688789973,0.29477565614982904,0.3269605728775668,0.010419267124505983,0.3165413057530608,0.016577742688281667,0.015063126250116509,0.2964282780173394,0.06024493222695946
continuous96,F1,91002,0.4358073280769437,0.2169471085495178,0.10385640279056546,0.2159247248346693,0.25405293198250223,0.010419267124505983,0.2436336648579963,0.025818940078019277,0.025471448440943695,0.21632343514378782,0.20120562600797084
continuous96,F1,91003,0.2252325315131757,0.10955823010137591,0.03733643346023435,0.12298535004097083,0.14083701560022308,0.010419267124505983,0.13041774847571716,0.026236342496877323,0.02608496328270403,0.12308596396238818,0.6077328748626339
continuous96,F1,91004,0.44874605264505285,0.22265721033941613,0.10995307258317467,0.2202559180884712,0.26723388615333427,0.010419267124505983,0.2568146190288283,0.030218233794101268,0.02956951228322318,0.2209247585330767,0.17617192691505026
continuous96,F1,91005,0.5148944393171719,0.25531333813333745,0.14182704805714363,0.31823043795772604,0.33989911021660546,0.010419267124505983,0.3294798430920995,0.0132360659920038,0.013196247514786331,0.3183016376330625,0.054394211670062684
continuous96,F1,91006,0.46702773358595345,0.23231965721578307,0.11835768336009049,0.2539589646127718,0.29331262779093953,0.010419267124505983,0.28289336066643356,0.0239734646395166,0.02265359316938467,0.25520229400515465,0.14311130471884492
continuous96,F2,91001,0.41647233964634994,0.20734476302329938,0.09589594656660923,0.1847515972115346,0.24660505140411937,0.010419267124505983,0.2361857842796135,0.05224037706962579,0.04843534238779222,0.18699453228879973,0.2361062304596185
continuous96,F2,91002,0.39696896800414855,0.1978349669535714,0.08751309099843056,0.17887989146664351,0.2216483986729868,0.010419267124505983,0.21122913154848078,0.034516407377444054,0.03391497157890379,0.1793947309230636,0.27329837155560066
continuous96,F2,91003,0.08258372101995502,0.03519954405234486,0.0055197563209911475,0.04879182283744113,0.06868698025728419,0.010419267124505983,0.058267713132778204,0.04826480064760687,0.04786883129002628,0.04889310615822812,0.8808926001109767
continuous96,F2,91004,0.3967341499472341,0.1969752216928294,0.087718961636901,0.17814784811231477,0.22795849256839715,0.010419267124505983,0.21753922544389115,0.03753638593289594,0.03639173112384115,0.1790656031072659,0.27197426199450786
continuous96,F2,91005,0.463220082081977,0.22945548060136606,0.11653127670546305,0.25808340721445794,0.2987230398171315,0.010419267124505983,0.28830377269262547,0.030590780044763195,0.030581001961080476,0.258083943572359,0.14977783648601925
continuous96,F2,91006,0.41538096503011346,0.2064264040450014,0.09536275596916216,0.21142857514900923,0.2578117223995812,0.010419267124505983,0.24739245527507528,0.035356592776993004,0.03420824212775872,0.2124341695047076,0.23776760500631525
