seed,arm,geometry,k,ce,brier
92601,I-F,H48,2,0.6398737584566679,0.22417524852067747
92601,I-F,H48,8,0.5876875933819531,0.19984351299394146
92601,I-F,H48,32,0.545209904279077,0.18072794950652735
92601,I-F,H48,128,0.5068912151514053,0.16432162800984257
92601,I-F,H48,512,0.4632981939527174,0.14628645066910595
92601,I-F,H48,1152,0.4368327483309003,0.1357034641752521
92601,I-S,H48,2,0.639964266332529,0.22420654061918316
92601,I-S,H48,8,0.5875844825388508,0.1997988411036774
92601,I-S,H48,32,0.5454933365980011,0.1808857891741873
92601,I-S,H48,128,0.5079075989761023,0.1647812590814745
92601,I-S,H48,512,0.4655769030027779,0.14721993247475088
92601,I-S,H48,1152,0.4405296129003374,0.13722358649740435
92601,I-R,H48,2,0.6396990300576703,0.2240862536466967
92601,I-R,H48,8,0.587513401874561,0.1997442241214917
92601,I-R,H48,32,0.5457261882923711,0.1809992213625455
92601,I-R,H48,128,0.5084542478506318,0.16502283482969962
92601,I-R,H48,512,0.46664073110015014,0.14767507518437775
92601,I-R,H48,1152,0.4428944574687296,0.13817488293455565
92602,I-F,H48,2,0.641518712823061,0.22486690624851746
92602,I-F,H48,8,0.5879330267667888,0.19991189566506284
92602,I-F,H48,32,0.5458895999107288,0.1810817119582487
92602,I-F,H48,128,0.5072307691932798,0.1644804493175468
92602,I-F,H48,512,0.4631868812240805,0.14628652688339183
92602,I-F,H48,1152,0.4368474472509892,0.13573986191284923
92602,I-S,H48,2,0.6411022138155497,0.22467691073164464
92602,I-S,H48,8,0.5878316115970897,0.19986818954726307
92602,I-S,H48,32,0.5456101408753647,0.18097925538587514
92602,I-S,H48,128,0.5073791340559802,0.16454712820301795
92602,I-S,H48,512,0.46500697124483475,0.14701391335861294
92602,I-S,H48,1152,0.4406326261245193,0.1372585800014967
92602,I-R,H48,2,0.6407455236876617,0.22452374674015238
92602,I-R,H48,8,0.5880956991726267,0.19997850488392183
92602,I-R,H48,32,0.5459088108735113,0.1810807469933315
92602,I-R,H48,128,0.5085428717439961,0.16503587489637925
92602,I-R,H48,512,0.46674424218709265,0.14772396222680068
92602,I-R,H48,1152,0.4427045576792508,0.13808485175367233
92603,I-F,H48,2,0.6390744918976008,0.22379991799386628
92603,I-F,H48,8,0.5873214486251505,0.19967683482049983
92603,I-F,H48,32,0.545302423295309,0.180815714375768
92603,I-F,H48,128,0.507136632317032,0.16444342217113056
92603,I-F,H48,512,0.4634324062598955,0.14634553537476055
92603,I-F,H48,1152,0.4372038505298338,0.13585439195538543
92603,I-S,H48,2,0.639106757464813,0.22381435527748905
92603,I-S,H48,8,0.5874497324408133,0.1997358243174576
92603,I-S,H48,32,0.5450571052160424,0.1807227895323325
92603,I-S,H48,128,0.5074960655840393,0.1646114048622358
92603,I-S,H48,512,0.46571319811890227,0.14725602940997723
92603,I-S,H48,1152,0.44151590851922895,0.13759561655053112
92603,I-R,H48,2,0.6390934839977024,0.22380525942469395
92603,I-R,H48,8,0.5873839456426531,0.19970011368003004
92603,I-R,H48,32,0.5454272190662393,0.1808838981071201
92603,I-R,H48,128,0.508255959473583,0.16493580098142563
92603,I-R,H48,512,0.46663040337124007,0.1476611618508114
92603,I-R,H48,1152,0.44265000142229727,0.13806613831527856
92604,I-F,H48,2,0.639873355697255,0.22415239758643216
92604,I-F,H48,8,0.587834579846948,0.1998875798809926
92604,I-F,H48,32,0.5449984704575769,0.18067329401124682
92604,I-F,H48,128,0.5067555321951143,0.1643007718314178
92604,I-F,H48,512,0.46341703654064376,0.1463802305309166
92604,I-F,H48,1152,0.43708176200395576,0.13588805742506543
92604,I-S,H48,2,0.6397458795088075,0.22409646634334904
92604,I-S,H48,8,0.5877904037370467,0.19985947057607942
92604,I-S,H48,32,0.5452371628096497,0.1807783072551938
92604,I-S,H48,128,0.5076440433900405,0.16467359193248138
92604,I-S,H48,512,0.46554288164148033,0.14721401685064386
92604,I-S,H48,1152,0.4407902855475082,0.13731384853837736
92604,I-R,H48,2,0.6397519180963003,0.22409710356331466
92604,I-R,H48,8,0.5878576406878122,0.19989268054246268
92604,I-R,H48,32,0.5451875734596389,0.1807654805145677
92604,I-R,H48,128,0.5079530745521602,0.16480652250283617
92604,I-R,H48,512,0.4665764198193655,0.14766080861778685
92604,I-R,H48,1152,0.4428402019302059,0.13819704620543244
92605,I-F,H48,2,0.6395993433599896,0.2240071555128861
92605,I-F,H48,8,0.587826384594969,0.19986044272772183
92605,I-F,H48,32,0.5460413217779968,0.18119068275581235
92605,I-F,H48,128,0.5078769210889631,0.16481288184844028
92605,I-F,H48,512,0.4633892043668305,0.1463915222833652
92605,I-F,H48,1152,0.4365745775833159,0.13568518033529708
92605,I-S,H48,2,0.6397528429117038,0.22407670657770098
92605,I-S,H48,8,0.5873059408060661,0.19965701623128868
92605,I-S,H48,32,0.5453742107174009,0.1808637314739948
92605,I-S,H48,128,0.5077351763283082,0.1647108410201394
92605,I-S,H48,512,0.46558701674426667,0.14722516753221165
92605,I-S,H48,1152,0.4410304934461422,0.1374311678744306
92605,I-R,H48,2,0.6401656805961713,0.22425626107742547
92605,I-R,H48,8,0.5880266262327785,0.19995674567389324
92605,I-R,H48,32,0.5462364318098405,0.18125908738499855
92605,I-R,H48,128,0.5089339447423803,0.16525177316969358
92605,I-R,H48,512,0.4674236248806613,0.14805040131820565
92605,I-R,H48,1152,0.443666757101428,0.13857957568329277
92606,I-F,H48,2,0.6395729431006228,0.22402424195687307
92606,I-F,H48,8,0.5876073835606717,0.19979685332481148
92606,I-F,H48,32,0.5449483037955487,0.18068066394436338
92606,I-F,H48,128,0.506815822999388,0.1643273707813865
92606,I-F,H48,512,0.4631376699703226,0.1463096351066049
92606,I-F,H48,1152,0.43678135538276663,0.13579226139509992
92606,I-S,H48,2,0.6396090637569121,0.22404501805184623
92606,I-S,H48,8,0.5876638019659607,0.19982033580823785
92606,I-S,H48,32,0.5451936426831849,0.18078752012509622
92606,I-S,H48,128,0.5076216543283748,0.16466727648927043
92606,I-S,H48,512,0.46552878919316043,0.14724041230635238
92606,I-S,H48,1152,0.44063144750914485,0.13727228569035096
92606,I-R,H48,2,0.6397666473443799,0.22410407748324063
92606,I-R,H48,8,0.5878420866980817,0.1998818642507436
92606,I-R,H48,32,0.5455302588032152,0.1809236828539569
92606,I-R,H48,128,0.5083224989225253,0.16495484697010857
92606,I-R,H48,512,0.46691673429141395,0.1478000047470363
92606,I-R,H48,1152,0.44271186046395256,0.13809245472699244
