condition,contrast,metric,estimate,lo95,hi95,scope
w48_k0_natural,R10-R00,CE,-9.16971009977674e-05,-0.0020961770848141547,0.0014384973504243757,exploratory_pointwise
w48_k0_natural,R10-R00,Brier,-4.579473561239222e-05,-0.0010471232539177964,0.0007185435748204656,exploratory_pointwise
w48_k1_natural,R10-R00,CE,0.005209485495742738,-0.003438893444317459,0.01735252066174757,exploratory_pointwise
w48_k1_natural,R10-R00,Brier,0.00236913467003641,-0.0014201758359982865,0.007755617732084935,exploratory_pointwise
w48_k2_natural,R10-R00,CE,0.0022871093617152782,-0.002247026488814019,0.00721018437150388,exploratory_pointwise
w48_k2_natural,R10-R00,Brier,0.0010775002862877248,-0.0010259190348286171,0.003482834981937875,exploratory_pointwise
w48_k2_common,R10-R00,CE,-0.016715218590576786,-0.04032522039301095,0.009668803264350916,exploratory_pointwise
w48_k2_common,R10-R00,Brier,-0.007699363890144667,-0.0188838069851166,0.004803925119045509,exploratory_pointwise
w48_k8_natural,R10-R00,CE,-8.056449895399442e-05,-0.0026681756552341313,0.0022095425191974985,exploratory_pointwise
w48_k8_natural,R10-R00,Brier,-8.838934258126319e-05,-0.0012354007351681865,0.000910494544577276,exploratory_pointwise
w48_k32_natural,R10-R00,CE,0.0011591058761234452,-0.00010482449573690904,0.002929860252078825,exploratory_pointwise
w48_k32_natural,R10-R00,Brier,0.0005053952226052594,-5.591747887350382e-05,0.0013159363793407144,exploratory_pointwise
w48_k32_common,R10-R00,CE,0.001763898633322325,-0.0024833230008624043,0.006103667681635133,exploratory_pointwise
w48_k32_common,R10-R00,Brier,0.0006020555606366662,-0.001257065982475742,0.002348279020830342,exploratory_pointwise
w48_k128_natural,R10-R00,CE,-3.805910788939881e-05,-0.000491632279396087,0.00044535060061596024,exploratory_pointwise
w48_k128_natural,R10-R00,Brier,4.269991449395993e-06,-0.00016569469659060283,0.00019379894635963006,exploratory_pointwise
w48_k512_natural,R10-R00,CE,3.0573857120796966e-05,-0.0002538272272183881,0.00034113999201474814,exploratory_pointwise
w48_k512_natural,R10-R00,Brier,-4.422394213179914e-06,-0.00010595204434268625,9.689089662437733e-05,exploratory_pointwise
w48_k512_common,R10-R00,CE,1.995973022678177e-05,-0.00036359063927328406,0.0004030610596792286,exploratory_pointwise
w48_k512_common,R10-R00,Brier,1.882675275681478e-05,-0.00012025046520619289,0.0001581778772309593,exploratory_pointwise
w48_k576_natural,R10-R00,CE,5.30288745574925e-05,-0.00019349510404963188,0.0003123687997006949,exploratory_pointwise
w48_k576_natural,R10-R00,Brier,9.96955230121721e-06,-8.245989928620523e-05,9.827877836197928e-05,exploratory_pointwise
w48_k1152_natural,R10-R00,CE,3.942713652504981e-06,-0.00022069085844569902,0.00024889138124500036,exploratory_pointwise
w48_k1152_natural,R10-R00,Brier,3.101653566622842e-07,-7.784823138579193e-05,8.632134890642906e-05,exploratory_pointwise
w48_k1728_natural,R10-R00,CE,-5.299813568421241e-05,-0.0003223640677005368,0.00018950858206249463,exploratory_pointwise
w48_k1728_natural,R10-R00,Brier,-2.0992475398662336e-05,-0.00011630254700221755,6.274856187982769e-05,exploratory_pointwise
w48_k2048_natural,R10-R00,CE,-8.265683978436744e-05,-0.00032375261149261215,0.00017262013044945198,exploratory_pointwise
w48_k2048_natural,R10-R00,Brier,-3.602408801042789e-05,-0.0001252927801191961,5.573724354559412e-05,exploratory_pointwise
w96_k0_natural,R10-R00,CE,0.0004029771100200197,-0.0011228870010677433,0.002626361089678644,exploratory_pointwise
w96_k0_natural,R10-R00,Brier,0.00020127225602542542,-0.0005613696201022991,0.0013120589647190122,exploratory_pointwise
w96_k1_natural,R10-R00,CE,-0.05904524817582435,-0.10051020249603802,-0.011858618456411093,exploratory_pointwise
w96_k1_natural,R10-R00,Brier,-0.028522620644026858,-0.04822982548769383,-0.0061114550453028335,exploratory_pointwise
w96_k2_natural,R10-R00,CE,-0.05878487736187932,-0.08907690776158768,-0.015840188988924527,exploratory_pointwise
w96_k2_natural,R10-R00,Brier,-0.02718921541012198,-0.04099237689138416,-0.007935040837124839,exploratory_pointwise
w96_k2_common,R10-R00,CE,0.0012336597562457863,-0.025980796715669486,0.038727637323536505,exploratory_pointwise
w96_k2_common,R10-R00,Brier,0.0006035277249577808,-0.0126113950977071,0.018797313583128913,exploratory_pointwise
w96_k8_natural,R10-R00,CE,-0.01351823064569646,-0.023785158537626822,-0.0028921898124008067,exploratory_pointwise
w96_k8_natural,R10-R00,Brier,-0.005542749085679977,-0.009727098818895557,-0.0011949447429252782,exploratory_pointwise
w96_k32_natural,R10-R00,CE,-0.001357490363140812,-0.003773853155657454,0.0006703796395799463,exploratory_pointwise
w96_k32_natural,R10-R00,Brier,-0.000572303616440506,-0.0016048852043251676,0.0003430658269642066,exploratory_pointwise
w96_k32_common,R10-R00,CE,-0.020983700048751497,-0.040716767630635434,0.0020202085382503617,exploratory_pointwise
w96_k32_common,R10-R00,Brier,-0.008635711987360684,-0.01770589557794084,0.002175903589745792,exploratory_pointwise
w96_k128_natural,R10-R00,CE,-0.0001411743017812328,-0.0011420255041603906,0.0007057846600031755,exploratory_pointwise
w96_k128_natural,R10-R00,Brier,-9.726268117993264e-05,-0.0005115293971673159,0.00024377414747541885,exploratory_pointwise
w96_k512_natural,R10-R00,CE,0.00020310409256218964,-0.0003003872840004057,0.0007085352215723688,exploratory_pointwise
w96_k512_natural,R10-R00,Brier,8.015685785556226e-05,-0.00011317829125729109,0.00026573428434633955,exploratory_pointwise
w96_k512_common,R10-R00,CE,0.002672883777275814,7.583169147757363e-05,0.005201111205241753,exploratory_pointwise
w96_k512_common,R10-R00,Brier,0.0008980540719177171,1.539204497450278e-05,0.0017729388873118678,exploratory_pointwise
w96_k2048_natural,R10-R00,CE,-0.0001841139247357182,-0.0005675967279229713,0.00019579665141276415,exploratory_pointwise
w96_k2048_natural,R10-R00,Brier,-6.213324171622236e-05,-0.00018309975038149074,7.208825876776369e-05,exploratory_pointwise
w96_k2304_natural,R10-R00,CE,-0.00022398557403047192,-0.0005788516813297881,0.0001448887644205212,exploratory_pointwise
w96_k2304_natural,R10-R00,Brier,-6.905740864524001e-05,-0.00018755013555371396,5.058754921065337e-05,exploratory_pointwise
w96_k4608_natural,R10-R00,CE,-0.00014993696181869742,-0.0005578487370933277,0.00025248575228031226,exploratory_pointwise
w96_k4608_natural,R10-R00,Brier,-5.844841028630754e-05,-0.00019935325116413952,7.596779227835059e-05,exploratory_pointwise
w96_k6912_natural,R10-R00,CE,-0.00021462855306286777,-0.0006353184916448373,0.00020538132424994184,exploratory_pointwise
w96_k6912_natural,R10-R00,Brier,-8.308651901972608e-05,-0.00024330889908556335,7.358270985292416e-05,exploratory_pointwise
w128_k0_natural,R10-R00,CE,-0.00027887061638420807,-0.002231710163992756,0.0011408075883550769,exploratory_pointwise
w128_k0_natural,R10-R00,Brier,-0.00013927928817222823,-0.001115215731551817,0.0005703243401470238,exploratory_pointwise
w128_k1_natural,R10-R00,CE,-0.018620546747370015,-0.04518521556312507,0.008976458913435115,exploratory_pointwise
w128_k1_natural,R10-R00,Brier,-0.009234029518947723,-0.0222662423633555,0.004238692932560526,exploratory_pointwise
w128_k2_natural,R10-R00,CE,-0.04296325420492009,-0.06534171905729717,-0.01944882941773661,exploratory_pointwise
w128_k2_natural,R10-R00,Brier,-0.020787853716687454,-0.03140390554021559,-0.009541006597388602,exploratory_pointwise
w128_k2_common,R10-R00,CE,-0.003266569050931478,-0.022961535862101395,0.018211936595749312,exploratory_pointwise
w128_k2_common,R10-R00,Brier,-0.001657434545357439,-0.011350516336157274,0.008721769048441961,exploratory_pointwise
w128_k8_natural,R10-R00,CE,-0.0361680784801397,-0.053315523182717386,-0.017330742185416772,exploratory_pointwise
w128_k8_natural,R10-R00,Brier,-0.01619454013402888,-0.023905553076995417,-0.007656271201669405,exploratory_pointwise
w128_k32_natural,R10-R00,CE,-0.0011071056552708347,-0.007152347687498098,0.005398744797244306,exploratory_pointwise
w128_k32_natural,R10-R00,Brier,-0.0004517308076391613,-0.0030345547052588484,0.0022156835505689515,exploratory_pointwise
w128_k32_common,R10-R00,CE,-0.03599290431109148,-0.05801155677729124,-0.014666413530389248,exploratory_pointwise
w128_k32_common,R10-R00,Brier,-0.016319701101155992,-0.026533429508138362,-0.0064162499737225286,exploratory_pointwise
w128_k128_natural,R10-R00,CE,0.0004542050705653722,-0.0008385104756244433,0.0020145705378829246,exploratory_pointwise
w128_k128_natural,R10-R00,Brier,0.00018899553637341526,-0.00040240208250535774,0.0008756322047496058,exploratory_pointwise
w128_k512_natural,R10-R00,CE,0.00037977321362747674,-0.0003993944289775911,0.0011496320422110515,exploratory_pointwise
w128_k512_natural,R10-R00,Brier,0.00013619133891779045,-0.00016486161866854644,0.00044500076373529455,exploratory_pointwise
w128_k512_common,R10-R00,CE,0.0030608758545017656,-0.0003491380944663447,0.0063317954129005595,exploratory_pointwise
w128_k512_common,R10-R00,Brier,0.0011530875513483807,-6.370503211431884e-05,0.0023364429443032742,exploratory_pointwise
w128_k2048_natural,R10-R00,CE,0.0006186142010798923,0.00010561340631327493,0.0011629652229386358,exploratory_pointwise
w128_k2048_natural,R10-R00,Brier,0.00020086382759414156,-1.5717968033526764e-05,0.0004186640096146959,exploratory_pointwise
w128_k4096_natural,R10-R00,CE,0.00026398230944235657,-0.00017071966194829729,0.0006791093103912583,exploratory_pointwise
w128_k4096_natural,R10-R00,Brier,5.675717346800835e-05,-9.08624215320692e-05,0.0002051926866960422,exploratory_pointwise
w128_k8192_natural,R10-R00,CE,-3.5829805597464848e-06,-0.0004879031028287628,0.0004348027908569348,exploratory_pointwise
w128_k8192_natural,R10-R00,Brier,-3.4141552850280865e-05,-0.00021243477505426058,0.00013392399910763718,exploratory_pointwise
w128_k12288_natural,R10-R00,CE,0.00014888658113659803,-0.0002638651665676478,0.0005198416628803118,exploratory_pointwise
w128_k12288_natural,R10-R00,Brier,2.901350636465294e-05,-0.00012945378778560327,0.0001722107481043983,exploratory_pointwise
w48_k0_natural,R11-R10,CE,0.0002762990953750766,-0.0006182574449685479,0.0015416369788298042,exploratory_pointwise
w48_k0_natural,R11-R10,Brier,0.00013810690610649434,-0.00030910241712023067,0.0007707352952542174,exploratory_pointwise
w48_k1_natural,R11-R10,CE,0.003314936807821023,0.00047023905802842105,0.006815108409315401,exploratory_pointwise
w48_k1_natural,R11-R10,Brier,0.0014233041501571508,0.00020193217334982252,0.002892976589356538,exploratory_pointwise
w48_k2_natural,R11-R10,CE,-0.0007013049063617771,-0.002465309256012968,0.001020512130486433,exploratory_pointwise
w48_k2_natural,R11-R10,Brier,-0.00035145466365171796,-0.0011853455143477527,0.00046385221380602286,exploratory_pointwise
w48_k2_common,R11-R10,CE,-0.007896000320985808,-0.02126090228753142,0.002902723120433299,exploratory_pointwise
w48_k2_common,R11-R10,Brier,-0.0038293459949537423,-0.010269980428478915,0.0012684508170300417,exploratory_pointwise
w48_k8_natural,R11-R10,CE,2.6671045537218774e-05,-0.0008731654101872488,0.0008743694390963119,exploratory_pointwise
w48_k8_natural,R11-R10,Brier,3.0387296945294517e-05,-0.00035320852074207656,0.0003958520159936841,exploratory_pointwise
w48_k32_natural,R11-R10,CE,-0.0005238211153230643,-0.0014595896927991471,0.0003446141940488756,exploratory_pointwise
w48_k32_natural,R11-R10,Brier,-0.00021701780934241244,-0.0006427151803843796,0.00014936234817959214,exploratory_pointwise
w48_k32_common,R11-R10,CE,-0.00019300608685091092,-0.002331115852555457,0.0025967503256173123,exploratory_pointwise
w48_k32_common,R11-R10,Brier,8.750363631748748e-05,-0.000842782507965157,0.0014484518751542459,exploratory_pointwise
w48_k128_natural,R11-R10,CE,-9.961424363269522e-05,-0.0003856989794460544,0.000164120705285159,exploratory_pointwise
w48_k128_natural,R11-R10,Brier,-3.709708278576418e-05,-0.00014142185447353454,6.365791699355534e-05,exploratory_pointwise
w48_k512_natural,R11-R10,CE,-9.832206317256231e-05,-0.00027278520514173454,8.754700935275908e-05,exploratory_pointwise
w48_k512_natural,R11-R10,Brier,-2.84028436630529e-05,-8.866467349985599e-05,3.374868939070328e-05,exploratory_pointwise
w48_k512_common,R11-R10,CE,-7.499065285471174e-05,-0.0003290763282453077,0.00018066014894060057,exploratory_pointwise
w48_k512_common,R11-R10,Brier,-2.7182746820661463e-05,-0.00010452531538455573,5.384112849774047e-05,exploratory_pointwise
w48_k576_natural,R11-R10,CE,-0.00010138376530516302,-0.0002600869901076816,5.436860953382227e-05,exploratory_pointwise
w48_k576_natural,R11-R10,Brier,-2.7736095768809976e-05,-8.175740686257004e-05,2.691411147784644e-05,exploratory_pointwise
w48_k1152_natural,R11-R10,CE,-5.7831088023097e-05,-0.00017239503862298,3.956621154643777e-05,exploratory_pointwise
w48_k1152_natural,R11-R10,Brier,-1.5179978600801669e-05,-5.424445155247648e-05,1.9351577078693244e-05,exploratory_pointwise
w48_k1728_natural,R11-R10,CE,-1.3386869544995683e-05,-0.00010269985351190753,6.958772967844136e-05,exploratory_pointwise
w48_k1728_natural,R11-R10,Brier,-1.105915795843182e-06,-3.7361363359276685e-05,3.265703601150601e-05,exploratory_pointwise
w48_k2048_natural,R11-R10,CE,-4.5743533668707315e-05,-0.00014657290935047028,6.57138278024799e-05,exploratory_pointwise
w48_k2048_natural,R11-R10,Brier,-1.1833914461023554e-05,-4.9918462789294224e-05,2.8324502172891153e-05,exploratory_pointwise
w96_k0_natural,R11-R10,CE,-6.44444299412461e-05,-0.001301606322821522,0.000962281278782572,exploratory_pointwise
w96_k0_natural,R11-R10,Brier,-3.2215460698814535e-05,-0.0006506411389261876,0.00048107338806826306,exploratory_pointwise
w96_k1_natural,R11-R10,CE,0.00017568368044429405,-0.002017685870697619,0.002584449231499578,exploratory_pointwise
w96_k1_natural,R11-R10,Brier,9.449454089424658e-05,-0.0009109435756047897,0.0012029062943956772,exploratory_pointwise
w96_k2_natural,R11-R10,CE,-0.0012711339072776218,-0.0042314320604177474,0.0008909731884845125,exploratory_pointwise
w96_k2_natural,R11-R10,Brier,-0.0006434891213283611,-0.0020713136429082062,0.00036734156108060264,exploratory_pointwise
w96_k2_common,R11-R10,CE,-0.01814991581403158,-0.03930957822655427,-0.004082541599896597,exploratory_pointwise
w96_k2_common,R11-R10,Brier,-0.00886209826115078,-0.018994776614435868,-0.002052133125877149,exploratory_pointwise
w96_k8_natural,R11-R10,CE,-0.00036365900711810006,-0.0019955457532904756,0.001124281611201647,exploratory_pointwise
w96_k8_natural,R11-R10,Brier,-0.00015480146790058935,-0.0008848511488605014,0.0005159172224856698,exploratory_pointwise
w96_k32_natural,R11-R10,CE,-0.00015827775705645752,-0.0011537482228408085,0.0006496120434760437,exploratory_pointwise
w96_k32_natural,R11-R10,Brier,-7.42204215281872e-05,-0.0005023197986767647,0.00024957955578054,exploratory_pointwise
w96_k32_common,R11-R10,CE,-0.011866991345464428,-0.02540115841228969,-0.002389913856270756,exploratory_pointwise
w96_k32_common,R11-R10,Brier,-0.00573337251703393,-0.012513393840098027,-0.0011169699375704664,exploratory_pointwise
w96_k128_natural,R11-R10,CE,-3.3625007631599146e-05,-0.0006783847600305787,0.0005754922985153173,exploratory_pointwise
w96_k128_natural,R11-R10,Brier,2.5431907852035973e-05,-0.00023163925885497718,0.00027043685062041166,exploratory_pointwise
w96_k512_natural,R11-R10,CE,-0.00010032267033061038,-0.00042085222993962364,0.00020929957459468854,exploratory_pointwise
w96_k512_natural,R11-R10,Brier,-4.406653135513583e-05,-0.0001686359477979897,7.309935228668044e-05,exploratory_pointwise
w96_k512_common,R11-R10,CE,-0.0010619646703030616,-0.0025393181002376793,0.0001844485386800696,exploratory_pointwise
w96_k512_common,R11-R10,Brier,-0.0003243216296704432,-0.0008923570752776458,0.0001390705197916647,exploratory_pointwise
w96_k2048_natural,R11-R10,CE,-7.606459159592571e-06,-0.00023910086970285044,0.00019434574434587499,exploratory_pointwise
w96_k2048_natural,R11-R10,Brier,6.672872993676582e-06,-6.689963737953088e-05,7.502685989806376e-05,exploratory_pointwise
w96_k2304_natural,R11-R10,CE,-6.99510564566852e-06,-0.0002150363629610394,0.00018134625170063276,exploratory_pointwise
w96_k2304_natural,R11-R10,Brier,8.945048843508885e-06,-5.578723328027585e-05,7.156505920662936e-05,exploratory_pointwise
w96_k4608_natural,R11-R10,CE,5.053607383354031e-05,-0.00013525567571297804,0.00023668846259425325,exploratory_pointwise
w96_k4608_natural,R11-R10,Brier,2.366282119964369e-05,-3.787147200458654e-05,8.512127483460761e-05,exploratory_pointwise
w96_k6912_natural,R11-R10,CE,5.695196912813838e-05,-9.921211391671764e-05,0.0002128319205005363,exploratory_pointwise
w96_k6912_natural,R11-R10,Brier,2.297423018729483e-05,-2.82988278152721e-05,7.679380642322367e-05,exploratory_pointwise
w128_k0_natural,R11-R10,CE,0.00040523019631255597,-0.0005324984394446508,0.001663032627172295,exploratory_pointwise
w128_k0_natural,R11-R10,Brier,0.00020255376629194077,-0.00026630494896529575,0.0008313333765045033,exploratory_pointwise
w128_k1_natural,R11-R10,CE,0.000907268092839919,-0.0010590400757382128,0.0030560645186478597,exploratory_pointwise
w128_k1_natural,R11-R10,Brier,0.0004331936186590668,-0.0005199620775151022,0.0014639726559775796,exploratory_pointwise
w128_k2_natural,R11-R10,CE,0.001503436806074454,-0.0004992727018763882,0.0037430310698785755,exploratory_pointwise
w128_k2_natural,R11-R10,Brier,0.0007304793736572224,-0.00020607967027478494,0.0017877830715465825,exploratory_pointwise
w128_k2_common,R11-R10,CE,-0.005330369868460361,-0.020134711927457007,0.004501682659917256,exploratory_pointwise
w128_k2_common,R11-R10,Brier,-0.0025902112454009585,-0.009668735049569138,0.0021755412895443815,exploratory_pointwise
w128_k8_natural,R11-R10,CE,0.00026750012767229325,-0.0026672153185808233,0.0028794157481565404,exploratory_pointwise
w128_k8_natural,R11-R10,Brier,0.0001314627925070866,-0.001251890923502271,0.0013743218874345752,exploratory_pointwise
w128_k32_natural,R11-R10,CE,-6.0133110486026986e-05,-0.0020587814406765105,0.0017211926457711192,exploratory_pointwise
w128_k32_natural,R11-R10,Brier,-8.296224003720432e-05,-0.0009628551153261757,0.0006821186815176426,exploratory_pointwise
w128_k32_common,R11-R10,CE,-0.009600477804619922,-0.02284154119963569,0.003163037480083216,exploratory_pointwise
w128_k32_common,R11-R10,Brier,-0.00483371391878884,-0.011167623473848476,0.0011677466205948272,exploratory_pointwise
w128_k128_natural,R11-R10,CE,-0.0005938839138650565,-0.001571247651471007,0.0002776563875853979,exploratory_pointwise
w128_k128_natural,R11-R10,Brier,-0.00022538442315372942,-0.0006198933988906599,0.00011194729031113347,exploratory_pointwise
w128_k512_natural,R11-R10,CE,-5.473104408071361e-05,-0.0007707215454577198,0.0007663696700475366,exploratory_pointwise
w128_k512_natural,R11-R10,Brier,-1.3666735281303577e-05,-0.0002992731401421325,0.0002975840730645874,exploratory_pointwise
w128_k512_common,R11-R10,CE,-0.002265749082253188,-0.004565243735755333,6.657614171864525e-05,exploratory_pointwise
w128_k512_common,R11-R10,Brier,-0.0007137207832165204,-0.001680701168100348,0.00026582252951680104,exploratory_pointwise
w128_k2048_natural,R11-R10,CE,0.0001336479533737278,-0.0001644396477109622,0.00042070258520040654,exploratory_pointwise
w128_k2048_natural,R11-R10,Brier,6.095605680345173e-05,-4.518527188696816e-05,0.0001651273584452762,exploratory_pointwise
w128_k4096_natural,R11-R10,CE,4.905410517641595e-05,-0.00015133777970167543,0.00026469136525391344,exploratory_pointwise
w128_k4096_natural,R11-R10,Brier,1.655322193255815e-05,-5.452752592495086e-05,9.259872126015052e-05,exploratory_pointwise
w128_k8192_natural,R11-R10,CE,7.34907901431825e-05,-8.960670126003655e-05,0.00024139198441142912,exploratory_pointwise
w128_k8192_natural,R11-R10,Brier,2.0070088828261223e-05,-3.436993566026184e-05,7.896392806065977e-05,exploratory_pointwise
w128_k12288_natural,R11-R10,CE,7.624018710766789e-05,-8.601529362955995e-05,0.00028121219664223036,exploratory_pointwise
w128_k12288_natural,R11-R10,Brier,2.196303367356378e-05,-3.924784860216829e-05,9.898052644899192e-05,exploratory_pointwise
