seed,arm,n_tokens,layout,clock,abs_delta_p,delta_p,kl
91001,A,256,far,fixed,0.06698344204397429,-0.03284910729243642,0.007023116326739124
91001,A,256,far,natural,0.07949161068314597,-0.031224451959133148,0.00451931050128504
91001,A,256,near,fixed,0.12975222058594227,-0.026567321891585987,0.014727225169758097
91001,A,256,near,natural,0.11624538153409958,-0.021358504536606017,0.008414181583556262
91001,A,256,uniform,fixed,0.08876187744594756,-0.029968487364905223,0.0068124625515944255
91001,A,256,uniform,natural,0.09504612615065915,-0.027117706923967318,0.005266211645711431
91001,A,576,far,fixed,0.050029286715601175,-0.036421094311489946,0.01322871339114409
91001,A,576,far,natural,0.050020783430054075,-0.033336215785571506,0.008904594829077215
91001,A,576,near,fixed,0.08170408578146071,-0.020635856049401418,0.004311676074912622
91001,A,576,near,natural,0.07974379669342722,-0.020516484798420043,0.003495456020132887
91001,A,576,uniform,fixed,0.05408138923701786,-0.026849254610992614,0.0062965567940281375
91001,A,576,uniform,natural,0.05445024424365589,-0.024009626358747482,0.004251712348590849
91001,A,1024,far,fixed,0.025787098421936945,-0.015470649869669052,0.010412801540656587
91001,A,1024,far,natural,0.027514495842513583,-0.020373049059084485,0.010645407776459096
91001,A,1024,near,fixed,0.044076791121846155,-0.017604470252990723,0.005648790354444029
91001,A,1024,near,natural,0.043718184832306134,-0.0192366669043189,0.005146498111911945
91001,A,1024,uniform,fixed,0.03164381675776981,-0.017436640957991283,0.008370489934507671
91001,A,1024,uniform,natural,0.03249520959243888,-0.020914767913165547,0.008152962648408982
91001,B,256,far,fixed,0.046902146988681385,-0.013507824834613573,0.00945902508121924
91001,B,256,far,natural,0.0379539474490143,-0.013117933379752296,0.006264875738051466
91001,B,256,near,fixed,0.05653467907437256,-0.012688599083395232,0.014962196047491997
91001,B,256,near,natural,0.05331153307287466,-0.015956215116949307,0.014658847312754948
91001,B,256,uniform,fixed,0.05695673104907785,-0.011360039934515953,0.011943785485841333
91001,B,256,uniform,natural,0.0534869126443352,-0.016613634480606942,0.011539134986714697
91001,B,576,far,fixed,0.05339937479723068,-0.005027152952693757,0.012697580079192647
91001,B,576,far,natural,0.047003199390712236,-0.010765378407779195,0.009697123469744844
91001,B,576,near,fixed,0.0623797034578664,-0.004026322669926144,0.015558332491807967
91001,B,576,near,natural,0.05962382310203144,-0.00958392077258655,0.015438355227175753
91001,B,576,uniform,fixed,0.06577836704396066,-0.0013273274969486963,0.014722193464616144
91001,B,576,uniform,natural,0.06211780189048676,-0.008574344927356356,0.01410153788753325
91001,B,1024,far,fixed,0.054404610413170996,-0.0026040890564521155,0.014063619019601343
91001,B,1024,far,natural,0.05396039899261225,-0.004342943873433839,0.014127495349707768
91001,B,1024,near,fixed,0.05447645591838019,0.0007465804616610209,0.011379555544711475
91001,B,1024,near,natural,0.05697676335417089,-0.0016247985795849846,0.01256497676908724
91001,B,1024,uniform,fixed,0.06053071424719833,0.000558204682809966,0.012985929678253561
91001,B,1024,uniform,natural,0.06159248815051147,-0.0016143223536866052,0.013698944720223826
91001,C,256,far,fixed,0.09467585171972003,-0.005903452989600953,0.008966034998280968
91001,C,256,far,natural,0.10436475543039185,-0.013244896594967161,0.011266277547502448
91001,C,256,near,fixed,0.1120852663048676,-0.008132434671833402,0.015453412517772137
91001,C,256,near,natural,0.11863972494999568,-0.011611346155405045,0.017524490045575096
91001,C,256,uniform,fixed,0.10940405345034032,-0.0012599196994588489,0.013569370066151882
91001,C,256,uniform,natural,0.11867141998594716,-0.0036620915468250003,0.016752576863494358
91001,C,576,far,fixed,0.07829084047781569,-0.003971993701443786,0.014184361857410292
91001,C,576,far,natural,0.08009212277829647,-0.007980693929961749,0.01278525947806072
91001,C,576,near,fixed,0.09775908340123438,-0.006172497845476582,0.014615838564830555
91001,C,576,near,natural,0.1005350895492094,-0.007927166342380502,0.01490517754643081
91001,C,576,uniform,fixed,0.09182404939617429,-0.002219380189975103,0.014040893199962191
91001,C,576,uniform,natural,0.09420020035689786,-0.004240578927454494,0.013774710359891418
91001,C,1024,far,fixed,0.05708207841962576,-0.0030097742786719685,0.018665324632879142
91001,C,1024,far,natural,0.05893329264862197,-0.005578124629599708,0.018423046585919905
91001,C,1024,near,fixed,0.08479027512172858,0.0005001710461718696,0.016340306590588032
91001,C,1024,near,natural,0.08575333344439666,-0.0009414664514008022,0.016039099273471476
91001,C,1024,uniform,fixed,0.0707607948265615,0.0002853908088235628,0.015683013397432697
91001,C,1024,uniform,natural,0.07215573527805862,-0.0018883723144729931,0.01529198252875387
91002,A,256,far,fixed,0.0697149144751685,-0.014126367512203399,0.015529853798773297
91002,A,256,far,natural,0.06724324458766551,-0.016094220447398368,0.014437353796668453
91002,A,256,near,fixed,0.13248937018215656,-0.011696346192842438,0.028079161079675785
91002,A,256,near,natural,0.12468864564739522,-0.0028647628745862414,0.019592762284269462
91002,A,256,uniform,fixed,0.10543423119400229,-0.014605283116300901,0.020461058771789914
91002,A,256,uniform,natural,0.1002638398536614,-0.009780683155570711,0.015038882211747873
91002,A,576,far,fixed,0.03648741135285014,-0.010093117221480324,0.007219309757824341
91002,A,576,far,natural,0.03359573760202953,-0.010424836405685969,0.006374295289995413
91002,A,576,near,fixed,0.09799120468752724,-0.004952515165011088,0.009259892543740066
91002,A,576,near,natural,0.09590894054798853,-0.0038355241219202676,0.008511999399701445
91002,A,576,uniform,fixed,0.06551928516654741,-0.007758442667268571,0.005500485656922674
91002,A,576,uniform,natural,0.06164560325088955,-0.0059598808487256365,0.004029778965494451
91002,A,1024,far,fixed,0.012659451791218348,-0.0014758195195879256,0.0036439761306292415
91002,A,1024,far,natural,0.011220953648998624,-0.0008904046955562773,0.0035840398155064395
91002,A,1024,near,fixed,0.06692133187538102,0.001057748461053485,0.0030664489348616523
91002,A,1024,near,natural,0.06702648812816256,0.0009042379401978993,0.003167568857393987
91002,A,1024,uniform,fixed,0.03632385070834841,0.00019730946847370693,0.0017042748911425352
91002,A,1024,uniform,natural,0.035517528298355285,0.0005019374546550569,0.0016856559329864271
91002,B,256,far,fixed,0.07007145615560668,0.013538512445631482,0.03249838330447501
91002,B,256,far,natural,0.0755834619381598,0.01555714640943777,0.042663485596365805
91002,B,256,near,fixed,0.059214272758080846,0.010656026058963366,0.02919993094829703
91002,B,256,near,natural,0.05614938391816048,0.009534645470834914,0.0311079616946291
91002,B,256,uniform,fixed,0.06985706906943094,0.016428994813135693,0.03458456818620528
91002,B,256,uniform,natural,0.07381367976112026,0.015556378112662406,0.04325134351005207
91002,B,576,far,fixed,0.04459367142546745,0.01050482424242156,0.023082716332975966
91002,B,576,far,natural,0.044209721365145276,0.01288257876322383,0.023242080926465132
91002,B,576,near,fixed,0.04682828840755281,0.01031005418016797,0.025372096571372422
91002,B,576,near,natural,0.04615469445430097,0.009069076517508143,0.02622899217798284
91002,B,576,uniform,fixed,0.05212944488795031,0.01146310789599305,0.028098137892894535
91002,B,576,uniform,natural,0.05195094866766816,0.011705869454003516,0.029430720971579675
91002,B,1024,far,fixed,0.0420867826434828,0.010769255370611236,0.025878554267195705
91002,B,1024,far,natural,0.040748219404901774,0.01130109102953048,0.0250642352345245
91002,B,1024,near,fixed,0.04568278727432092,0.006633018365218526,0.026978740824927128
91002,B,1024,near,natural,0.04524356295310315,0.006566524949102174,0.02691174337354934
91002,B,1024,uniform,fixed,0.04634475583831469,0.006389811457622619,0.027874260438921886
91002,B,1024,uniform,natural,0.04557940869459084,0.006736301151769502,0.02755073448191084
91002,C,256,far,fixed,0.05070035505507674,0.005670529124992234,0.017714579451500817
91002,C,256,far,natural,0.04295313713096437,0.005310599293027606,0.016407141892341777
91002,C,256,near,fixed,0.05805544510838531,0.005624824070504734,0.01890953628604153
91002,C,256,near,natural,0.0519572901761248,0.0076729462792476015,0.01723590789818733
91002,C,256,uniform,fixed,0.05839981502365498,0.008585405402949877,0.020055526837617427
91002,C,256,uniform,natural,0.05184750072658062,0.007098162901543435,0.01855646294272064
91002,C,576,far,fixed,0.036950897780202684,0.0031810273371991656,0.012077111324847543
91002,C,576,far,natural,0.023718451282807758,0.0049979958151068005,0.009630738024684778
91002,C,576,near,fixed,0.04772105378409227,0.0056078094279482255,0.014244564043105857
91002,C,576,near,natural,0.040618116390847024,0.006207247131637165,0.012304794924535558
91002,C,576,uniform,fixed,0.04816900175951776,0.005260907645736422,0.015003166289824949
91002,C,576,uniform,natural,0.035193431412889845,0.006636188675959905,0.0118318669938602
91002,C,1024,far,fixed,0.03310486044557322,0.0017533038875886372,0.010721806813155583
91002,C,1024,far,natural,0.028360668747198014,0.0018893483848798844,0.009834920100997454
91002,C,1024,near,fixed,0.0426227862813643,0.0027606713452509473,0.012246205332830586
91002,C,1024,near,natural,0.03975019595097928,0.0026834129045406976,0.01152971309860357
91002,C,1024,uniform,fixed,0.03915861532801673,0.002103750194822039,0.011567444158678617
91002,C,1024,uniform,natural,0.035297653859569914,0.002163976076103392,0.010661924181083653
91003,A,256,far,fixed,0.04932081929984547,0.01771068803611256,0.006154099803539486
91003,A,256,far,natural,0.06379201316407748,0.014969956129789352,0.006299342374955408
91003,A,256,near,fixed,0.11313529170694805,0.014527071089971633,0.0034955168694016116
91003,A,256,near,natural,0.11760500215348743,0.006919083850724357,0.004112283392225004
91003,A,256,uniform,fixed,0.07341248843641508,0.018610860442831403,0.0024701189016059434
91003,A,256,uniform,natural,0.08455777931071463,0.011556790875537055,0.002955356902292961
91003,A,576,far,fixed,0.028726270156247274,0.004746658816224053,0.012483951756191724
91003,A,576,far,natural,0.031591265151898064,0.004209015518426895,0.011484015032495635
91003,A,576,near,fixed,0.08771438737000738,0.00756652316167241,0.001398522307963621
91003,A,576,near,natural,0.08786491712643987,0.004693571123338881,0.0012236695724082247
91003,A,576,uniform,fixed,0.04919595679356938,0.008175928145647049,0.0060245365999587915
91003,A,576,uniform,natural,0.05188831882107826,0.005960342252538318,0.005351500982857068
91003,A,1024,far,fixed,0.019042595333996274,-0.0014444637511457717,0.01548187591116407
91003,A,1024,far,natural,0.02004985387126605,-0.0015084823327405112,0.015216782666086498
91003,A,1024,near,fixed,0.05597017439348357,0.009845426217431114,0.004910516750804279
91003,A,1024,near,natural,0.057546498342638926,0.009061034059240705,0.004639973105361035
91003,A,1024,uniform,fixed,0.031153571215413865,0.0029692836105823517,0.011061155138363109
91003,A,1024,uniform,natural,0.03264601794736726,0.0026995999117692313,0.010675233168481598
91003,B,256,far,fixed,0.16286859661340714,-0.013944733355726515,0.11918699247943387
91003,B,256,far,natural,0.14313691446468943,-0.020288657042242232,0.09319882049497322
91003,B,256,near,fixed,0.11438049513491846,-0.022498604752832933,0.055687985599037745
91003,B,256,near,natural,0.10785682610280457,-0.021418537101930098,0.050691875765841075
91003,B,256,uniform,fixed,0.1515175611933782,-0.019789348445123152,0.10345496249801328
91003,B,256,uniform,natural,0.14541901049337216,-0.020064325249266057,0.09525102512782943
91003,B,576,far,fixed,0.13074781528363624,-0.013351025636352244,0.0800517590849996
91003,B,576,far,natural,0.12794222217053175,-0.014842070239995207,0.07778438095592115
91003,B,576,near,fixed,0.1101721709239341,-0.021995920466170424,0.057085731824325615
91003,B,576,near,natural,0.10986223355645225,-0.022072883943716686,0.05623168712789317
91003,B,576,uniform,fixed,0.1187161910125897,-0.018989820609844867,0.06870739413012213
91003,B,576,uniform,natural,0.12042174279867184,-0.01923240619223742,0.0706921387853434
91003,B,1024,far,fixed,0.08624988426232622,-0.010065180781696523,0.04346250545117799
91003,B,1024,far,natural,0.08810276427261886,-0.011048392126602786,0.04464269605317135
91003,B,1024,near,fixed,0.08464821033357155,-0.014479202839235464,0.03996582410571048
91003,B,1024,near,natural,0.08631756342947483,-0.01517806104606106,0.04081739573945529
91003,B,1024,uniform,fixed,0.08340219780802727,-0.013963215230476288,0.04082858570648908
91003,B,1024,uniform,natural,0.08568425480985925,-0.014629660662086237,0.04232835833471578
91003,C,256,far,fixed,0.0886771883815527,-0.019194326141760462,0.012548983488764518
91003,C,256,far,natural,0.09912780450568312,-0.026117556417981785,0.01597812345406131
91003,C,256,near,fixed,0.09059242332088095,-0.00818322878330946,0.01403697715926646
91003,C,256,near,natural,0.09484385792165995,-0.016776553798644317,0.015464604564944986
91003,C,256,uniform,fixed,0.09821401829166072,-0.014891044103673525,0.014622350894094482
91003,C,256,uniform,natural,0.10355671353283383,-0.023034217456976574,0.017104869772081494
91003,C,576,far,fixed,0.06552255171395484,-0.018992466053792408,0.008003722586270117
91003,C,576,far,natural,0.07505751498753116,-0.023033880672994115,0.009815732179015931
91003,C,576,near,fixed,0.07287346961952391,-0.010052632008280073,0.008335903951843653
91003,C,576,near,natural,0.07719904743134975,-0.014141068483392397,0.009341867999911753
91003,C,576,uniform,fixed,0.07408457746108373,-0.01588214969351178,0.007864115110882279
91003,C,576,uniform,natural,0.080173939821266,-0.020074313240391866,0.00950395232935126
91003,C,1024,far,fixed,0.043506733186188196,-0.016968200071936564,0.006875156397083769
91003,C,1024,far,natural,0.04895350541032496,-0.01889967696652526,0.007352179580389823
91003,C,1024,near,fixed,0.06250425933727197,-0.012650215643502417,0.006280659884217471
91003,C,1024,near,natural,0.06518471347434181,-0.014334214939957573,0.006671381138565689
91003,C,1024,uniform,fixed,0.054855339672593845,-0.016523249181253568,0.005369722279494022
91003,C,1024,uniform,natural,0.058496709469528424,-0.018087112566544897,0.005846529466113041
91004,A,256,far,fixed,0.06171122282033875,-0.017163201634372984,0.004963486487177638
91004,A,256,far,natural,0.07288356533362753,-0.019722502678632736,0.00505778152746493
91004,A,256,near,fixed,0.08733293964039712,-0.02044338324949855,0.004065652042094994
91004,A,256,near,natural,0.09677371489150184,-0.023019522783302125,0.005152863441775592
91004,A,256,uniform,fixed,0.07403974057663054,-0.02078881540468761,0.004888576460823894
91004,A,256,uniform,natural,0.0837681736974489,-0.023851306310721805,0.0053658432882833906
91004,A,576,far,fixed,0.03271374656330971,-0.012949865311384201,0.004382516801108724
91004,A,576,far,natural,0.03826362267136574,-0.01408829806106431,0.0037658842018440464
91004,A,576,near,fixed,0.06540430869374957,-0.013025241238730294,0.0012615237384160998
91004,A,576,near,natural,0.07213857095865976,-0.014455858085836683,0.0014795820306147147
91004,A,576,uniform,fixed,0.04454902062813441,-0.0138827750370616,0.0025169262491135337
91004,A,576,uniform,natural,0.05030377563976106,-0.01538396520274026,0.0021424738268783915
91004,A,1024,far,fixed,0.013479011044615791,-0.007229153244268326,0.006445260197125943
91004,A,1024,far,natural,0.015107492960634687,-0.0075424664786883765,0.00603413641582756
91004,A,1024,near,fixed,0.044579019503934045,-0.007024325430393219,0.0016975989357079608
91004,A,1024,near,natural,0.04729069556508746,-0.0073035941237495055,0.0014901831650392533
91004,A,1024,uniform,fixed,0.02561488197672935,-0.00715747635279383,0.003995791368701341
91004,A,1024,uniform,natural,0.02781907185202553,-0.007470758543128059,0.003636634250309456
91004,B,256,far,fixed,0.10530447658328783,-0.010275519852127348,0.03322300450645612
91004,B,256,far,natural,0.07099404301316965,-0.01922753391166528,0.016077867399017544
91004,B,256,near,fixed,0.09757617727986403,-0.0034706902113698776,0.026614333099936698
91004,B,256,near,natural,0.06977585215298902,-0.015610112054716973,0.01741953919072415
91004,B,256,uniform,fixed,0.09934540696087338,-0.0017551336260068985,0.029281666201306625
91004,B,256,uniform,natural,0.06958430553121227,-0.01596661311175142,0.016719836362221296
91004,B,576,far,fixed,0.09240863685097013,-0.004670989300523486,0.02571509901369654
91004,B,576,far,natural,0.08489384395735604,-0.009758412837982178,0.022230197965804117
91004,B,576,near,fixed,0.08672214219612735,0.008804381337194215,0.021326821502184262
91004,B,576,near,natural,0.0833703719434284,0.006111110959734235,0.020247598489149827
91004,B,576,uniform,fixed,0.08779014336566131,0.00531202865143617,0.022756951025392887
91004,B,576,uniform,natural,0.08302924374029749,0.001612605970530283,0.020760502751095825
91004,B,1024,far,fixed,0.07034991619487603,0.001776267286567461,0.01525269472585287
91004,B,1024,far,natural,0.07136541099420615,0.0015410462483054115,0.015669305880458777
91004,B,1024,near,fixed,0.0663557659302439,0.008298861483732859,0.012728731144875298
91004,B,1024,near,natural,0.0675158795146715,0.008298057530607496,0.013198674017151595
91004,B,1024,uniform,fixed,0.06622968179484208,0.007123261069258054,0.013053260601638231
91004,B,1024,uniform,natural,0.06730419299787,0.007076355229531016,0.013487484664703099
91004,C,256,far,fixed,0.07992369690466494,-0.012345933931924048,0.021754509747616963
91004,C,256,far,natural,0.08245694832432837,-0.01636579189272154,0.022309250961682774
91004,C,256,near,fixed,0.07452480282102313,-0.016634511805716016,0.017593779217173602
91004,C,256,near,natural,0.07613106976662364,-0.01669553472172646,0.01850594464940663
91004,C,256,uniform,fixed,0.08714607207193262,-0.013476456825931868,0.02484264540486666
91004,C,256,uniform,natural,0.08881309229348387,-0.015448587547455515,0.025348719880656425
91004,C,576,far,fixed,0.05913073205876918,-0.010657847903314092,0.014198607222940767
91004,C,576,far,natural,0.061044336429664066,-0.0115899078193165,0.01483145609279064
91004,C,576,near,fixed,0.06160509905644825,-0.012820148397059668,0.013690574669663362
91004,C,576,near,natural,0.06286178422825676,-0.012783576690015338,0.014073026262920103
91004,C,576,uniform,fixed,0.06482478825464136,-0.012821648713378679,0.01571350824164556
91004,C,576,uniform,natural,0.06642378414315837,-0.013334454258992559,0.016243545236307853
91004,C,1024,far,fixed,0.039017249785718466,-0.007532537870463871,0.009001518781375055
91004,C,1024,far,natural,0.04005812241562775,-0.007796179591899826,0.009273580988770765
91004,C,1024,near,fixed,0.047954165775861056,-0.00624639301427773,0.010127357077000118
91004,C,1024,near,natural,0.048642606873597415,-0.006285749996701877,0.010289292480693166
91004,C,1024,uniform,fixed,0.044679715165070126,-0.00750517596801122,0.009786708216141127
91004,C,1024,uniform,natural,0.045586321502923965,-0.007634169289043972,0.010017517192203238
91005,A,256,far,fixed,0.05318401079802286,0.022084562196618036,0.012400010880883397
91005,A,256,far,natural,0.05898245725603331,0.02561281497279803,0.010924125798011223
91005,A,256,near,fixed,0.11560183550630297,0.028151774690264746,0.0074529242021734235
91005,A,256,near,natural,0.11612209429343541,0.024638177028724124,0.0067048098130127924
91005,A,256,uniform,fixed,0.06255278310605458,0.024590696252527692,0.008813446272055029
91005,A,256,uniform,natural,0.07047274052387192,0.0264293063609373,0.008235545659220503
91005,A,576,far,fixed,0.021744620232355027,0.009688554065568107,0.014425256525021737
91005,A,576,far,natural,0.02435894115340142,0.010660995152734574,0.013436967726505447
91005,A,576,near,fixed,0.06312808181558337,0.01574419296923138,0.005216282622266552
91005,A,576,near,natural,0.06798775032872245,0.015169907538663773,0.004648444261752644
91005,A,576,uniform,fixed,0.028262196020001455,0.012594006423439299,0.01202118046138435
91005,A,576,uniform,natural,0.03206955836642356,0.013487821356171653,0.0110129958308919
91005,A,1024,far,fixed,0.007726212342580159,0.0043397169737588795,0.017950999499181153
91005,A,1024,far,natural,0.008721099013373965,0.0044598813567842755,0.01754878509360426
91005,A,1024,near,fixed,0.02509529728974615,0.007250017530861355,0.012017325095558997
91005,A,1024,near,natural,0.02664014980906532,0.007392053093229022,0.01158188320974139
91005,A,1024,uniform,fixed,0.012701527703376044,0.005468528895151047,0.016051765176357653
91005,A,1024,uniform,natural,0.013859171775125322,0.005640291919310887,0.015634523034618493
91005,B,256,far,fixed,0.10319797197977702,-0.00902744276182992,0.018703216923454516
91005,B,256,far,natural,0.10211122497206643,-0.01467592553013847,0.018731990995371976
91005,B,256,near,fixed,0.12707240311872392,-0.008152240798586891,0.032908455859754764
91005,B,256,near,natural,0.12055663329859574,-0.011492280644320306,0.02939961604281686
91005,B,256,uniform,fixed,0.12592178050960814,-0.008388729322524298,0.03167281014386748
91005,B,256,uniform,natural,0.12287999574272405,-0.016244304233363697,0.0298626742070981
91005,B,576,far,fixed,0.08803564434250195,-0.003105511800164268,0.012680638517686325
91005,B,576,far,natural,0.09168319120293572,-0.0056174514549119136,0.013777622221182409
91005,B,576,near,fixed,0.11674578443524383,-0.006442166066595486,0.027367880510175982
91005,B,576,near,natural,0.12033968480924766,-0.00730360716226555,0.029579404801409716
91005,B,576,uniform,fixed,0.10962632245251111,-0.004801475043807711,0.023295110270576992
91005,B,576,uniform,natural,0.11226275031055723,-0.00784383678720111,0.024384857512910366
91005,B,1024,far,fixed,0.06290082739932197,-0.001431411930492946,0.0063370056620663095
91005,B,1024,far,natural,0.06612289714671317,-0.002513583039953595,0.007071251557143556
91005,B,1024,near,fixed,0.08166159760384332,-0.005904834185327802,0.011610348945604247
91005,B,1024,near,natural,0.08466807930242448,-0.00611310274828048,0.012622054466649728
91005,B,1024,uniform,fixed,0.07804040380177044,-0.004100622697955086,0.01072521346035355
91005,B,1024,uniform,natural,0.08103382010899839,-0.004706398983086858,0.01167170015320804
91005,C,256,far,fixed,0.10045421194462549,0.01539102622440883,0.013897728293393408
91005,C,256,far,natural,0.10327065736055374,0.01611346680493582,0.014651375199683262
91005,C,256,near,fixed,0.11252961937515508,0.007163887666094871,0.01689371429875096
91005,C,256,near,natural,0.1104092670693284,0.006870104975643612,0.016092974647616252
91005,C,256,uniform,fixed,0.13607751205563545,0.006011183595373517,0.02727085491595331
91005,C,256,uniform,natural,0.12991563328320072,0.007807992132646697,0.024422416222726222
91005,C,576,far,fixed,0.08053457932103247,0.006580093254645665,0.007648055249063502
91005,C,576,far,natural,0.08325443044304848,0.0069886167489347,0.008422868919286003
91005,C,576,near,fixed,0.10387460958390009,0.0010358790556589763,0.01453803854944184
91005,C,576,near,natural,0.10364255814680032,0.0021473076194524765,0.014514254673322104
91005,C,576,uniform,fixed,0.10283081100455352,-0.0005932692438364029,0.013962770095269975
91005,C,576,uniform,natural,0.10461740000616937,-0.00017614041765530905,0.014673231881352798
91005,C,1024,far,fixed,0.051310930046297255,0.0031842151213259924,0.003974542419354924
91005,C,1024,far,natural,0.0527409410902432,0.003176162995043255,0.0041680739939254485
91005,C,1024,near,fixed,0.07628870329686574,-0.003382544077578045,0.007815900460554488
91005,C,1024,near,natural,0.0771523348632313,-0.002903822986852555,0.008025868710237232
91005,C,1024,uniform,fixed,0.06255292209486167,-0.0013158167934133893,0.005203658977908028
91005,C,1024,uniform,natural,0.06380044145598299,-0.0011080802373942874,0.005452002940788911
91006,A,256,far,fixed,0.13343191430682227,-0.008586752982366653,0.030804074456084563
91006,A,256,far,natural,0.15960920100942963,0.0036288234183476085,0.04576034040968927
91006,A,256,near,fixed,0.13477007131136598,0.013427705193559328,0.007147594753342299
91006,A,256,near,natural,0.12641945224077927,0.02593536577409222,0.00622022648219642
91006,A,256,uniform,fixed,0.12117345223114603,0.010109523754744302,0.011661657335562965
91006,A,256,uniform,natural,0.12116399300949914,0.025356776657558623,0.01041419376852778
91006,A,576,far,fixed,0.055650596285150164,0.00022682565308752514,0.009608770757829064
91006,A,576,far,natural,0.07368443870828265,0.0054724376116480145,0.010263340270531189
91006,A,576,near,fixed,0.09559287308227449,0.017367948024045853,0.0035287174974136955
91006,A,576,near,natural,0.09369259895313353,0.0275262278460321,0.003826922976018319
91006,A,576,uniform,fixed,0.05855591772567658,0.01531339046500978,0.006250915806567188
91006,A,576,uniform,natural,0.0701361263082141,0.022400608020169393,0.00635490386516218
91006,A,1024,far,fixed,0.01794145806204705,0.004033287898415611,0.013357689269887734
91006,A,1024,far,natural,0.022261459202993484,0.005401726279939924,0.012287059286972787
91006,A,1024,near,fixed,0.051686223064150126,0.009772645575659615,0.006015234867422705
91006,A,1024,near,natural,0.052194417942137944,0.014811736841996511,0.006089023625064719
91006,A,1024,uniform,fixed,0.022052583772511708,0.00755856026496206,0.011881018047715042
91006,A,1024,uniform,natural,0.0253642595240048,0.010013522846358163,0.011186776063161586
91006,B,256,far,fixed,0.05901693623690378,0.008807164572534106,0.014902607318736424
91006,B,256,far,natural,0.06220459822742712,0.008799556199283827,0.016335447391585746
91006,B,256,near,fixed,0.08169436241899218,0.009100374011766343,0.02844531439958001
91006,B,256,near,natural,0.07796676572234858,0.009155290023911567,0.02713628307480408
91006,B,256,uniform,fixed,0.0875319249573208,0.014590692662057422,0.03114245030455955
91006,B,256,uniform,natural,0.08562885601783082,0.014136215538850852,0.030890226297250415
91006,B,576,far,fixed,0.046296553420169015,0.021944453141519,0.01037163277411384
91006,B,576,far,natural,0.050185274244064375,0.02007502911701089,0.011852750275568577
91006,B,576,near,fixed,0.07960969183061804,0.019491586922889666,0.027534294086309516
91006,B,576,near,natural,0.08290294203020278,0.017213974325429825,0.02880107445390854
91006,B,576,uniform,fixed,0.08227415165553491,0.02123343807068609,0.02867664824273034
91006,B,576,uniform,natural,0.08659296349755355,0.01902882568538189,0.031039001178380817
91006,B,1024,far,fixed,0.05182991952945789,0.0226258717566019,0.014112856002519896
91006,B,1024,far,natural,0.054900161256747584,0.021203484519251754,0.015290126565982533
91006,B,1024,near,fixed,0.07027721271983214,0.014379966028389476,0.021463826775123377
91006,B,1024,near,natural,0.07271653985870737,0.013084183092273417,0.022446398989796792
91006,B,1024,uniform,fixed,0.07059037853919324,0.014012665709569341,0.021962996625291303
91006,B,1024,uniform,natural,0.0733347674831748,0.012733461113557928,0.02311971851838792
91006,C,256,far,fixed,0.11875616209138007,0.00744234894712766,0.023739438157020194
91006,C,256,far,natural,0.10737541734817482,0.013419692094127337,0.0189053998320829
91006,C,256,near,fixed,0.11762656803642,0.001730482138338543,0.02342535451256896
91006,C,256,near,natural,0.10550733886304356,0.009032309232723145,0.01862865808191174
91006,C,256,uniform,fixed,0.13046854982773462,0.004524593197164081,0.029654783966906212
91006,C,256,uniform,natural,0.11852008343807288,0.015104471661505244,0.023712171821421425
91006,C,576,far,fixed,0.0726952962577343,0.010753857415346872,0.007442981660475112
91006,C,576,far,natural,0.07233950389283043,0.013066462462856657,0.007529124362584264
91006,C,576,near,fixed,0.09800827636250428,0.002421659461799122,0.015726079889375317
91006,C,576,near,natural,0.09464387027990251,0.004695971806844075,0.01449410810576717
91006,C,576,uniform,fixed,0.09400368348828383,0.008702341555839493,0.013391023004440002
91006,C,576,uniform,natural,0.09067579899870214,0.011053594006668954,0.012383093326126252
91006,C,1024,far,fixed,0.03727982707676433,0.010574705721366973,0.0018013562854855651
91006,C,1024,far,natural,0.03792869654439744,0.011453227273055486,0.001876444191084897
91006,C,1024,near,fixed,0.07574905366415069,0.006968433126097634,0.008772718852762327
91006,C,1024,near,natural,0.07551680789107368,0.007464403197878883,0.008784806013651668
91006,C,1024,uniform,fixed,0.06463697818773133,0.00974743582663082,0.005276455973949749
91006,C,1024,uniform,natural,0.06460258595290638,0.010289752589804786,0.0052809079444619085
