seed,arm,unit,kl
91001,A,base,0.01420462282964672
91001,A,f0_0.9,0.014177818574745453
91001,A,f0_1.1,0.014201523375172633
91001,A,f1_0.9,0.014367106778699611
91001,A,f1_1.1,0.01431268504099959
91001,A,f2_0.9,0.014004931483505702
91001,A,f2_1.1,0.014125145810483254
91001,A,f3_0.9,0.01409410170858878
91001,A,f3_1.1,0.014300650381173199
91001,A,f4_0.9,0.014247109763553294
91001,A,f4_1.1,0.013975599356288865
91001,A,f5_0.9,0.013549404182828606
91001,A,f5_1.1,0.014868333470713329
91001,A,f6_0.9,0.01414646677482841
91001,A,f6_1.1,0.014268556589743731
91001,A,f7_0.9,0.014195428634756415
91001,A,f7_1.1,0.014214841226749993
91001,B,base,0.0007573887050815456
91001,B,f0_0.9,0.0007775248077160784
91001,B,f0_1.1,0.0007853432048508704
91001,B,f1_0.9,0.0008756348825926395
91001,B,f1_1.1,0.0007903934602186183
91001,B,f2_0.9,0.0008792074351192935
91001,B,f2_1.1,0.0007074197169374598
91001,B,f3_0.9,0.000793312111421045
91001,B,f3_1.1,0.0007324862051441774
91001,B,f4_0.9,0.000771002301005403
91001,B,f4_1.1,0.0007447512371870756
91001,B,f5_0.9,0.0007564323523754615
91001,B,f5_1.1,0.0007582289300976917
91001,B,f6_0.9,0.0007568758698885713
91001,B,f6_1.1,0.0007578887538139115
91001,B,f7_0.9,0.0007572342159699538
91001,B,f7_1.1,0.0007575410017979087
91001,C,base,0.009114756905235147
91001,C,f0_0.9,0.009162035534498852
91001,C,f0_1.1,0.009018655707787824
91001,C,f1_0.9,0.008902587337249607
91001,C,f1_1.1,0.008760945056449393
91001,C,f2_0.9,0.009359666000561095
91001,C,f2_1.1,0.00900085847488423
91001,C,f3_0.9,0.008931525417280126
91001,C,f3_1.1,0.009222001284066713
91001,C,f4_0.9,0.007599810286841662
91001,C,f4_1.1,0.010636427386243002
91001,C,f5_0.9,0.008949632594449667
91001,C,f5_1.1,0.00929709134911655
91001,C,f6_0.9,0.009095239586166065
91001,C,f6_1.1,0.009135545400025494
91001,C,f7_0.9,0.009115520301722881
91001,C,f7_1.1,0.009114209467899568
91002,A,base,0.006002808356726576
91002,A,f0_0.9,0.006007370706919916
91002,A,f0_1.1,0.005790256792311304
91002,A,f1_0.9,0.006050340736853023
91002,A,f1_1.1,0.0061543115519504315
91002,A,f2_0.9,0.005910677197965775
91002,A,f2_1.1,0.0059944504253354415
91002,A,f3_0.9,0.005990197190558959
91002,A,f3_1.1,0.006209506912815961
91002,A,f4_0.9,0.006053742413953489
91002,A,f4_1.1,0.005596535407990928
91002,A,f5_0.9,0.00475264111019115
91002,A,f5_1.1,0.0073287317151419906
91002,A,f6_0.9,0.005866788195338339
91002,A,f6_1.1,0.00615463633903858
91002,A,f7_0.9,0.005982786302992811
91002,A,f7_1.1,0.006023856317905065
91002,B,base,0.007858577419786359
91002,B,f0_0.9,0.007850879756137234
91002,B,f0_1.1,0.007911276509194754
91002,B,f1_0.9,0.007965445677522933
91002,B,f1_1.1,0.008006991327294708
91002,B,f2_0.9,0.008637967291656355
91002,B,f2_1.1,0.007346410100174581
91002,B,f3_0.9,0.00834222166052496
91002,B,f3_1.1,0.007367785228437219
91002,B,f4_0.9,0.007970215614781768
91002,B,f4_1.1,0.0077375957322049745
91002,B,f5_0.9,0.007877230836433782
91002,B,f5_1.1,0.007837806308757042
91002,B,f6_0.9,0.007860533017503257
91002,B,f6_1.1,0.007856425812511102
91002,B,f7_0.9,0.007859638132075377
91002,B,f7_1.1,0.007857492798347077
91002,C,base,0.002634545522176794
91002,C,f0_0.9,0.0027354295177956056
91002,C,f0_1.1,0.0026677677892723846
91002,C,f1_0.9,0.002574934502597819
91002,C,f1_1.1,0.0025019355096483347
91002,C,f2_0.9,0.0025269981012034357
91002,C,f2_1.1,0.0027602206698346204
91002,C,f3_0.9,0.002800784721398822
91002,C,f3_1.1,0.0025016874626069344
91002,C,f4_0.9,0.003358092415809422
91002,C,f4_1.1,0.0021276836896472386
91002,C,f5_0.9,0.002765092568602271
91002,C,f5_1.1,0.0024982069319351313
91002,C,f6_0.9,0.002658350883337306
91002,C,f6_1.1,0.0026091530817542404
91002,C,f7_0.9,0.002635622617687351
91002,C,f7_1.1,0.0026333768628055087
91003,A,base,0.01797882691717031
91003,A,f0_0.9,0.01794568845291041
91003,A,f0_1.1,0.01805657658876606
91003,A,f1_0.9,0.01812886685776367
91003,A,f1_1.1,0.018129095180344265
91003,A,f2_0.9,0.018025892935748723
91003,A,f2_1.1,0.018421750511930735
91003,A,f3_0.9,0.01835240191997037
91003,A,f3_1.1,0.01821501163689719
91003,A,f4_0.9,0.01793532608308387
91003,A,f4_1.1,0.01781893062584189
91003,A,f5_0.9,0.01746477067410437
91003,A,f5_1.1,0.018449325656015994
91003,A,f6_0.9,0.01788763871164381
91003,A,f6_1.1,0.018074898773102047
91003,A,f7_0.9,0.017974502843633607
91003,A,f7_1.1,0.017983718262176162
91003,B,base,0.0034438766188541383
91003,B,f0_0.9,0.003418257926019189
91003,B,f0_1.1,0.003456507477437594
91003,B,f1_0.9,0.003579655433909931
91003,B,f1_1.1,0.0033820690511418474
91003,B,f2_0.9,0.003488270644292254
91003,B,f2_1.1,0.0034442910231936765
91003,B,f3_0.9,0.00370939290135098
91003,B,f3_1.1,0.003196350482844127
91003,B,f4_0.9,0.0035664507436683336
91003,B,f4_1.1,0.0033163374514291874
91003,B,f5_0.9,0.0034517514722221697
91003,B,f5_1.1,0.0034349440130940247
91003,B,f6_0.9,0.0034444136427049126
91003,B,f6_1.1,0.0034432227912531603
91003,B,f7_0.9,0.003443925898207211
91003,B,f7_1.1,0.0034438172681262634
91003,C,base,0.005170894511379438
91003,C,f0_0.9,0.005109518035251451
91003,C,f0_1.1,0.00510363810686385
91003,C,f1_0.9,0.004970801299923254
91003,C,f1_1.1,0.005122863402685027
91003,C,f2_0.9,0.005501430017457281
91003,C,f2_1.1,0.0052512343159795555
91003,C,f3_0.9,0.00542524670093245
91003,C,f3_1.1,0.0048233431431540475
91003,C,f4_0.9,0.003965307180697161
91003,C,f4_1.1,0.006527960463988535
91003,C,f5_0.9,0.004999009699152872
91003,C,f5_1.1,0.005359082315992035
91003,C,f6_0.9,0.0051503683218510525
91003,C,f6_1.1,0.005193755850027379
91003,C,f7_0.9,0.00517067883901951
91003,C,f7_1.1,0.005171221670633346
91004,A,base,0.00908856013329105
91004,A,f0_0.9,0.009059771843507293
91004,A,f0_1.1,0.00884818581161036
91004,A,f1_0.9,0.009179505619574181
91004,A,f1_1.1,0.00941039414214193
91004,A,f2_0.9,0.008869052607270401
91004,A,f2_1.1,0.009035274359034704
91004,A,f3_0.9,0.008899539344914475
91004,A,f3_1.1,0.009256310708863087
91004,A,f4_0.9,0.009008390421179825
91004,A,f4_1.1,0.008862351452136284
91004,A,f5_0.9,0.008182728980047902
91004,A,f5_1.1,0.010018830312837509
91004,A,f6_0.9,0.008946237899829854
91004,A,f6_1.1,0.009246846797924426
91004,A,f7_0.9,0.009077686490532593
91004,A,f7_1.1,0.009100732713854887
91004,B,base,0.00027963015229866115
91004,B,f0_0.9,0.00027533375481070884
91004,B,f0_1.1,0.0002836646464526518
91004,B,f1_0.9,0.00030390147793539566
91004,B,f1_1.1,0.00029865864036101604
91004,B,f2_0.9,0.0003635735632341074
91004,B,f2_1.1,0.0002509436689406099
91004,B,f3_0.9,0.0003047794700632661
91004,B,f3_1.1,0.00026399487905674843
91004,B,f4_0.9,0.00028916358009382724
91004,B,f4_1.1,0.0002712419320506525
91004,B,f5_0.9,0.00028139562534888805
91004,B,f5_1.1,0.0002777651785959917
91004,B,f6_0.9,0.00027961464111043934
91004,B,f6_1.1,0.0002796377294260161
91004,B,f7_0.9,0.0002796755994815342
91004,B,f7_1.1,0.00027958432887676825
91004,C,base,0.0017182998896291682
91004,C,f0_0.9,0.001724683795081315
91004,C,f0_1.1,0.0017413039978776443
91004,C,f1_0.9,0.0016683486885086202
91004,C,f1_1.1,0.0016660915151703478
91004,C,f2_0.9,0.001658154293910227
91004,C,f2_1.1,0.0016510971738098793
91004,C,f3_0.9,0.0019849853213957614
91004,C,f3_1.1,0.0016160005033504616
91004,C,f4_0.9,0.0017715244627808933
91004,C,f4_1.1,0.0017449875718738735
91004,C,f5_0.9,0.0017271701854082381
91004,C,f5_1.1,0.0017142759649470345
91004,C,f6_0.9,0.0017152051516095795
91004,C,f6_1.1,0.0017214581850770662
91004,C,f7_0.9,0.001717290863423862
91004,C,f7_1.1,0.001719311443598796
91005,A,base,0.020035209048734313
91005,A,f0_0.9,0.020024657919211146
91005,A,f0_1.1,0.019950734969998773
91005,A,f1_0.9,0.020053595555991212
91005,A,f1_1.1,0.02009025794560483
91005,A,f2_0.9,0.019856169388474152
91005,A,f2_1.1,0.019976230578299746
91005,A,f3_0.9,0.01968551682915978
91005,A,f3_1.1,0.020122101923224014
91005,A,f4_0.9,0.01999334676918545
91005,A,f4_1.1,0.01986499989449389
91005,A,f5_0.9,0.01979224972744462
91005,A,f5_1.1,0.020268373695028683
91005,A,f6_0.9,0.020001185946624585
91005,A,f6_1.1,0.020073054331888236
91005,A,f7_0.9,0.02002778830740301
91005,A,f7_1.1,0.020042909582577813
91005,B,base,0.0013285410057634814
91005,B,f0_0.9,0.0013319379055184415
91005,B,f0_1.1,0.001331391676564838
91005,B,f1_0.9,0.0013077663374205328
91005,B,f1_1.1,0.0012820056560833117
91005,B,f2_0.9,0.0013009456995109836
91005,B,f2_1.1,0.0013220982598732376
91005,B,f3_0.9,0.0012000168747023459
91005,B,f3_1.1,0.001473414666891508
91005,B,f4_0.9,0.0012613345745011617
91005,B,f4_1.1,0.001405107611387169
91005,B,f5_0.9,0.001320398929643564
91005,B,f5_1.1,0.0013375419861832898
91005,B,f6_0.9,0.0013271437321219339
91005,B,f6_1.1,0.0013300056933555138
91005,B,f7_0.9,0.0013285237583015473
91005,B,f7_1.1,0.0013285638204357856
91005,C,base,0.005004992449085208
91005,C,f0_0.9,0.0050687502924061925
91005,C,f0_1.1,0.004950420835423503
91005,C,f1_0.9,0.004984468722219184
91005,C,f1_1.1,0.005054517493260427
91005,C,f2_0.9,0.005092307754249885
91005,C,f2_1.1,0.00478417223402827
91005,C,f3_0.9,0.005198904311973365
91005,C,f3_1.1,0.004845698181226638
91005,C,f4_0.9,0.0036470094631235934
91005,C,f4_1.1,0.0063727740084705406
91005,C,f5_0.9,0.004868549620918253
91005,C,f5_1.1,0.0051567323562042916
91005,C,f6_0.9,0.004990677913656618
91005,C,f6_1.1,0.005020837432567773
91005,C,f7_0.9,0.005004347699386144
91005,C,f7_1.1,0.005005733102338471
91006,A,base,0.019304523341917255
91006,A,f0_0.9,0.019297490804759655
91006,A,f0_1.1,0.01928996988743174
91006,A,f1_0.9,0.01928810910515109
91006,A,f1_1.1,0.019295504083999788
91006,A,f2_0.9,0.0192011041429488
91006,A,f2_1.1,0.01933082075216039
91006,A,f3_0.9,0.01908387396842818
91006,A,f3_1.1,0.019475935600946917
91006,A,f4_0.9,0.019052788179719945
91006,A,f4_1.1,0.01931112612615814
91006,A,f5_0.9,0.01882064825316935
91006,A,f5_1.1,0.019729892732640197
91006,A,f6_0.9,0.019245953396472264
91006,A,f6_1.1,0.01936753363064545
91006,A,f7_0.9,0.01930103859366392
91006,A,f7_1.1,0.019308475999579015
91006,B,base,0.002112794965576007
91006,B,f0_0.9,0.002169159082373562
91006,B,f0_1.1,0.002095846730016593
91006,B,f1_0.9,0.002219190348943857
91006,B,f1_1.1,0.002034700432805633
91006,B,f2_0.9,0.0025143191713052496
91006,B,f2_1.1,0.0018026529653641199
91006,B,f3_0.9,0.0022835483795344757
91006,B,f3_1.1,0.0019778114505591042
91006,B,f4_0.9,0.002147437070466323
91006,B,f4_1.1,0.0020782888134957133
91006,B,f5_0.9,0.0021171957989627715
91006,B,f5_1.1,0.0021080843861748925
91006,B,f6_0.9,0.002114389952504966
91006,B,f6_1.1,0.0021111576305398528
91006,B,f7_0.9,0.0021129633823936175
91006,B,f7_1.1,0.0021126237413143624
91006,C,base,0.0017501712005717255
91006,C,f0_0.9,0.0017534688834276685
91006,C,f0_1.1,0.00174086333621626
91006,C,f1_0.9,0.001622766971941225
91006,C,f1_1.1,0.0016567422142202914
91006,C,f2_0.9,0.001628231207947556
91006,C,f2_1.1,0.0018586318576963984
91006,C,f3_0.9,0.001950463722252705
91006,C,f3_1.1,0.001486469247739778
91006,C,f4_0.9,0.0011338363747699367
91006,C,f4_1.1,0.002528539586701038
91006,C,f5_0.9,0.0016228968466988631
91006,C,f5_1.1,0.001902259471196663
91006,C,f6_0.9,0.0017234658195677652
91006,C,f6_1.1,0.0017796190478040943
91006,C,f7_0.9,0.0017512016486850343
91006,C,f7_1.1,0.0017492486489459678
