axis,physical_r,supplied_coordinate_scale,visible_sign,reference_p,model_p,kl
0,10,0.9,-1,0.30096435546875,0.2993027865886688,6.575164392370143e-06
0,10,0.9,1,0.69903564453125,0.6926303505897522,9.673513816945388e-05
0,20,0.9,-1,0.329498291015625,0.3134516477584839,0.0005929126535554191
0,20,0.9,1,0.670501708984375,0.6866613030433655,0.0006013654460916701
0,30,0.9,-1,0.345062255859375,0.3355104923248291,0.0002036766559752063
0,30,0.9,1,0.654937744140625,0.6741933822631836,0.0008357640355322604
0,40,0.9,-1,0.356842041015625,0.35882410407066345,8.544758697680722e-06
0,40,0.9,1,0.643157958984375,0.6598774790763855,0.0006179965275442158
0,50,0.9,-1,0.3616943359375,0.3757436275482178,0.0004229135195023166
0,50,0.9,1,0.6383056640625,0.6485581398010254,0.00022957889152087733
0,60,0.9,-1,0.369293212890625,0.3846689760684967,0.0005019964921204132
0,60,0.9,1,0.630706787109375,0.6402100324630737,0.00019529991252265413
0,70,0.9,-1,0.373809814453125,0.39070671796798706,0.0006029103708143219
0,70,0.9,1,0.626190185546875,0.6331667900085449,0.00010450365326893692
0,80,0.9,-1,0.376800537109375,0.39763015508651733,0.0009114152600354364
0,80,0.9,1,0.623199462890625,0.626718282699585,2.6430637987042566e-05
0,90,0.9,-1,0.38275146484375,0.40527477860450745,0.0010590137333922264
0,90,0.9,1,0.61724853515625,0.6221466064453125,5.094198792458381e-05
0,100,0.9,-1,0.3843231201171875,0.41326579451560974,0.0017404025833900987
0,100,0.9,1,0.6156768798828125,0.6196925640106201,3.416592964779284e-05
0,110,0.9,-1,0.385345458984375,0.4196837246417999,0.0024411894531627606
0,110,0.9,1,0.614654541015625,0.6189411878585815,3.889955607111993e-05
0,120,0.9,-1,0.386688232421875,0.4227551519870758,0.002688216742563178
0,120,0.9,1,0.613311767578125,0.6192302107810974,7.413380087359193e-05
0,130,0.9,-1,0.39080810546875,0.4223964810371399,0.0020601786672869993
0,130,0.9,1,0.60919189453125,0.6190275549888611,0.00020444213660881193
0,140,0.9,-1,0.388397216796875,0.42117148637771606,0.002220459015423129
0,140,0.9,1,0.611602783203125,0.6168524026870728,5.820181353285731e-05
0,150,0.9,-1,0.3936767578125,0.4209246337413788,0.0015328320045766008
0,150,0.9,1,0.6063232421875,0.6133970022201538,0.00010526932040804196
0,160,0.9,-1,0.3961029052734375,0.42163652181625366,0.0013447476826185037
0,160,0.9,1,0.6038970947265625,0.6105630397796631,9.324888911150988e-05
0,170,0.9,-1,0.3964385986328125,0.4241581857204437,0.0015828885507434137
0,170,0.9,1,0.6035614013671875,0.608875036239624,5.918559972219791e-05
0,180,0.9,-1,0.39312744140625,0.42752909660339355,0.002436329166650049
0,180,0.9,1,0.60687255859375,0.6080381274223328,2.8491722310454784e-06
0,190,0.9,-1,0.3972625732421875,0.429073691368103,0.00207971287189411
0,190,0.9,1,0.6027374267578125,0.607814371585846,5.3982902978361516e-05
0,200,0.9,-1,0.3974609375,0.4280362129211426,0.0019220323238297934
0,200,0.9,1,0.6025390625,0.6067536473274231,3.717599571409144e-05
0,210,0.9,-1,0.394622802734375,0.42715510725975037,0.002178302545285081
0,210,0.9,1,0.605377197265625,0.6028072834014893,1.3802224794297584e-05
0,220,0.9,-1,0.4022064208984375,0.42840173840522766,0.0014089965913181048
0,220,0.9,1,0.5977935791015625,0.5964214205741882,3.9125239662898565e-06
0,230,0.9,-1,0.4020233154296875,0.43129152059555054,0.0017568923152906611
0,230,0.9,1,0.5979766845703125,0.5908161401748657,0.00010623971002094064
0,240,0.9,-1,0.4028167724609375,0.4363038241863251,0.002294832246917719
0,240,0.9,1,0.5971832275390625,0.5883963704109192,0.00015975031242112213
0,250,0.9,-1,0.40069580078125,0.440733402967453,0.0032763955136133685
0,250,0.9,1,0.59930419921875,0.5894909501075745,0.00019947020361739919
0,260,0.9,-1,0.4024200439453125,0.44209787249565125,0.0032149460414366837
0,260,0.9,1,0.5975799560546875,0.5923450589179993,5.682081678998977e-05
0,270,0.9,-1,0.3995819091796875,0.4409576952457428,0.0034996279556740867
0,270,0.9,1,0.6004180908203125,0.5937532782554626,9.223902459444024e-05
0,280,0.9,-1,0.40179443359375,0.4399557113647461,0.0029766617751712174
0,280,0.9,1,0.59820556640625,0.5917956233024597,8.518196843588458e-05
0,290,0.9,-1,0.4044647216796875,0.4407568871974945,0.0026898601916349255
0,290,0.9,1,0.5955352783203125,0.587755024433136,0.00012515303196835442
0,300,0.9,-1,0.403289794921875,0.44308680295944214,0.003232522455633373
0,300,0.9,1,0.596710205078125,0.5846477746963501,0.0003004646081911644
0,310,0.9,-1,0.4035797119140625,0.4458804130554199,0.003648183642774361
0,310,0.9,1,0.5964202880859375,0.5846612453460693,0.0002855215770954291
0,320,0.9,-1,0.4032745361328125,0.4477045238018036,0.004022408841992259
0,320,0.9,1,0.5967254638671875,0.5877519249916077,0.00016653747735728003
0,330,0.9,-1,0.405975341796875,0.44768640398979187,0.0035432473545439075
0,330,0.9,1,0.594024658203125,0.5916557312011719,1.1620902604309816e-05
0,340,0.9,-1,0.40411376953125,0.44606900215148926,0.0035882059936170607
0,340,0.9,1,0.59588623046875,0.593174397945404,1.524792106283009e-05
0,350,0.9,-1,0.403228759765625,0.44452476501464844,0.003478865349772979
0,350,0.9,1,0.596771240234375,0.5910967588424683,6.670724533787073e-05
0,360,0.9,-1,0.4042510986328125,0.44420087337493896,0.003255425981342777
0,360,0.9,1,0.5957489013671875,0.5878098011016846,0.00013032618292249144
0,370,0.9,-1,0.4072113037109375,0.44471263885498047,0.0028663545661672535
0,370,0.9,1,0.5927886962890625,0.5864641070365906,8.259348991859154e-05
0,380,0.9,-1,0.4081878662109375,0.4458797872066498,0.0028938200306503556
0,380,0.9,1,0.5918121337890625,0.5876298546791077,3.612838386614619e-05
0,390,0.9,-1,0.408355712890625,0.44715940952301025,0.003065610159858699
0,390,0.9,1,0.591644287109375,0.5900007486343384,5.585628594933492e-06
0,400,0.9,-1,0.408416748046875,0.44703155755996704,0.0030359323654498074
0,400,0.9,1,0.591583251953125,0.5919073224067688,2.1737054677599009e-07
0,410,0.9,-1,0.4100341796875,0.44482582807540894,0.0024656035568998425
0,410,0.9,1,0.5899658203125,0.5917790532112122,6.801801212460816e-06
0,420,0.9,-1,0.4073333740234375,0.4422423839569092,0.0024858915177598875
0,420,0.9,1,0.5926666259765625,0.5893670916557312,2.2510854684503184e-05
0,430,0.9,-1,0.4081878662109375,0.44066351652145386,0.0021522629795764567
0,430,0.9,1,0.5918121337890625,0.5863256454467773,6.213503612603841e-05
0,440,0.9,-1,0.4071044921875,0.43971893191337585,0.002171945645689455
0,440,0.9,1,0.5928955078125,0.5845950245857239,0.00014213773137406426
0,450,0.9,-1,0.4074859619140625,0.44153159856796265,0.0023649835083373524
0,450,0.9,1,0.5925140380859375,0.5849777460098267,0.00011718089655002491
0,460,0.9,-1,0.409332275390625,0.4449182450771332,0.002579749969501187
0,460,0.9,1,0.590667724609375,0.5872769951820374,2.3736235055412096e-05
0,470,0.9,-1,0.40716552734375,0.447209894657135,0.0032654934765533328
0,470,0.9,1,0.59283447265625,0.5902593731880188,1.3717864675692488e-05
1,10,0.9,-1,0.2986602783203125,0.29650938510894775,1.1074034671279542e-05
1,10,0.9,1,0.7013397216796875,0.6954361200332642,8.257781967049849e-05
1,20,0.9,-1,0.3311920166015625,0.314721941947937,0.0006231573512759624
1,20,0.9,1,0.6688079833984375,0.6929374933242798,0.0013492507463698095
1,30,0.9,-1,0.3455963134765625,0.33925798535346985,8.934254958982597e-05
1,30,0.9,1,0.6544036865234375,0.6835861802101135,0.0019381336913748652
1,40,0.9,-1,0.3539886474609375,0.3625434339046478,0.00015888358915994855
1,40,0.9,1,0.6460113525390625,0.6688058376312256,0.0011599505998599324
1,50,0.9,-1,0.3646240234375,0.38063767552375793,0.0005469332685696313
1,50,0.9,1,0.6353759765625,0.6534597873687744,0.0007164077337027917
1,60,0.9,-1,0.3692779541015625,0.39303097128868103,0.0011915017273570264
1,60,0.9,1,0.6307220458984375,0.6417407989501953,0.0002628801039246502
1,70,0.9,-1,0.3725128173828125,0.4003918468952179,0.0016322513951895282
1,70,0.9,1,0.6274871826171875,0.6341226100921631,9.464657191821796e-05
1,80,0.9,-1,0.3742828369140625,0.40481728315353394,0.0019518573630748076
1,80,0.9,1,0.6257171630859375,0.6289668083190918,2.2598798394828958e-05
1,90,0.9,-1,0.3813018798828125,0.4079670310020447,0.0014827439629965834
1,90,0.9,1,0.6186981201171875,0.6246685981750488,7.586078960512312e-05
1,100,0.9,-1,0.383087158203125,0.4105658233165741,0.0015715694392215186
1,100,0.9,1,0.616912841796875,0.6207790374755859,3.170584447074239e-05
1,110,0.9,-1,0.38128662109375,0.4129733741283417,0.0020881924085757106
1,110,0.9,1,0.61871337890625,0.6179150938987732,1.349935207364556e-06
1,120,0.9,-1,0.3857574462890625,0.41539880633354187,0.0018227155052895454
1,120,0.9,1,0.6142425537109375,0.6166265606880188,1.2011639085304782e-05
1,130,0.9,-1,0.3852691650390625,0.4172591269016266,0.0021212989372909018
1,130,0.9,1,0.6147308349609375,0.6166778206825256,8.013022374462166e-06
1,140,0.9,-1,0.39093017578125,0.4179261028766632,0.001507865584157754
1,140,0.9,1,0.60906982421875,0.6169186234474182,0.0001300034629574962
1,150,0.9,-1,0.3897247314453125,0.41830071806907654,0.0016897736097237145
1,150,0.9,1,0.6102752685546875,0.6158402562141418,6.533417644666566e-05
1,160,0.9,-1,0.3929901123046875,0.4194943904876709,0.001451554862332359
1,160,0.9,1,0.6070098876953125,0.6130473613739014,7.668462586181597e-05
1,170,0.9,-1,0.39422607421875,0.42142388224601746,0.0015266307790636167
1,170,0.9,1,0.60577392578125,0.6097416877746582,3.3039905645500765e-05
1,180,0.9,-1,0.394561767578125,0.4232814610004425,0.001700647419916674
1,180,0.9,1,0.605438232421875,0.6075238585472107,9.115815028902952e-06
1,190,0.9,-1,0.39556884765625,0.4243345856666565,0.001704853480792981
1,190,0.9,1,0.60443115234375,0.6070619821548462,1.449635847054851e-05
1,200,0.9,-1,0.3977203369140625,0.4242818355560303,0.0014528478264758012
1,200,0.9,1,0.6022796630859375,0.6078819632530212,6.572691894614173e-05
1,210,0.9,-1,0.3967132568359375,0.4238545596599579,0.0015176389034968728
1,210,0.9,1,0.6032867431640625,0.6087007522583008,6.143131167207078e-05
1,220,0.9,-1,0.394805908203125,0.4249144494533539,0.0018676004237786967
1,220,0.9,1,0.605194091796875,0.6079767346382141,1.6230197267127003e-05
1,230,0.9,-1,0.400604248046875,0.4279050827026367,0.0015313359533922766
1,230,0.9,1,0.599395751953125,0.6054860353469849,7.750190830300811e-05
1,240,0.9,-1,0.397705078125,0.43158096075057983,0.002355689021323139
1,240,0.9,1,0.602294921875,0.6021453738212585,4.6679289505469936e-08
1,250,0.9,-1,0.39630126953125,0.43452373147010803,0.00299631569652678
1,250,0.9,1,0.60369873046875,0.599412202835083,3.83069834703079e-05
1,260,0.9,-1,0.3991241455078125,0.43633216619491577,0.0028354670511976446
1,260,0.9,1,0.6008758544921875,0.5984731316566467,1.202001718787456e-05
1,270,0.9,-1,0.4009857177734375,0.4370849132537842,0.002667078741452243
1,270,0.9,1,0.5990142822265625,0.599305272102356,1.7629062777792638e-07
1,280,0.9,-1,0.396484375,0.4368530511856079,0.0033389677775157722
1,280,0.9,1,0.603515625,0.6006289720535278,1.7383200257687324e-05
1,290,0.9,-1,0.39990234375,0.4361158013343811,0.002685667808234482
1,290,0.9,1,0.60009765625,0.6008330583572388,1.1272546123165458e-06
1,300,0.9,-1,0.400299072265625,0.435362845659256,0.0025183781468129107
1,300,0.9,1,0.599700927734375,0.5994626879692078,1.1820122179642873e-07
1,310,0.9,-1,0.39825439453125,0.4348646104335785,0.0027472484558232826
1,310,0.9,1,0.60174560546875,0.5976062417030334,3.5666705795541105e-05
1,320,0.9,-1,0.400360107421875,0.4349261224269867,0.002447779255249083
1,320,0.9,1,0.599639892578125,0.5967689752578735,1.7139107567888407e-05
1,330,0.9,-1,0.4009552001953125,0.43571677803993225,0.0024744407307747407
1,330,0.9,1,0.5990447998046875,0.5975179672241211,4.8488126773999895e-06
1,340,0.9,-1,0.3993682861328125,0.43677547574043274,0.0028652423865151017
1,340,0.9,1,0.6006317138671875,0.5991935729980469,4.307682728603305e-06
1,350,0.9,-1,0.4031219482421875,0.4373461604118347,0.002395843283315123
1,350,0.9,1,0.5968780517578125,0.6003273725509644,2.47702855847025e-05
1,360,0.9,-1,0.4049224853515625,0.4375515282154083,0.0021766841986018415
1,360,0.9,1,0.5950775146484375,0.5994980335235596,4.064435394771082e-05
1,370,0.9,-1,0.4053955078125,0.4381595253944397,0.002193995980023254
1,370,0.9,1,0.5946044921875,0.5966069102287292,8.325903549809624e-06
1,380,0.9,-1,0.401123046875,0.43944817781448364,0.003003297566404592
1,380,0.9,1,0.598876953125,0.5931071043014526,6.90782184764047e-05
1,390,0.9,-1,0.403350830078125,0.4409535527229309,0.002888111394661455
1,390,0.9,1,0.596649169921875,0.5907332301139832,7.248929878129508e-05
1,400,0.9,-1,0.403533935546875,0.4417136013507843,0.0029764631561212604
1,400,0.9,1,0.596466064453125,0.5902620553970337,7.969788229154114e-05
1,410,0.9,-1,0.404541015625,0.44075557589530945,0.0026783266715189394
1,410,0.9,1,0.595458984375,0.5914057493209839,3.402867860002965e-05
1,420,0.9,-1,0.4039764404296875,0.4381946325302124,0.0023937722963903313
1,420,0.9,1,0.5960235595703125,0.5931342840194702,1.730889705026323e-05
1,430,0.9,-1,0.4076385498046875,0.43590497970581055,0.0016336165925869284
1,430,0.9,1,0.5923614501953125,0.5940355658531189,5.808345003980621e-06
1,440,0.9,-1,0.4024505615234375,0.4354252517223358,0.002226098359016944
1,440,0.9,1,0.5975494384765625,0.5935960412025452,3.2427333911302925e-05
1,450,0.9,-1,0.4045867919921875,0.43656566739082336,0.0020917519344222785
1,450,0.9,1,0.5954132080078125,0.5925764441490173,1.667797970791255e-05
1,460,0.9,-1,0.4047698974609375,0.43821242451667786,0.0022860694624127625
1,460,0.9,1,0.5952301025390625,0.5920978784561157,2.0327090604815422e-05
1,470,0.9,-1,0.4065399169921875,0.4396597146987915,0.002240090937586793
1,470,0.9,1,0.5934600830078125,0.5928241014480591,8.379576658852379e-07
0,10,1.0,-1,0.30096435546875,0.3002847135066986,1.0987249572250515e-06
0,10,1.0,1,0.69903564453125,0.6899088025093079,0.0001957568816965058
0,20,1.0,-1,0.329498291015625,0.3177093267440796,0.00031850479773529
0,20,1.0,1,0.670501708984375,0.6830097436904907,0.00035882849678291195
0,30,1.0,-1,0.345062255859375,0.3442270755767822,1.5444198786336225e-06
0,30,1.0,1,0.654937744140625,0.6682114601135254,0.00039476606977567955
0,40,1.0,-1,0.356842041015625,0.36869797110557556,0.00030333508408011967
0,40,1.0,1,0.643157958984375,0.6532291173934937,0.00022288928155255253
0,50,1.0,-1,0.3616943359375,0.3829163908958435,0.0009600717282220624
0,50,1.0,1,0.6383056640625,0.6431326270103455,5.065800005866691e-05
0,60,1.0,-1,0.369293212890625,0.3902575671672821,0.0009297984508329776
0,60,1.0,1,0.630706787109375,0.635718584060669,5.412701614359618e-05
0,70,1.0,-1,0.373809814453125,0.39783942699432373,0.0012139716507709834
0,70,1.0,1,0.626190185546875,0.6284014582633972,1.0461481463172086e-05
0,80,1.0,-1,0.376800537109375,0.4064653217792511,0.0018391125375551848
0,80,1.0,1,0.623199462890625,0.6228626370429993,2.4151273409888513e-07
0,90,1.0,-1,0.38275146484375,0.41545936465263367,0.0022211594373651514
0,90,1.0,1,0.61724853515625,0.6197225451469421,1.2975177760978819e-05
0,100,1.0,-1,0.3843231201171875,0.42249763011932373,0.0030138446985532447
0,100,1.0,1,0.6156768798828125,0.6180433034896851,1.185171848690214e-05
0,110,1.0,-1,0.385345458984375,0.42524147033691406,0.003286644786640945
0,110,1.0,1,0.614654541015625,0.6175799369812012,1.810034379273089e-05
0,120,1.0,-1,0.386688232421875,0.42422768473625183,0.002910189155685229
0,120,1.0,1,0.613311767578125,0.6166470646858215,2.3503417309759904e-05
0,130,1.0,-1,0.39080810546875,0.4232158064842224,0.002167606406755628
0,130,1.0,1,0.60919189453125,0.6134184002876282,3.7614552693186407e-05
0,140,1.0,-1,0.388397216796875,0.4234856069087982,0.0025423084480928823
0,140,1.0,1,0.611602783203125,0.6097400784492493,7.294730815380571e-06
0,150,1.0,-1,0.3936767578125,0.4255167841911316,0.002088602251326975
0,150,1.0,1,0.6063232421875,0.6073502898216248,2.210920653984141e-06
0,160,1.0,-1,0.3961029052734375,0.42914795875549316,0.0022447384178546914
0,160,1.0,1,0.6038970947265625,0.6060336828231812,9.553941685461198e-06
0,170,1.0,-1,0.3964385986328125,0.43116259574890137,0.0024762985604687565
0,170,1.0,1,0.6035614013671875,0.6057292819023132,9.833119740188141e-06
0,180,1.0,-1,0.39312744140625,0.4299468398094177,0.002787856211006759
0,180,1.0,1,0.60687255859375,0.6049360632896423,7.850069425519371e-06
0,190,1.0,-1,0.3972625732421875,0.4289572834968567,0.00206462358794033
0,190,1.0,1,0.6027374267578125,0.6007034182548523,8.6291591136641e-06
0,200,1.0,-1,0.3974609375,0.43055498600006104,0.0022493115790883714
0,200,1.0,1,0.6025390625,0.5937382578849792,0.0001609272799949369
0,210,1.0,-1,0.394622802734375,0.43450483679771423,0.003263468425686804
0,210,1.0,1,0.605377197265625,0.5884765386581421,0.000592290777321848
0,220,1.0,-1,0.4022064208984375,0.44017380475997925,0.0029459842550284623
0,220,1.0,1,0.5977935791015625,0.5873928070068359,0.00022374680468014232
0,230,1.0,-1,0.4020233154296875,0.4434358477592468,0.003500786884698376
0,230,1.0,1,0.5979766845703125,0.5898864269256592,0.00013555449273356876
0,240,1.0,-1,0.4028167724609375,0.4430121183395386,0.003297975707197996
0,240,1.0,1,0.5971832275390625,0.5925105810165405,4.526984059038605e-05
0,250,1.0,-1,0.40069580078125,0.4415881931781769,0.0034166946763877076
0,250,1.0,1,0.59930419921875,0.5914475321769714,0.00012798639664813542
0,260,1.0,-1,0.4024200439453125,0.44211235642433167,0.003217276469034927
0,260,1.0,1,0.5975799560546875,0.5871742963790894,0.0002239206813937182
0,270,1.0,-1,0.3995819091796875,0.4446379244327545,0.004144237879981277
0,270,1.0,1,0.6004180908203125,0.5836065411567688,0.0005838854276262288
0,280,1.0,-1,0.40179443359375,0.4476560056209564,0.004287174288730135
0,280,1.0,1,0.59820556640625,0.5837231874465942,0.00043308512128334767
0,290,1.0,-1,0.4044647216796875,0.4493171274662018,0.00409602895737516
0,290,1.0,1,0.5955352783203125,0.587240993976593,0.00014220066543706167
0,300,1.0,-1,0.403289794921875,0.4486926198005676,0.004199056404463948
0,300,1.0,1,0.596710205078125,0.5909386277198792,6.900296703546936e-05
0,310,1.0,-1,0.4035797119140625,0.4467447102069855,0.003797642272335873
0,310,1.0,1,0.5964202880859375,0.5909413695335388,6.217794565660257e-05
0,320,1.0,-1,0.4032745361328125,0.4457768201828003,0.0036834036938838965
0,320,1.0,1,0.5967254638671875,0.5874913334846497,0.00017632765973680901
0,330,1.0,-1,0.405975341796875,0.4461441934108734,0.0032878163256612677
0,330,1.0,1,0.594024658203125,0.5849575996398926,0.00016968022412866546
0,340,1.0,-1,0.40411376953125,0.44725945591926575,0.0037931553529559
0,340,1.0,1,0.59588623046875,0.5856321454048157,0.0002171873983303936
0,350,1.0,-1,0.403228759765625,0.4486982226371765,0.004211435614790579
0,350,1.0,1,0.596771240234375,0.5882266759872437,0.00015103299963004253
0,360,1.0,-1,0.4042510986328125,0.4486250579357147,0.004010215869637887
0,360,1.0,1,0.5957489013671875,0.5905331373214722,5.632706881340561e-05
0,370,1.0,-1,0.4072113037109375,0.44606339931488037,0.0030751152146782715
0,370,1.0,1,0.5927886962890625,0.5904489755630493,1.1325641921801702e-05
0,380,1.0,-1,0.4081878662109375,0.44337180256843567,0.0025237393962383933
0,380,1.0,1,0.5918121337890625,0.587713360786438,3.470147653694949e-05
0,390,1.0,-1,0.408355712890625,0.4418896734714508,0.002293721830371423
0,390,1.0,1,0.591644287109375,0.5846254229545593,0.00010160384742916376
0,400,1.0,-1,0.408416748046875,0.4420979917049408,0.002313711787375043
0,400,1.0,1,0.591583251953125,0.5834340453147888,0.00013688520126472342
0,410,1.0,-1,0.4100341796875,0.4454798698425293,0.002558598832690148
0,410,1.0,1,0.5899658203125,0.5846070051193237,5.9201703559638545e-05
0,420,1.0,-1,0.4073333740234375,0.44856691360473633,0.0034606208055228474
0,420,1.0,1,0.5926666259765625,0.5873562693595886,5.825106040643728e-05
0,430,1.0,-1,0.4081878662109375,0.44850412011146545,0.003307875984992756
0,430,1.0,1,0.5918121337890625,0.5893020629882812,1.3024218373263851e-05
0,440,1.0,-1,0.4071044921875,0.4475172460079193,0.0033255447925713277
0,440,1.0,1,0.5928955078125,0.588176965713501,4.601205088720743e-05
0,450,1.0,-1,0.4074859619140625,0.44688674807548523,0.003161518754526263
0,450,1.0,1,0.5925140380859375,0.5856760144233704,9.650456042772319e-05
0,460,1.0,-1,0.409332275390625,0.4462643563747406,0.0027773239896616703
0,460,1.0,1,0.590667724609375,0.5858547687530518,4.779161531220412e-05
0,470,1.0,-1,0.40716552734375,0.44811663031578064,0.003414003531876375
0,470,1.0,1,0.59283447265625,0.5896043181419373,2.157758760138297e-05
1,10,1.0,-1,0.2986602783203125,0.29745543003082275,3.470576431317384e-06
1,10,1.0,1,0.7013397216796875,0.6925559639930725,0.0001821581181193424
1,20,1.0,-1,0.3311920166015625,0.3196626901626587,0.00030370688375924194
1,20,1.0,1,0.6688079833984375,0.6892790198326111,0.0009670421713996562
1,30,1.0,-1,0.3455963134765625,0.3479663133621216,1.2391432304127443e-05
1,30,1.0,1,0.6544036865234375,0.6775364279747009,0.0012100608044572532
1,40,1.0,-1,0.3539886474609375,0.3722217381000519,0.000716297618458997
1,40,1.0,1,0.6460113525390625,0.6605859398841858,0.00047051044661244705
1,50,1.0,-1,0.3646240234375,0.3892768919467926,0.001288667611713458
1,50,1.0,1,0.6353759765625,0.6454755663871765,0.00022193837133790452
1,60,1.0,-1,0.3692779541015625,0.39950260519981384,0.0019215037973826059
1,60,1.0,1,0.6307220458984375,0.6353448629379272,4.603813356700119e-05
1,70,1.0,-1,0.3725128173828125,0.40531957149505615,0.0022537718457165123
1,70,1.0,1,0.6274871826171875,0.6288048028945923,3.7172559320330315e-06
1,80,1.0,-1,0.3742828369140625,0.40924668312072754,0.002552853575352232
1,80,1.0,1,0.6257171630859375,0.623624324798584,9.337217748286736e-06
1,90,1.0,-1,0.3813018798828125,0.4123740792274475,0.002008602512484803
1,90,1.0,1,0.6186981201171875,0.6189696788787842,1.5632523729067508e-07
1,100,1.0,-1,0.383087158203125,0.4151984453201294,0.0021409509859775452
1,100,1.0,1,0.616912841796875,0.6156379580497742,3.435787135143073e-06
1,110,1.0,-1,0.38128662109375,0.4179116487503052,0.0027827187985134186
1,110,1.0,1,0.61871337890625,0.6143460273742676,4.03099647209651e-05
1,120,1.0,-1,0.3857574462890625,0.4195857346057892,0.002369065345919373
1,120,1.0,1,0.6142425537109375,0.6145373582839966,1.8342841503723225e-07
1,130,1.0,-1,0.3852691650390625,0.41993141174316406,0.002487222528668613
1,130,1.0,1,0.6147308349609375,0.614382803440094,2.556586024037369e-07
1,140,1.0,-1,0.39093017578125,0.4206823706626892,0.0018290539650763042
1,140,1.0,1,0.60906982421875,0.612238883972168,2.1130773246312313e-05
1,150,1.0,-1,0.3897247314453125,0.42253661155700684,0.0022233422785769147
1,150,1.0,1,0.6102752685546875,0.6087073087692261,5.1634221361212835e-06
1,160,1.0,-1,0.3929901123046875,0.42460840940475464,0.0020608196403795465
1,160,1.0,1,0.6070098876953125,0.6058975458145142,2.591680725341468e-06
1,170,1.0,-1,0.39422607421875,0.42577096819877625,0.0020495461679683087
1,170,1.0,1,0.60577392578125,0.6051520705223083,8.09344842049608e-07
1,180,1.0,-1,0.394561767578125,0.4254753291606903,0.00196842601316179
1,180,1.0,1,0.605438232421875,0.6061215996742249,9.77841838048694e-07
1,190,1.0,-1,0.39556884765625,0.42477089166641235,0.001756615425299663
1,190,1.0,1,0.60443115234375,0.6070734858512878,1.4623510646927153e-05
1,200,1.0,-1,0.3977203369140625,0.4262843728065491,0.0016786711298614337
1,200,1.0,1,0.6022796630859375,0.605908989906311,2.7552223383947756e-05
1,210,1.0,-1,0.3967132568359375,0.430045485496521,0.0022827071270473676
1,210,1.0,1,0.6032867431640625,0.6027421951293945,6.193071748918479e-07
1,220,1.0,-1,0.394805908203125,0.43395060300827026,0.0031444966689289297
1,220,1.0,1,0.605194091796875,0.5991417765617371,7.638856199851905e-05
1,230,1.0,-1,0.400604248046875,0.4365752041339874,0.0026489193762821855
1,230,1.0,1,0.599395751953125,0.5970481634140015,1.1461130986229178e-05
1,240,1.0,-1,0.397705078125,0.4378727674484253,0.0033035476924746787
1,240,1.0,1,0.602294921875,0.5973076224327087,5.1775212368749754e-05
1,250,1.0,-1,0.39630126953125,0.4379167854785919,0.003547061759280934
1,250,1.0,1,0.60369873046875,0.5988150835037231,4.9706226010486423e-05
1,260,1.0,-1,0.3991241455078125,0.43720996379852295,0.0029698006836503046
1,260,1.0,1,0.6008758544921875,0.599317729473114,5.057137334736183e-06
1,270,1.0,-1,0.4009857177734375,0.43643105030059814,0.0025719970044617013
1,270,1.0,1,0.5990142822265625,0.597849428653717,2.822733513860743e-06
1,280,1.0,-1,0.396484375,0.4359033703804016,0.0031849281916238384
1,280,1.0,1,0.603515625,0.5958060026168823,0.00012366570862982866
1,290,1.0,-1,0.39990234375,0.4360753297805786,0.002679711324753052
1,290,1.0,1,0.60009765625,0.5951483845710754,5.089855427402139e-05
1,300,1.0,-1,0.400299072265625,0.4371103346347809,0.0027737320095646487
1,300,1.0,1,0.599700927734375,0.5962961912155151,2.4099627139767283e-05
1,310,1.0,-1,0.39825439453125,0.4381605088710785,0.0032598894963457997
1,310,1.0,1,0.60174560546875,0.5980175137519836,2.8937892524867528e-05
1,320,1.0,-1,0.400360107421875,0.4385107159614563,0.002977579311417587
1,320,1.0,1,0.599639892578125,0.598258912563324,3.968930207949323e-06
1,330,1.0,-1,0.4009552001953125,0.4388904571533203,0.0029432409354875275
1,330,1.0,1,0.5990447998046875,0.5958843231201172,2.0757507259414748e-05
1,340,1.0,-1,0.3993682861328125,0.44004490971565247,0.003383684700822731
1,340,1.0,1,0.6006317138671875,0.592110812664032,0.00015064707755594285
1,350,1.0,-1,0.4031219482421875,0.4416838586330414,0.0030366601957200617
1,350,1.0,1,0.5968780517578125,0.5892609357833862,0.00012009081272971751
1,360,1.0,-1,0.4049224853515625,0.442619651556015,0.002899898041064587
1,360,1.0,1,0.5950775146484375,0.5885899662971497,8.704511215678994e-05
1,370,1.0,-1,0.4053955078125,0.44151681661605835,0.002663322700171708
1,370,1.0,1,0.5946044921875,0.5898390412330627,4.699048831968006e-05
1,380,1.0,-1,0.401123046875,0.4387057423591614,0.0028888856758799014
1,380,1.0,1,0.598876953125,0.591616153717041,0.00010930619914190868
1,390,1.0,-1,0.403350830078125,0.4368753731250763,0.0022991895069830112
1,390,1.0,1,0.596649169921875,0.5920730233192444,4.340343831305948e-05
1,400,1.0,-1,0.403533935546875,0.43747973442077637,0.0023566872352263624
1,400,1.0,1,0.596466064453125,0.5909956097602844,6.198843753727878e-05
1,410,1.0,-1,0.404541015625,0.4395996332168579,0.0025111584338857323
1,410,1.0,1,0.595458984375,0.5896884202957153,6.891287455369592e-05
1,420,1.0,-1,0.4039764404296875,0.44176924228668213,0.0029161159147016794
1,420,1.0,1,0.5960235595703125,0.5895566344261169,8.655527387547816e-05
1,430,1.0,-1,0.4076385498046875,0.4432317018508911,0.0025832046209098153
1,430,1.0,1,0.5923614501953125,0.5910547971725464,3.5329766663589994e-06
1,440,1.0,-1,0.4024505615234375,0.4436674118041992,0.0034671764329733956
1,440,1.0,1,0.5975494384765625,0.5930660367012024,4.169322853582371e-05
1,450,1.0,-1,0.4045867919921875,0.44357118010520935,0.0031004742278115532
1,450,1.0,1,0.5954132080078125,0.5936938524246216,6.130272697939124e-06
1,460,1.0,-1,0.4047698974609375,0.4434228837490082,0.003048030804430092
1,460,1.0,1,0.5952301025390625,0.592714250087738,1.3118301031216778e-05
1,470,1.0,-1,0.4065399169921875,0.44340384006500244,0.002771406184271165
1,470,1.0,1,0.5934600830078125,0.5916162729263306,7.038779795997749e-06
0,10,1.1,-1,0.30096435546875,0.3088904321193695,0.0001478498619917109
0,10,1.1,1,0.69903564453125,0.6804938316345215,0.0007990826045744422
0,20,1.1,-1,0.329498291015625,0.32730984687805176,1.0863555070620388e-05
0,20,1.1,1,0.670501708984375,0.6750375628471375,4.67830324213268e-05
0,30,1.1,-1,0.345062255859375,0.35554730892181396,0.00024097959983422276
0,30,1.1,1,0.654937744140625,0.6601008772850037,5.92626083108826e-05
0,40,1.1,-1,0.356842041015625,0.37803325057029724,0.0009623468185204834
0,40,1.1,1,0.643157958984375,0.6462137699127197,2.039593768432546e-05
0,50,1.1,-1,0.3616943359375,0.3891066014766693,0.001595124876836461
0,50,1.1,1,0.6383056640625,0.637240469455719,2.4552135500391457e-06
0,60,1.1,-1,0.369293212890625,0.39705368876457214,0.001623372521236649
0,60,1.1,1,0.630706787109375,0.6291565299034119,5.153206314438986e-06
0,70,1.1,-1,0.373809814453125,0.40648990869522095,0.0022340123990598065
0,70,1.1,1,0.626190185546875,0.622016429901123,3.710075043656877e-05
0,80,1.1,-1,0.376800537109375,0.4165652394294739,0.0032867177060108
0,80,1.1,1,0.623199462890625,0.6179648041725159,5.81362072056852e-05
0,90,1.1,-1,0.38275146484375,0.42442917823791504,0.0035905985673780685
0,90,1.1,1,0.61724853515625,0.616809070110321,4.086162733224941e-07
0,100,1.1,-1,0.3843231201171875,0.42731860280036926,0.003814524620333784
0,100,1.1,1,0.6156768798828125,0.6172463297843933,5.210296056273097e-06
0,110,1.1,-1,0.385345458984375,0.4259767234325409,0.003407741180336578
0,110,1.1,1,0.614654541015625,0.6161000728607178,4.415209729262187e-06
0,120,1.1,-1,0.386688232421875,0.4251991808414459,0.003061382245919897
0,120,1.1,1,0.613311767578125,0.6120975017547607,3.1061388012887207e-06
0,130,1.1,-1,0.39080810546875,0.4261910021305084,0.002580343078919481
0,130,1.1,1,0.60919189453125,0.6078745126724243,3.641896249003806e-06
0,140,1.1,-1,0.388397216796875,0.4293827712535858,0.003459372340070037
0,140,1.1,1,0.611602783203125,0.6049830317497253,9.18652731504415e-05
0,150,1.1,-1,0.3936767578125,0.4327940046787262,0.003142448360591077
0,150,1.1,1,0.6063232421875,0.6040233373641968,1.1065163298616155e-05
0,160,1.1,-1,0.3961029052734375,0.43259677290916443,0.00273373333186485
0,160,1.1,1,0.6038970947265625,0.6038750410079956,1.016616530971707e-09
0,170,1.1,-1,0.3964385986328125,0.4306873679161072,0.0024094675192764745
0,170,1.1,1,0.6035614013671875,0.6008756756782532,1.5049774566673006e-05
0,180,1.1,-1,0.39312744140625,0.43187302350997925,0.003084625775802395
0,180,1.1,1,0.60687255859375,0.593620777130127,0.00036527947586122156
0,190,1.1,-1,0.3972625732421875,0.4357844889163971,0.0030412146152510935
0,190,1.1,1,0.6027374267578125,0.5872974395751953,0.0004936925695470488
0,200,1.1,-1,0.3974609375,0.4417574107646942,0.004011805778069227
0,200,1.1,1,0.6025390625,0.5858896970748901,0.0005736279204270507
0,210,1.1,-1,0.394622802734375,0.44484955072402954,0.005155193056416228
0,210,1.1,1,0.605377197265625,0.5887410640716553,0.0005739728186647322
0,220,1.1,-1,0.4022064208984375,0.4438796937465668,0.0035443015663903024
0,220,1.1,1,0.5977935791015625,0.5912307500839233,8.925825208083802e-05
0,230,1.1,-1,0.4020233154296875,0.44268834590911865,0.0033764685415829387
0,230,1.1,1,0.5979766845703125,0.5890470743179321,0.00016507072282031209
0,240,1.1,-1,0.4028167724609375,0.4441639482975006,0.0034882437693698476
0,240,1.1,1,0.5971832275390625,0.5842995047569275,0.00034275598742833716
0,250,1.1,-1,0.40069580078125,0.44743430614471436,0.004454053522281169
0,250,1.1,1,0.59930419921875,0.5820831060409546,0.0006120609332338836
0,260,1.1,-1,0.4024200439453125,0.4500223696231842,0.004614494963056763
0,260,1.1,1,0.5975799560546875,0.5845234990119934,0.0003520814554442298
0,270,1.1,-1,0.3995819091796875,0.4501771628856659,0.005215750673815064
0,270,1.1,1,0.6004180908203125,0.5889761447906494,0.00027118491001199355
0,280,1.1,-1,0.40179443359375,0.44817623496055603,0.004384202542568438
0,280,1.1,1,0.59820556640625,0.5901024341583252,0.00013600928795122653
0,290,1.1,-1,0.4044647216796875,0.4468870759010315,0.0036672462302463904
0,290,1.1,1,0.5955352783203125,0.5866093635559082,0.00016463218069746356
0,300,1.1,-1,0.403289794921875,0.44739189743995667,0.003963672679154803
0,300,1.1,1,0.596710205078125,0.5835492610931396,0.000357494147088069
0,310,1.1,-1,0.4035797119140625,0.44883105158805847,0.00417064223719666
0,310,1.1,1,0.5964202880859375,0.584121584892273,0.0003122489722765156
0,320,1.1,-1,0.4032745361328125,0.4502652883529663,0.004495547035075903
0,320,1.1,1,0.5967254638671875,0.5869169235229492,0.00019889053970009382
0,330,1.1,-1,0.405975341796875,0.4493904113769531,0.003836464178153122
0,330,1.1,1,0.594024658203125,0.5889716744422913,5.2801426805105904e-05
0,340,1.1,-1,0.40411376953125,0.4461277723312378,0.003598191818333249
0,340,1.1,1,0.59588623046875,0.5878844857215881,0.00013240051443793623
0,350,1.1,-1,0.403228759765625,0.4439585208892822,0.0033848023849581826
0,350,1.1,1,0.596771240234375,0.5845147967338562,0.00031019259844253765
0,360,1.1,-1,0.4042510986328125,0.4431372284889221,0.0030855632665161697
0,360,1.1,1,0.5957489013671875,0.5821513533592224,0.00038126367827459075
0,370,1.1,-1,0.4072113037109375,0.4458913505077362,0.0030481214709914273
0,370,1.1,1,0.5927886962890625,0.582578718662262,0.00021484623763009733
0,380,1.1,-1,0.4081878662109375,0.4494486153125763,0.0034635957028497505
0,380,1.1,1,0.5918121337890625,0.5854083895683289,8.461049168595556e-05
0,390,1.1,-1,0.408355712890625,0.4496942162513733,0.0034762678475681597
0,390,1.1,1,0.591644287109375,0.587968111038208,2.7917008872969766e-05
0,400,1.1,-1,0.408416748046875,0.4486629068851471,0.00329606168552625
0,400,1.1,1,0.591583251953125,0.5869492292404175,4.4337428072645235e-05
0,410,1.1,-1,0.4100341796875,0.44818124175071716,0.002960747294024714
0,410,1.1,1,0.5899658203125,0.5841442942619324,6.985148589338467e-05
0,420,1.1,-1,0.4073333740234375,0.44829484820365906,0.0034154150927910645
0,420,1.1,1,0.5926666259765625,0.5846177935600281,0.00013364379713403686
0,430,1.1,-1,0.4081878662109375,0.45030903816223145,0.0036085395465898437
0,430,1.1,1,0.5918121337890625,0.5891651511192322,1.4482797968974007e-05
0,440,1.1,-1,0.4071044921875,0.45103755593299866,0.003925563114929115
0,440,1.1,1,0.5928955078125,0.5947250127792358,6.940074222012635e-06
0,450,1.1,-1,0.4074859619140625,0.4483649730682373,0.0034014947516430583
0,450,1.1,1,0.5925140380859375,0.5981581211090088,6.616507953583189e-05
0,460,1.1,-1,0.409332275390625,0.4437033534049988,0.0024076345637464094
0,460,1.1,1,0.590667724609375,0.5999504327774048,0.00017906045045006092
0,470,1.1,-1,0.40716552734375,0.43811655044555664,0.0019571968228341147
0,470,1.1,1,0.59283447265625,0.6046534776687622,0.00029120331950349687
1,10,1.1,-1,0.2986602783203125,0.30470338463783264,8.651164669189627e-05
1,10,1.1,1,0.7013397216796875,0.681761622428894,0.0008934273134471316
1,20,1.1,-1,0.3311920166015625,0.3290462791919708,1.0415846671223312e-05
1,20,1.1,1,0.6688079833984375,0.6790235638618469,0.000238098300145647
1,30,1.1,-1,0.3455963134765625,0.35880112648010254,0.00038106832206220506
1,30,1.1,1,0.6544036865234375,0.6673713326454163,0.0003763626248103665
1,40,1.1,-1,0.3539886474609375,0.3823706805706024,0.0017227807746941423
1,40,1.1,1,0.6460113525390625,0.6507997512817383,5.034055020094238e-05
1,50,1.1,-1,0.3646240234375,0.3974246084690094,0.002269379919235981
1,50,1.1,1,0.6353759765625,0.6373852491378784,8.726819216339863e-06
1,60,1.1,-1,0.3692779541015625,0.4055911898612976,0.0027636913710047256
1,60,1.1,1,0.6307220458984375,0.6288009881973267,7.911140280777865e-06
1,70,1.1,-1,0.3725128173828125,0.41048818826675415,0.003011130534622264
1,70,1.1,1,0.6274871826171875,0.622714638710022,4.8555768170898024e-05
1,80,1.1,-1,0.3742828369140625,0.41407719254493713,0.0032983431596435436
1,80,1.1,1,0.6257171630859375,0.6174538731575012,0.00014494447731795354
1,90,1.1,-1,0.3813018798828125,0.4171111583709717,0.0026612033491487247
1,90,1.1,1,0.6186981201171875,0.6136420369148254,5.4001287669574495e-05
1,100,1.1,-1,0.383087158203125,0.42003464698791504,0.0028275352073202434
1,100,1.1,1,0.616912841796875,0.6122126579284668,4.6596649898429654e-05
1,110,1.1,-1,0.38128662109375,0.42180711030960083,0.003399591581561154
1,110,1.1,1,0.61871337890625,0.6124535799026489,8.271157038788543e-05
1,120,1.1,-1,0.3857574462890625,0.42220044136047363,0.0027459746727636486
1,120,1.1,1,0.6142425537109375,0.6118903160095215,1.1658083518428178e-05
1,130,1.1,-1,0.3852691650390625,0.42333900928497314,0.0029953821193283575
1,130,1.1,1,0.6147308349609375,0.6088244318962097,7.337461646605634e-05
1,140,1.1,-1,0.39093017578125,0.4255259931087494,0.0024674907499853266
1,140,1.1,1,0.60906982421875,0.6049786806106567,3.506104747757685e-05
1,150,1.1,-1,0.3897247314453125,0.4273490011692047,0.002916886244093281
1,150,1.1,1,0.6102752685546875,0.602965772151947,0.00011182855183289667
1,160,1.1,-1,0.3929901123046875,0.42757198214530945,0.002461958842323239
1,160,1.1,1,0.6070098876953125,0.6034454107284546,2.657486706973862e-05
1,170,1.1,-1,0.39422607421875,0.42638933658599854,0.002130096914766455
1,170,1.1,1,0.60577392578125,0.6049033999443054,1.5858237051947837e-06
1,180,1.1,-1,0.394561767578125,0.42702898383140564,0.002169748893426436
1,180,1.1,1,0.605438232421875,0.6043097972869873,2.663490949704906e-06
1,190,1.1,-1,0.39556884765625,0.4307161271572113,0.0025380472497408962
1,190,1.1,1,0.60443115234375,0.6010920405387878,2.3271779739330017e-05
1,200,1.1,-1,0.3977203369140625,0.4348548650741577,0.0028268604120548838
1,200,1.1,1,0.6022796630859375,0.5972486734390259,5.268439741661513e-05
1,210,1.1,-1,0.3967132568359375,0.43750473856925964,0.0034082146283537854
1,210,1.1,1,0.6032867431640625,0.5951903462409973,0.00013633104420542573
1,220,1.1,-1,0.394805908203125,0.43863800168037415,0.003935211835604406
1,220,1.1,1,0.605194091796875,0.5958210229873657,0.0001828745013352246
1,230,1.1,-1,0.400604248046875,0.43838968873023987,0.0029208293537517083
1,230,1.1,1,0.599395751953125,0.5973816514015198,8.4377045685524e-06
1,240,1.1,-1,0.397705078125,0.4375346004962921,0.00324858974015918
1,240,1.1,1,0.602294921875,0.5971605181694031,5.487014669258369e-05
1,250,1.1,-1,0.39630126953125,0.4367532730102539,0.0033530411727088413
1,250,1.1,1,0.60369873046875,0.5950224995613098,0.00015656097342473148
1,260,1.1,-1,0.3991241455078125,0.4365277588367462,0.002865133570913482
1,260,1.1,1,0.6008758544921875,0.5934220552444458,0.00011536441847771403
1,270,1.1,-1,0.4009857177734375,0.437382310628891,0.002710889239431566
1,270,1.1,1,0.5990142822265625,0.594021737575531,5.1746454463932716e-05
1,280,1.1,-1,0.396484375,0.43867796659469604,0.0036450473700665523
1,280,1.1,1,0.603515625,0.5959215760231018,0.0001199933190947711
1,290,1.1,-1,0.39990234375,0.4392114579677582,0.003160630801336696
1,290,1.1,1,0.60009765625,0.5965095162391663,2.677188430400901e-05
1,300,1.1,-1,0.400299072265625,0.4395768642425537,0.003154877857310001
1,300,1.1,1,0.599700927734375,0.5939956903457642,6.758620865485003e-05
1,310,1.1,-1,0.39825439453125,0.44079291820526123,0.0037003981081735193
1,310,1.1,1,0.60174560546875,0.5898915529251099,0.0002913092207760988
1,320,1.1,-1,0.400360107421875,0.44251349568367004,0.0036296817596823405
1,320,1.1,1,0.599639892578125,0.5871272683143616,0.00032394517588916864
1,330,1.1,-1,0.4009552001953125,0.4431537091732025,0.0036361345199693307
1,330,1.1,1,0.5990447998046875,0.5869618058204651,0.0003020101226112702
1,340,1.1,-1,0.3993682861328125,0.44119083881378174,0.0035754660267018484
1,340,1.1,1,0.6006317138671875,0.5886966586112976,0.00029503769218272233
1,350,1.1,-1,0.4031219482421875,0.4381926953792572,0.0025150103907394528
1,350,1.1,1,0.5968780517578125,0.590125560760498,9.441612398909151e-05
1,360,1.1,-1,0.4049224853515625,0.4375659227371216,0.002178593101452804
1,360,1.1,1,0.5950775146484375,0.5895876884460449,6.23615261913426e-05
1,370,1.1,-1,0.4053955078125,0.4394477307796478,0.0023687597689166923
1,370,1.1,1,0.5946044921875,0.5881150960922241,8.706378363429294e-05
1,380,1.1,-1,0.401123046875,0.4418738782405853,0.0033924056483568277
1,380,1.1,1,0.598876953125,0.5875861048698425,0.00026377975957030467
1,390,1.1,-1,0.403350830078125,0.4436434209346771,0.003312821929233288
1,390,1.1,1,0.596649169921875,0.5889748930931091,0.00012187529363436554
1,400,1.1,-1,0.403533935546875,0.44420450925827026,0.0033744587959202987
1,400,1.1,1,0.596466064453125,0.5911388397216797,5.878920792769769e-05
1,410,1.1,-1,0.404541015625,0.4441499710083008,0.003199982882773747
1,410,1.1,1,0.595458984375,0.5916609764099121,2.9882013956997622e-05
1,420,1.1,-1,0.4039764404296875,0.44414177536964417,0.0032909095386952567
1,420,1.1,1,0.5960235595703125,0.5904264450073242,6.486597079641623e-05
1,430,1.1,-1,0.4076385498046875,0.4442458748817444,0.0027315300615605304
1,430,1.1,1,0.5923614501953125,0.5896222591400146,1.551505007773386e-05
1,440,1.1,-1,0.4024505615234375,0.44459250569343567,0.0036233558147723346
1,440,1.1,1,0.5975494384765625,0.5910440683364868,8.768816673785686e-05
1,450,1.1,-1,0.4045867919921875,0.4445681869983673,0.003259928209800575
1,450,1.1,1,0.5954132080078125,0.5944430232048035,1.952662473893069e-06
1,460,1.1,-1,0.4047698974609375,0.44286924600601196,0.0029619316247836633
1,460,1.1,1,0.5952301025390625,0.597671627998352,1.2386941012153697e-05
1,470,1.1,-1,0.4065399169921875,0.4404379725456238,0.0023459267799225067
1,470,1.1,1,0.5934600830078125,0.5985621809959412,5.409321086056497e-05
