sample,chain,parent,t,coordinate_scale,ce,brier,masked
0,1,253,0.2,0.9,0.48662444949150085,0.15321412518493144,438
1,0,23,0.2,0.9,0.5146241188049316,0.16383821106094068,462
2,0,19,0.2,0.9,0.525580883026123,0.16849625336071902,469
3,2,316,0.2,0.9,0.4970044791698456,0.15877445318616912,459
4,3,421,0.2,0.9,0.5220770835876465,0.1679184379194657,447
5,2,349,0.2,0.9,0.47145694494247437,0.14819203109613907,492
6,2,285,0.2,0.9,0.4741176664829254,0.14837910832498868,456
7,2,311,0.2,0.9,0.4840347170829773,0.1531665732170753,490
8,0,64,0.2,0.9,0.5247969031333923,0.1703671881480532,469
9,2,334,0.2,0.9,0.5799985527992249,0.1896066103133025,448
10,0,121,0.2,0.9,0.5248616337776184,0.16690544777935945,424
11,1,224,0.2,0.9,0.5968242287635803,0.1978571276335102,491
12,1,206,0.2,0.9,0.5300240516662598,0.1714467890626057,504
13,0,94,0.2,0.9,0.46471163630485535,0.1470973570455937,445
14,2,367,0.2,0.9,0.4794362485408783,0.151753508702322,485
15,2,327,0.2,0.9,0.44353267550468445,0.13785092939207153,466
16,1,205,0.2,0.9,0.5276025533676147,0.1705845996639393,511
17,2,364,0.2,0.9,0.5229564309120178,0.17034560873897733,491
18,0,20,0.2,0.9,0.5185161828994751,0.16759418632494696,439
19,0,97,0.2,0.9,0.5469939708709717,0.17843629257242616,452
20,2,286,0.2,0.9,0.5094224810600281,0.16280735757174597,476
21,1,158,0.2,0.9,0.4803778827190399,0.15482007360736727,446
22,3,495,0.2,0.9,0.5112652778625488,0.1612259389374664,439
23,0,48,0.2,0.9,0.5099200010299683,0.1654942214219295,457
24,1,140,0.2,0.9,0.596635103225708,0.1978810887803079,449
25,3,385,0.2,0.9,0.5863953232765198,0.19552926737614545,428
26,2,343,0.2,0.9,0.5206088423728943,0.1637613961830346,437
27,1,130,0.2,0.9,0.5125910639762878,0.16548753675784117,438
28,1,248,0.2,0.9,0.4698883891105652,0.14968104614230288,475
29,3,453,0.2,0.9,0.5371054410934448,0.17396154549351123,472
30,0,35,0.2,0.9,0.5394321084022522,0.17401734966095933,447
31,1,191,0.2,0.9,0.47380998730659485,0.14867027876506214,483
32,1,197,0.2,0.9,0.46389999985694885,0.14643090581281754,452
33,3,492,0.2,0.9,0.5484806895256042,0.1788971162783922,448
34,1,195,0.2,0.9,0.5418052077293396,0.17772666604229798,485
35,3,399,0.2,0.9,0.5188372135162354,0.16781343555704265,464
36,3,462,0.2,0.9,0.6151675581932068,0.20546805722757744,496
37,1,138,0.2,0.9,0.5062429904937744,0.15963500167210481,464
38,2,305,0.2,0.9,0.5272027850151062,0.1690004495535155,458
39,2,382,0.2,0.9,0.5653880834579468,0.18558469427697247,423
40,0,123,0.2,0.9,0.5025219917297363,0.15999131573973896,471
41,1,192,0.2,0.9,0.5425900220870972,0.17756282297284762,461
42,3,417,0.2,0.9,0.46786051988601685,0.1475493584165481,463
43,0,10,0.2,0.9,0.4578670263290405,0.14293322240688627,418
44,2,279,0.2,0.9,0.5168454647064209,0.1661342082225354,456
45,2,337,0.2,0.9,0.4837026000022888,0.15444194145015833,477
46,1,234,0.2,0.9,0.5619038939476013,0.18341471914324742,452
47,3,479,0.2,0.9,0.5003853440284729,0.15910467486192076,481
48,0,112,0.2,0.9,0.44647103548049927,0.1395112051354781,476
49,3,470,0.2,0.9,0.5268006920814514,0.17180361153351736,451
50,2,294,0.2,0.9,0.5004549622535706,0.15997698764735566,429
51,0,10,0.2,0.9,0.5330650806427002,0.17207329927996978,442
52,2,326,0.2,0.9,0.5089708566665649,0.16174159451891273,496
53,0,41,0.2,0.9,0.4782337248325348,0.1488493026646359,448
54,3,498,0.2,0.9,0.4761661887168884,0.1506905647151182,524
55,1,160,0.2,0.9,0.5328539609909058,0.1740229932490085,454
56,2,332,0.2,0.9,0.5472082495689392,0.18000463967504107,461
57,2,311,0.2,0.9,0.5420935153961182,0.17485797798518887,424
58,3,422,0.2,0.9,0.48855388164520264,0.1573065977377269,471
59,3,504,0.2,0.9,0.5386680960655212,0.1754324241114233,432
60,1,131,0.2,0.9,0.48560458421707153,0.15580110076465337,443
61,0,90,0.2,0.9,0.48882895708084106,0.15386776920661988,471
62,1,145,0.2,0.9,0.5268599390983582,0.17390069974872358,482
63,2,286,0.2,0.9,0.5029235482215881,0.15781604780157443,469
64,1,190,0.2,0.9,0.5426105856895447,0.17520993087613076,451
65,2,356,0.2,0.9,0.4798929691314697,0.1489005239436684,459
66,3,451,0.2,0.9,0.4455749988555908,0.13724509033665178,458
67,2,291,0.2,0.9,0.5206798911094666,0.16824117523707716,499
68,0,112,0.2,0.9,0.5335380434989929,0.17243821485284883,456
69,0,127,0.2,0.9,0.5176612734794617,0.1691963378307392,456
70,2,279,0.2,0.9,0.5277441143989563,0.1695844461003168,475
71,3,416,0.2,0.9,0.513672411441803,0.16746806222032726,480
72,2,262,0.2,0.9,0.5222075581550598,0.16974978820857184,445
73,0,61,0.2,0.9,0.5219879150390625,0.16992793824140012,452
74,3,426,0.2,0.9,0.5125365257263184,0.16617957478524684,465
75,2,271,0.2,0.9,0.5118706822395325,0.1646770215581608,438
76,1,253,0.2,0.9,0.5037761330604553,0.16218084898667326,422
77,3,469,0.2,0.9,0.49878257513046265,0.16001368829465376,466
78,0,114,0.2,0.9,0.5127183794975281,0.16495526165660773,444
79,1,133,0.2,0.9,0.4792783856391907,0.15113295690594644,458
80,1,146,0.2,0.9,0.5544292330741882,0.1818431661154118,456
81,1,227,0.2,0.9,0.5711262822151184,0.18763321549922304,436
82,1,141,0.2,0.9,0.5220479369163513,0.1704892052681215,476
83,2,350,0.2,0.9,0.5221333503723145,0.16804745884439018,481
84,2,372,0.2,0.9,0.45810312032699585,0.14149740313507028,447
85,2,291,0.2,0.9,0.5492599010467529,0.17931137703663694,497
86,1,202,0.2,0.9,0.5307684540748596,0.17115654994183782,446
87,2,342,0.2,0.9,0.5230002403259277,0.17104169381541945,468
88,2,302,0.2,0.9,0.5182309746742249,0.16636145263264818,464
89,3,423,0.2,0.9,0.5204054117202759,0.16502929592547425,468
90,0,64,0.2,0.9,0.4808414876461029,0.15077265068662155,453
91,0,118,0.2,0.9,0.5479481220245361,0.17790053244630027,464
92,3,437,0.2,0.9,0.5352874994277954,0.17368931384574277,462
93,0,23,0.2,0.9,0.5598589777946472,0.18243477844752257,457
94,0,90,0.2,0.9,0.5353131890296936,0.17264839855692754,455
95,1,239,0.2,0.9,0.49289923906326294,0.15829729819829977,456
96,3,507,0.2,0.9,0.5240994691848755,0.16847087826656498,464
97,1,219,0.2,0.9,0.480793833732605,0.15141863604859718,475
98,0,13,0.2,0.9,0.5447248220443726,0.17978860894385015,480
99,2,383,0.2,0.9,0.5263081192970276,0.16927745377605005,491
100,2,303,0.2,0.9,0.5192018151283264,0.16629065558201833,491
101,1,130,0.2,0.9,0.5114038586616516,0.16302781273951708,474
102,3,392,0.2,0.9,0.4905730187892914,0.15543047946379618,476
103,3,443,0.2,0.9,0.5482165813446045,0.1770341214549987,435
104,3,476,0.2,0.9,0.5121812224388123,0.16509914412602775,461
105,3,490,0.2,0.9,0.5437501072883606,0.17986610787315885,480
106,2,281,0.2,0.9,0.5100366473197937,0.16183986537357628,448
107,1,140,0.2,0.9,0.5534534454345703,0.1823698536486006,450
108,0,69,0.2,0.9,0.5159323215484619,0.16468663802459207,459
109,1,223,0.2,0.9,0.5536391139030457,0.17768374951107463,449
110,2,352,0.2,0.9,0.5087504982948303,0.163319688908829,422
111,1,221,0.2,0.9,0.4683125615119934,0.14610402409917184,437
112,1,208,0.2,0.9,0.46551084518432617,0.1472433659681588,454
113,0,52,0.2,0.9,0.5188875198364258,0.16811271930815158,483
114,2,332,0.2,0.9,0.4910580813884735,0.15760978011553264,470
115,0,7,0.2,0.9,0.5347093343734741,0.17536071720677038,472
116,1,186,0.2,0.9,0.48105835914611816,0.1526662934949927,439
117,3,488,0.2,0.9,0.516366183757782,0.16536882356096008,443
118,2,368,0.2,0.9,0.5324925780296326,0.17072674494343826,461
119,3,464,0.2,0.9,0.5686317086219788,0.1844567719399918,483
120,3,387,0.2,0.9,0.4970099627971649,0.158925691018053,477
121,2,354,0.2,0.9,0.5638017058372498,0.18233200138108593,448
122,1,211,0.2,0.9,0.5022836327552795,0.1602488279379502,454
123,1,210,0.2,0.9,0.5385487079620361,0.17332341953317693,490
124,1,167,0.2,0.9,0.5521852374076843,0.17945990431762182,487
125,1,173,0.2,0.9,0.5320082902908325,0.17144527350697394,461
126,2,362,0.2,0.9,0.49679625034332275,0.15959290314907745,461
127,3,475,0.2,0.9,0.5535171031951904,0.17857080292327976,433
0,1,253,0.2,1.0,0.4914746582508087,0.15503715825801198,438
1,0,23,0.2,1.0,0.5168452858924866,0.16448794720888857,462
2,0,19,0.2,1.0,0.5310338735580444,0.17033963421874146,469
3,2,316,0.2,1.0,0.49991369247436523,0.16000851524229542,459
4,3,421,0.2,1.0,0.5274666547775269,0.1698112109481938,447
5,2,349,0.2,1.0,0.47447389364242554,0.1495859031593083,492
6,2,285,0.2,1.0,0.477631151676178,0.14908871065156248,456
7,2,311,0.2,1.0,0.4914584457874298,0.1564483272346305,490
8,0,64,0.2,1.0,0.5299517512321472,0.1720371910060506,469
9,2,334,0.2,1.0,0.583760678768158,0.19046222715626035,448
10,0,121,0.2,1.0,0.5273652076721191,0.16730187717953843,424
11,1,224,0.2,1.0,0.602881133556366,0.19949170040458222,491
12,1,206,0.2,1.0,0.5338285565376282,0.1722940903511585,504
13,0,94,0.2,1.0,0.46837207674980164,0.14861609382410568,445
14,2,367,0.2,1.0,0.4842835068702698,0.1537027449781124,485
15,2,327,0.2,1.0,0.4504213333129883,0.1406072801976779,466
16,1,205,0.2,1.0,0.5312861204147339,0.17136109286594778,511
17,2,364,0.2,1.0,0.5313830375671387,0.17344126057927262,491
18,0,20,0.2,1.0,0.5231491327285767,0.1690426674014673,439
19,0,97,0.2,1.0,0.5509546995162964,0.17967131789789503,452
20,2,286,0.2,1.0,0.5107192397117615,0.16313063235770564,476
21,1,158,0.2,1.0,0.4856450855731964,0.15676843283978492,446
22,3,495,0.2,1.0,0.5121939182281494,0.16145113768519717,439
23,0,48,0.2,1.0,0.512934684753418,0.16656812346751518,457
24,1,140,0.2,1.0,0.6027286648750305,0.19968633907052386,449
25,3,385,0.2,1.0,0.5911255478858948,0.19714668758532516,428
26,2,343,0.2,1.0,0.5261657238006592,0.16555622606795847,437
27,1,130,0.2,1.0,0.5164076685905457,0.16702298337562774,438
28,1,248,0.2,1.0,0.4755127727985382,0.15229560979990162,475
29,3,453,0.2,1.0,0.535005509853363,0.17293441160196177,472
30,0,35,0.2,1.0,0.5445009469985962,0.17564425723684826,447
31,1,191,0.2,1.0,0.47738024592399597,0.14959827286388958,483
32,1,197,0.2,1.0,0.46949252486228943,0.14830622313124775,452
33,3,492,0.2,1.0,0.5531588196754456,0.18028807109011136,448
34,1,195,0.2,1.0,0.543984591960907,0.17843956376712583,485
35,3,399,0.2,1.0,0.5235344171524048,0.1694346339520805,464
36,3,462,0.2,1.0,0.6230060458183289,0.20803759972497354,496
37,1,138,0.2,1.0,0.5076563954353333,0.16004711104876415,464
38,2,305,0.2,1.0,0.5294857621192932,0.16947794628814972,458
39,2,382,0.2,1.0,0.572199821472168,0.18772245365176288,423
40,0,123,0.2,1.0,0.5056666731834412,0.16133603992096834,471
41,1,192,0.2,1.0,0.5434589385986328,0.17748474563569272,461
42,3,417,0.2,1.0,0.4721928834915161,0.14910782957727062,463
43,0,10,0.2,1.0,0.4601398706436157,0.14340084702914746,418
44,2,279,0.2,1.0,0.519152045249939,0.1667600471613075,456
45,2,337,0.2,1.0,0.4877478778362274,0.1557356042871418,477
46,1,234,0.2,1.0,0.5666139125823975,0.1846720611152157,452
47,3,479,0.2,1.0,0.506642758846283,0.1613481284450394,481
48,0,112,0.2,1.0,0.4472361207008362,0.1397447253048081,476
49,3,470,0.2,1.0,0.5283432602882385,0.1726097903224054,451
50,2,294,0.2,1.0,0.5039054155349731,0.16083089009228269,429
51,0,10,0.2,1.0,0.5361399054527283,0.17350220099579075,442
52,2,326,0.2,1.0,0.5152395367622375,0.1637276284210152,496
53,0,41,0.2,1.0,0.48003652691841125,0.14945423722162637,448
54,3,498,0.2,1.0,0.4810172915458679,0.15289006018350423,524
55,1,160,0.2,1.0,0.5467855334281921,0.17913053921048394,454
56,2,332,0.2,1.0,0.5470670461654663,0.17955435399190034,461
57,2,311,0.2,1.0,0.5490820407867432,0.1770360650173715,424
58,3,422,0.2,1.0,0.4921499192714691,0.1586989162398519,471
59,3,504,0.2,1.0,0.5452297925949097,0.17787074209119044,432
60,1,131,0.2,1.0,0.489202618598938,0.1569009765672001,443
61,0,90,0.2,1.0,0.493340402841568,0.1559355353245274,471
62,1,145,0.2,1.0,0.5277101397514343,0.17423795752917492,482
63,2,286,0.2,1.0,0.5056392550468445,0.15847716347618676,469
64,1,190,0.2,1.0,0.5464768409729004,0.1761784010231407,451
65,2,356,0.2,1.0,0.4833400249481201,0.15059589071067067,459
66,3,451,0.2,1.0,0.448183536529541,0.13799008627141526,458
67,2,291,0.2,1.0,0.5231090784072876,0.16871897020575483,499
68,0,112,0.2,1.0,0.5372338891029358,0.1734105050819599,456
69,0,127,0.2,1.0,0.5225273966789246,0.17080802427223693,456
70,2,279,0.2,1.0,0.5318176746368408,0.17098598338971616,475
71,3,416,0.2,1.0,0.5122361779212952,0.1668329553132171,480
72,2,262,0.2,1.0,0.5269615054130554,0.1713409303024378,445
73,0,61,0.2,1.0,0.5246584415435791,0.1704256459275963,452
74,3,426,0.2,1.0,0.5166106224060059,0.16761961176787954,465
75,2,271,0.2,1.0,0.5152956247329712,0.1659171725084903,438
76,1,253,0.2,1.0,0.5091443657875061,0.16434689985586773,422
77,3,469,0.2,1.0,0.4992697536945343,0.16006033519658378,466
78,0,114,0.2,1.0,0.5190930366516113,0.16734696883801606,444
79,1,133,0.2,1.0,0.47983306646347046,0.15165560611888573,458
80,1,146,0.2,1.0,0.5576410889625549,0.18220271231899357,456
81,1,227,0.2,1.0,0.5788241028785706,0.19043817261297696,436
82,1,141,0.2,1.0,0.5254326462745667,0.17135854677609655,476
83,2,350,0.2,1.0,0.5310090184211731,0.17132659452618323,481
84,2,372,0.2,1.0,0.4629104435443878,0.14346522690369962,447
85,2,291,0.2,1.0,0.5537519454956055,0.18076908271084882,497
86,1,202,0.2,1.0,0.5344949960708618,0.17242610489579227,446
87,2,342,0.2,1.0,0.5277231335639954,0.17251781249008533,468
88,2,302,0.2,1.0,0.5202092528343201,0.16709050085303384,464
89,3,423,0.2,1.0,0.5233516097068787,0.1657385148922692,468
90,0,64,0.2,1.0,0.4843764007091522,0.1521199256020543,453
91,0,118,0.2,1.0,0.5580450892448425,0.1812599551992327,464
92,3,437,0.2,1.0,0.5410264134407043,0.17619723505059012,462
93,0,23,0.2,1.0,0.5698355436325073,0.18547021594901472,457
94,0,90,0.2,1.0,0.5405871868133545,0.17390925683074265,455
95,1,239,0.2,1.0,0.498028963804245,0.15989017355506063,456
96,3,507,0.2,1.0,0.5265046954154968,0.16918194184668445,464
97,1,219,0.2,1.0,0.48755815625190735,0.15393416098451512,475
98,0,13,0.2,1.0,0.5500965118408203,0.18159730805149923,480
99,2,383,0.2,1.0,0.5311572551727295,0.17120913211611893,491
100,2,303,0.2,1.0,0.5253827571868896,0.16880855125125668,491
101,1,130,0.2,1.0,0.5193729400634766,0.1656219963849331,474
102,3,392,0.2,1.0,0.49691295623779297,0.15782483727469884,476
103,3,443,0.2,1.0,0.550700843334198,0.17744015041900552,435
104,3,476,0.2,1.0,0.5141779780387878,0.16576714321230726,461
105,3,490,0.2,1.0,0.5496722459793091,0.18232984849847475,480
106,2,281,0.2,1.0,0.5155287384986877,0.16353062953435193,448
107,1,140,0.2,1.0,0.5545006394386292,0.1826761302119721,450
108,0,69,0.2,1.0,0.5188586115837097,0.16561469300999693,459
109,1,223,0.2,1.0,0.557407796382904,0.17875509693562677,449
110,2,352,0.2,1.0,0.511778712272644,0.16456483301837108,422
111,1,221,0.2,1.0,0.47507649660110474,0.14859418452865814,437
112,1,208,0.2,1.0,0.4716424345970154,0.14937280628930008,454
113,0,52,0.2,1.0,0.5268173813819885,0.17054093763873238,483
114,2,332,0.2,1.0,0.4946502149105072,0.15880173425779048,470
115,0,7,0.2,1.0,0.533197820186615,0.17456130092740935,472
116,1,186,0.2,1.0,0.4836101830005646,0.15343363060804527,439
117,3,488,0.2,1.0,0.5235244035720825,0.16801768670577535,443
118,2,368,0.2,1.0,0.5396295785903931,0.17299017992629018,461
119,3,464,0.2,1.0,0.5759273767471313,0.18677503186131192,483
120,3,387,0.2,1.0,0.49827027320861816,0.1596767940621412,477
121,2,354,0.2,1.0,0.5657773613929749,0.1826680446473176,448
122,1,211,0.2,1.0,0.509698748588562,0.1628372803980883,454
123,1,210,0.2,1.0,0.540241003036499,0.17356284997981766,490
124,1,167,0.2,1.0,0.5598726272583008,0.1816478692099578,487
125,1,173,0.2,1.0,0.5384581089019775,0.173459626172574,461
126,2,362,0.2,1.0,0.5015779733657837,0.16122232417244972,461
127,3,475,0.2,1.0,0.5563453435897827,0.17993395448300883,433
0,1,253,0.2,1.1,0.4940478205680847,0.15559827713566818,438
1,0,23,0.2,1.1,0.5218689441680908,0.16621580867774147,462
2,0,19,0.2,1.1,0.5360880494117737,0.17211613767563128,469
3,2,316,0.2,1.1,0.5022700428962708,0.1608175602795423,459
4,3,421,0.2,1.1,0.5346776843070984,0.17226805895987993,447
5,2,349,0.2,1.1,0.48005297780036926,0.1516685134028533,492
6,2,285,0.2,1.1,0.4816954433917999,0.15047370461522236,456
7,2,311,0.2,1.1,0.5007800459861755,0.15987180744083831,490
8,0,64,0.2,1.1,0.5360287427902222,0.17374078639259516,469
9,2,334,0.2,1.1,0.5926510691642761,0.19350330390127216,448
10,0,121,0.2,1.1,0.5342375636100769,0.16895396751223365,424
11,1,224,0.2,1.1,0.607980489730835,0.20124133003873682,491
12,1,206,0.2,1.1,0.537019670009613,0.17303607983186992,504
13,0,94,0.2,1.1,0.4751378297805786,0.15099438505988505,445
14,2,367,0.2,1.1,0.4934143126010895,0.15660747778103767,485
15,2,327,0.2,1.1,0.4598628282546997,0.14433536048166798,466
16,1,205,0.2,1.1,0.5341047644615173,0.17238135784844583,511
17,2,364,0.2,1.1,0.5379431843757629,0.17552462361163618,491
18,0,20,0.2,1.1,0.5270271897315979,0.1704604620101356,439
19,0,97,0.2,1.1,0.5569787621498108,0.18176204358638548,452
20,2,286,0.2,1.1,0.5151762962341309,0.1644086000886352,476
21,1,158,0.2,1.1,0.4911118447780609,0.1588367510502237,446
22,3,495,0.2,1.1,0.5133368372917175,0.1619072410783942,439
23,0,48,0.2,1.1,0.5152652263641357,0.16711737640394136,457
24,1,140,0.2,1.1,0.6112212538719177,0.20214278917648884,449
25,3,385,0.2,1.1,0.5986953973770142,0.19902682160740998,428
26,2,343,0.2,1.1,0.5332636833190918,0.1679827081708812,437
27,1,130,0.2,1.1,0.5208591818809509,0.16882490480882756,438
28,1,248,0.2,1.1,0.48113518953323364,0.15434484192135164,475
29,3,453,0.2,1.1,0.5392548441886902,0.17424584776489696,472
30,0,35,0.2,1.1,0.5516666769981384,0.17805532670791296,447
31,1,191,0.2,1.1,0.4796462953090668,0.15047792822993528,483
32,1,197,0.2,1.1,0.4726298451423645,0.14967306938061015,452
33,3,492,0.2,1.1,0.5584508180618286,0.18230850311584298,448
34,1,195,0.2,1.1,0.5444461703300476,0.17855897835901532,485
35,3,399,0.2,1.1,0.530759334564209,0.17210244389696092,464
36,3,462,0.2,1.1,0.6315144300460815,0.21048199723476202,496
37,1,138,0.2,1.1,0.5111298561096191,0.1613250444661224,464
38,2,305,0.2,1.1,0.5352295637130737,0.17134681963468135,458
39,2,382,0.2,1.1,0.5783377885818481,0.19020505777803293,423
40,0,123,0.2,1.1,0.5123332738876343,0.1635087333721755,471
41,1,192,0.2,1.1,0.5430154800415039,0.17694522049919845,461
42,3,417,0.2,1.1,0.4765251874923706,0.15087140192030496,463
43,0,10,0.2,1.1,0.46215593814849854,0.1438344650415404,418
44,2,279,0.2,1.1,0.5194790959358215,0.1667845647502864,456
45,2,337,0.2,1.1,0.489655464887619,0.15614186355583223,477
46,1,234,0.2,1.1,0.5745692253112793,0.18669540783499897,452
47,3,479,0.2,1.1,0.5135425925254822,0.16402245563882686,481
48,0,112,0.2,1.1,0.443325012922287,0.1382559623207612,476
49,3,470,0.2,1.1,0.5329678058624268,0.17453337263138033,451
50,2,294,0.2,1.1,0.5076296925544739,0.16197253794289262,429
51,0,10,0.2,1.1,0.5389297008514404,0.17469055300552416,442
52,2,326,0.2,1.1,0.5208637118339539,0.1654232347144293,496
53,0,41,0.2,1.1,0.48600801825523376,0.15181625109143,448
54,3,498,0.2,1.1,0.4888444244861603,0.15624626881530146,524
55,1,160,0.2,1.1,0.5603348612785339,0.18432777969437217,454
56,2,332,0.2,1.1,0.5521915555000305,0.18088878534326497,461
57,2,311,0.2,1.1,0.5557581782341003,0.17856765612758868,424
58,3,422,0.2,1.1,0.498920738697052,0.1613591223627752,471
59,3,504,0.2,1.1,0.5542328357696533,0.1810663484129336,432
60,1,131,0.2,1.1,0.49413931369781494,0.15877370724195042,443
61,0,90,0.2,1.1,0.4999848008155823,0.15850053214734516,471
62,1,145,0.2,1.1,0.5295558571815491,0.17468677146047665,482
63,2,286,0.2,1.1,0.506248414516449,0.1579544227811233,469
64,1,190,0.2,1.1,0.5528385639190674,0.17835102321351498,451
65,2,356,0.2,1.1,0.4912838041782379,0.15362257004482263,459
66,3,451,0.2,1.1,0.45202475786209106,0.13957078447322288,458
67,2,291,0.2,1.1,0.5296305418014526,0.17084403261123768,499
68,0,112,0.2,1.1,0.5398919582366943,0.17396779245845395,456
69,0,127,0.2,1.1,0.5282254815101624,0.1722865310545148,456
70,2,279,0.2,1.1,0.5366918444633484,0.1725114100791771,475
71,3,416,0.2,1.1,0.5154575109481812,0.16796575822860552,480
72,2,262,0.2,1.1,0.5342993140220642,0.17387430130502568,445
73,0,61,0.2,1.1,0.5267822742462158,0.17100661616216462,452
74,3,426,0.2,1.1,0.5215754508972168,0.16975834236071555,465
75,2,271,0.2,1.1,0.5197157263755798,0.16762598312042185,438
76,1,253,0.2,1.1,0.5126456618309021,0.1658312713691698,422
77,3,469,0.2,1.1,0.5011743903160095,0.16093265756698716,466
78,0,114,0.2,1.1,0.5224483609199524,0.16835929896045343,444
79,1,133,0.2,1.1,0.4830968677997589,0.15306223171014444,458
80,1,146,0.2,1.1,0.5595053434371948,0.18245858382032615,456
81,1,227,0.2,1.1,0.5835762619972229,0.1923456955994341,436
82,1,141,0.2,1.1,0.5283547043800354,0.17165981305438638,476
83,2,350,0.2,1.1,0.5439088940620422,0.1759837669733401,481
84,2,372,0.2,1.1,0.4674961268901825,0.14546419548932005,447
85,2,291,0.2,1.1,0.5584420561790466,0.1821475418903393,497
86,1,202,0.2,1.1,0.542914867401123,0.17533523533875633,446
87,2,342,0.2,1.1,0.5348033905029297,0.17501241142171275,468
88,2,302,0.2,1.1,0.5241341590881348,0.1687957099492701,464
89,3,423,0.2,1.1,0.5325822830200195,0.1683744946109816,468
90,0,64,0.2,1.1,0.4893500506877899,0.15393691718008395,453
91,0,118,0.2,1.1,0.5693031549453735,0.18479793484154597,464
92,3,437,0.2,1.1,0.5430202484130859,0.1774455289560422,462
93,0,23,0.2,1.1,0.5747671127319336,0.18727535523174033,457
94,0,90,0.2,1.1,0.5430309176445007,0.17423256051250946,455
95,1,239,0.2,1.1,0.5038803219795227,0.16196829142007457,456
96,3,507,0.2,1.1,0.5286656022071838,0.17004976088088916,464
97,1,219,0.2,1.1,0.4926449954509735,0.15588701610488365,475
98,0,13,0.2,1.1,0.5545451045036316,0.18331121859556357,480
99,2,383,0.2,1.1,0.533325731754303,0.17244423420759683,491
100,2,303,0.2,1.1,0.5322740077972412,0.17118930034832985,491
101,1,130,0.2,1.1,0.5215650796890259,0.1659907104989767,474
102,3,392,0.2,1.1,0.5036218166351318,0.16067283574006913,476
103,3,443,0.2,1.1,0.5555904507637024,0.1787815023936701,435
104,3,476,0.2,1.1,0.5208752751350403,0.1681935193207795,461
105,3,490,0.2,1.1,0.5559206604957581,0.1847054154913444,480
106,2,281,0.2,1.1,0.5234760642051697,0.1659096757333096,448
107,1,140,0.2,1.1,0.5619921684265137,0.18537881847677798,450
108,0,69,0.2,1.1,0.5241277813911438,0.16765571266178161,459
109,1,223,0.2,1.1,0.560867428779602,0.18025106320289042,449
110,2,352,0.2,1.1,0.5168895721435547,0.166686151082765,422
111,1,221,0.2,1.1,0.47961804270744324,0.1499370157121069,437
112,1,208,0.2,1.1,0.478296160697937,0.15139024628209108,454
113,0,52,0.2,1.1,0.5321575403213501,0.17241655839476663,483
114,2,332,0.2,1.1,0.49738121032714844,0.15968322861446696,470
115,0,7,0.2,1.1,0.5345422625541687,0.17459990501894332,472
116,1,186,0.2,1.1,0.48780012130737305,0.15526275400711625,439
117,3,488,0.2,1.1,0.5302392840385437,0.17071136049555707,443
118,2,368,0.2,1.1,0.5451777577400208,0.17472189541541538,461
119,3,464,0.2,1.1,0.5853630304336548,0.1898589586273779,483
120,3,387,0.2,1.1,0.49951571226119995,0.16004333656487899,477
121,2,354,0.2,1.1,0.5673564076423645,0.18300321553466378,448
122,1,211,0.2,1.1,0.5152567625045776,0.16476200493277712,454
123,1,210,0.2,1.1,0.5428858995437622,0.17424629042771772,490
124,1,167,0.2,1.1,0.5662893056869507,0.18370399414372804,487
125,1,173,0.2,1.1,0.5433372259140015,0.1748931091353286,461
126,2,362,0.2,1.1,0.5052984952926636,0.16248648655322828,461
127,3,475,0.2,1.1,0.5593896508216858,0.18107466918957646,433
0,1,253,0.5,0.9,0.49692320823669434,0.15844683437358115,1148
1,0,23,0.5,0.9,0.5094618797302246,0.16332989640068074,1198
2,0,19,0.5,0.9,0.5447067022323608,0.1770784693427935,1168
3,2,316,0.5,0.9,0.5102341771125793,0.16346470322199225,1140
4,3,421,0.5,0.9,0.502651572227478,0.16097251715588887,1147
5,2,349,0.5,0.9,0.5354931354522705,0.17546869749963356,1207
6,2,285,0.5,0.9,0.5161738991737366,0.1641960281461217,1151
7,2,311,0.5,0.9,0.5024547576904297,0.1590159370120235,1090
8,0,64,0.5,0.9,0.5423757433891296,0.17730928190483566,1182
9,2,334,0.5,0.9,0.5235905647277832,0.1688717384572186,1148
10,0,121,0.5,0.9,0.49121248722076416,0.15505347360549318,1099
11,1,224,0.5,0.9,0.563152551651001,0.18653026647769855,1173
12,1,206,0.5,0.9,0.5261366367340088,0.17082886559754223,1144
13,0,94,0.5,0.9,0.5157312750816345,0.16581325611944972,1184
14,2,367,0.5,0.9,0.5074522495269775,0.1641341061769379,1179
15,2,327,0.5,0.9,0.46965083479881287,0.14788696928049178,1133
16,1,205,0.5,0.9,0.5150680541992188,0.16672534143252227,1176
17,2,364,0.5,0.9,0.5354887247085571,0.17573406004198652,1151
18,0,20,0.5,0.9,0.5133664608001709,0.16575395735721232,1152
19,0,97,0.5,0.9,0.5491081476211548,0.18060881041966412,1112
20,2,286,0.5,0.9,0.4766392111778259,0.1507446988730499,1130
21,1,158,0.5,0.9,0.5299414992332458,0.1722219732629862,1158
22,3,495,0.5,0.9,0.4930283725261688,0.15830314576271298,1126
23,0,48,0.5,0.9,0.5259442925453186,0.16999517339424014,1187
24,1,140,0.5,0.9,0.5339862704277039,0.17603067548473675,1139
25,3,385,0.5,0.9,0.5616023540496826,0.18625348237555667,1159
26,2,343,0.5,0.9,0.49268993735313416,0.15595464992657718,1121
27,1,130,0.5,0.9,0.5353919863700867,0.17397107137592535,1130
28,1,248,0.5,0.9,0.4891051948070526,0.15567182838628627,1171
29,3,453,0.5,0.9,0.5174314379692078,0.16732605534021916,1122
30,0,35,0.5,0.9,0.49295350909233093,0.15516859182241405,1139
31,1,191,0.5,0.9,0.49319562315940857,0.15816613123425557,1129
32,1,197,0.5,0.9,0.48486143350601196,0.1526782964753998,1190
33,3,492,0.5,0.9,0.5019336938858032,0.15988399401529355,1129
34,1,195,0.5,0.9,0.5165570974349976,0.16761218974261521,1142
35,3,399,0.5,0.9,0.5466127991676331,0.1795116688598964,1148
36,3,462,0.5,0.9,0.5528340935707092,0.1826980114002984,1121
37,1,138,0.5,0.9,0.5018323063850403,0.15839399499908594,1154
38,2,305,0.5,0.9,0.5085724592208862,0.16352878179847372,1121
39,2,382,0.5,0.9,0.522848904132843,0.16966159098651293,1178
40,0,123,0.5,0.9,0.5222158432006836,0.16851101116688266,1172
41,1,192,0.5,0.9,0.5210525393486023,0.16925422472835042,1168
42,3,417,0.5,0.9,0.5213180184364319,0.16982116405481892,1198
43,0,10,0.5,0.9,0.46615278720855713,0.14620790171034959,1156
44,2,279,0.5,0.9,0.5315628051757812,0.17236930703266795,1180
45,2,337,0.5,0.9,0.5293339490890503,0.1732708780124383,1145
46,1,234,0.5,0.9,0.5061319470405579,0.16106555246998341,1160
47,3,479,0.5,0.9,0.5243455171585083,0.16966818033700404,1124
48,0,112,0.5,0.9,0.5058081150054932,0.16461225905355745,1148
49,3,470,0.5,0.9,0.5243931412696838,0.17101982575302596,1164
50,2,294,0.5,0.9,0.4763222336769104,0.1508192701484854,1169
51,0,10,0.5,0.9,0.5138458013534546,0.16596980354037308,1167
52,2,326,0.5,0.9,0.4866079092025757,0.15359096831770047,1195
53,0,41,0.5,0.9,0.4839344322681427,0.15329633026010428,1087
54,3,498,0.5,0.9,0.4734705090522766,0.149878175156406,1148
55,1,160,0.5,0.9,0.5387514233589172,0.17785540728182977,1155
56,2,332,0.5,0.9,0.5379130840301514,0.17623813488472048,1188
57,2,311,0.5,0.9,0.5022270679473877,0.16028490763117617,1175
58,3,422,0.5,0.9,0.5190662145614624,0.16922874725743375,1124
59,3,504,0.5,0.9,0.5288341045379639,0.17149638959133146,1187
60,1,131,0.5,0.9,0.4978260099887848,0.1587446925585799,1159
61,0,90,0.5,0.9,0.481216698884964,0.15173916959335937,1163
62,1,145,0.5,0.9,0.5355340838432312,0.17560538283484894,1190
63,2,286,0.5,0.9,0.5327512621879578,0.17309842331362993,1188
64,1,190,0.5,0.9,0.5326940417289734,0.1736082684214737,1156
65,2,356,0.5,0.9,0.48947325348854065,0.15323945214147977,1167
66,3,451,0.5,0.9,0.5053897500038147,0.1618695294686759,1139
67,2,291,0.5,0.9,0.5210698843002319,0.1693816243820837,1156
68,0,112,0.5,0.9,0.4837788939476013,0.15284809286607545,1136
69,0,127,0.5,0.9,0.5199475288391113,0.16902565039083597,1146
70,2,279,0.5,0.9,0.5195261240005493,0.16812402627794223,1186
71,3,416,0.5,0.9,0.5660515427589417,0.18714591378852763,1158
72,2,262,0.5,0.9,0.5133687257766724,0.16773338930810408,1121
73,0,61,0.5,0.9,0.5038999915122986,0.16193068877507197,1156
74,3,426,0.5,0.9,0.552909791469574,0.18220995231458437,1156
75,2,271,0.5,0.9,0.5231373310089111,0.16810585693324598,1189
76,1,253,0.5,0.9,0.602161169052124,0.2007788269702809,1150
77,3,469,0.5,0.9,0.5170438289642334,0.16717511530915277,1170
78,0,114,0.5,0.9,0.5266310572624207,0.17076994277165228,1126
79,1,133,0.5,0.9,0.5039811134338379,0.16275504993884823,1190
80,1,146,0.5,0.9,0.5716029405593872,0.18867081946183029,1106
81,1,227,0.5,0.9,0.5467637181282043,0.17947472639574433,1148
82,1,141,0.5,0.9,0.5294181108474731,0.17408346339009723,1142
83,2,350,0.5,0.9,0.5127548575401306,0.16562212287162076,1189
84,2,372,0.5,0.9,0.481462299823761,0.15249179796728038,1168
85,2,291,0.5,0.9,0.5809271931648254,0.19401299901109112,1153
86,1,202,0.5,0.9,0.5062090158462524,0.1622447503428846,1154
87,2,342,0.5,0.9,0.5380264520645142,0.1763057523966123,1123
88,2,302,0.5,0.9,0.5259012579917908,0.17090704396760634,1124
89,3,423,0.5,0.9,0.5143239498138428,0.16499339487457848,1127
90,0,64,0.5,0.9,0.4884698688983917,0.15250632743923848,1108
91,0,118,0.5,0.9,0.5130670070648193,0.16518895922585422,1137
92,3,437,0.5,0.9,0.5477142333984375,0.17923072325385078,1187
93,0,23,0.5,0.9,0.4854286313056946,0.15484113277919845,1107
94,0,90,0.5,0.9,0.5333250164985657,0.1719600801468692,1141
95,1,239,0.5,0.9,0.5205197930335999,0.16863846141006106,1161
96,3,507,0.5,0.9,0.501409113407135,0.16100553792122288,1132
97,1,219,0.5,0.9,0.50445955991745,0.1612126037897289,1164
98,0,13,0.5,0.9,0.538831353187561,0.176160317682319,1167
99,2,383,0.5,0.9,0.5223115086555481,0.1680936413389305,1134
100,2,303,0.5,0.9,0.5047758221626282,0.16158297231226953,1136
101,1,130,0.5,0.9,0.5285524725914001,0.17068692870263102,1183
102,3,392,0.5,0.9,0.5114821195602417,0.1656670912669584,1121
103,3,443,0.5,0.9,0.5197547674179077,0.16929060657945152,1169
104,3,476,0.5,0.9,0.5385666489601135,0.17703414108396642,1196
105,3,490,0.5,0.9,0.5318817496299744,0.17594587111285925,1159
106,2,281,0.5,0.9,0.54084312915802,0.1764737804588961,1157
107,1,140,0.5,0.9,0.5740317702293396,0.1907887295057392,1150
108,0,69,0.5,0.9,0.5523278117179871,0.17973833093347122,1122
109,1,223,0.5,0.9,0.49824485182762146,0.1585261394694764,1125
110,2,352,0.5,0.9,0.5195615887641907,0.16835206671863,1136
111,1,221,0.5,0.9,0.5207768082618713,0.16842001235896342,1195
112,1,208,0.5,0.9,0.4921596050262451,0.15810809882739207,1136
113,0,52,0.5,0.9,0.5339249968528748,0.17456943883063822,1146
114,2,332,0.5,0.9,0.5305792093276978,0.17196781211871964,1164
115,0,7,0.5,0.9,0.5675837993621826,0.1862295966277281,1153
116,1,186,0.5,0.9,0.49639400839805603,0.15886558806018558,1155
117,3,488,0.5,0.9,0.4843653440475464,0.15353266231923046,1170
118,2,368,0.5,0.9,0.517569899559021,0.1657996110191382,1183
119,3,464,0.5,0.9,0.4944908320903778,0.15813500316476087,1107
120,3,387,0.5,0.9,0.5212302207946777,0.16768279105934347,1147
121,2,354,0.5,0.9,0.49560579657554626,0.15707971900434958,1129
122,1,211,0.5,0.9,0.5193397402763367,0.1681379277234547,1149
123,1,210,0.5,0.9,0.5234414935112,0.16945017521371358,1130
124,1,167,0.5,0.9,0.5525005459785461,0.18104987863673414,1145
125,1,173,0.5,0.9,0.48470374941825867,0.1533458611419294,1189
126,2,362,0.5,0.9,0.5220791697502136,0.16916009687458097,1162
127,3,475,0.5,0.9,0.5357866287231445,0.1728919270692659,1135
0,1,253,0.5,1.0,0.49826353788375854,0.15884376092041427,1148
1,0,23,0.5,1.0,0.5117283463478088,0.16419486297178565,1198
2,0,19,0.5,1.0,0.5473290085792542,0.17800144856607386,1168
3,2,316,0.5,1.0,0.5152527093887329,0.16565953829033442,1140
4,3,421,0.5,1.0,0.5029106736183167,0.16110203944392448,1147
5,2,349,0.5,1.0,0.5389358997344971,0.17670845375457453,1207
6,2,285,0.5,1.0,0.5196273326873779,0.16545006412387658,1151
7,2,311,0.5,1.0,0.504597544670105,0.1598949899590059,1090
8,0,64,0.5,1.0,0.5434260368347168,0.17770551399523019,1182
9,2,334,0.5,1.0,0.5262793302536011,0.16995088039915773,1148
10,0,121,0.5,1.0,0.4928485155105591,0.1554718392645398,1099
11,1,224,0.5,1.0,0.5632441639900208,0.18650751779467944,1173
12,1,206,0.5,1.0,0.5276328921318054,0.1710198553559466,1144
13,0,94,0.5,1.0,0.5165318846702576,0.16588574948158058,1184
14,2,367,0.5,1.0,0.5108843445777893,0.1655398695132466,1179
15,2,327,0.5,1.0,0.47177261114120483,0.14875779144220308,1133
16,1,205,0.5,1.0,0.5166902542114258,0.16717451518886464,1176
17,2,364,0.5,1.0,0.5367100834846497,0.17596912811145063,1151
18,0,20,0.5,1.0,0.513310968875885,0.16570080080901162,1152
19,0,97,0.5,1.0,0.5536547899246216,0.18224243036725316,1112
20,2,286,0.5,1.0,0.4767571687698364,0.15089347023537192,1130
21,1,158,0.5,1.0,0.5330976843833923,0.1731360806493901,1158
22,3,495,0.5,1.0,0.49498438835144043,0.15891363536585693,1126
23,0,48,0.5,1.0,0.5269274711608887,0.1700799706022384,1187
24,1,140,0.5,1.0,0.5366738438606262,0.17732645610114683,1139
25,3,385,0.5,1.0,0.5631721615791321,0.18665314630342078,1159
26,2,343,0.5,1.0,0.4930252134799957,0.15599669303065927,1121
27,1,130,0.5,1.0,0.5399103760719299,0.17549708802582423,1130
28,1,248,0.5,1.0,0.49006956815719604,0.15587964239240512,1171
29,3,453,0.5,1.0,0.5206698179244995,0.16861628373228688,1122
30,0,35,0.5,1.0,0.4942967891693115,0.1555841945402042,1139
31,1,191,0.5,1.0,0.4937390685081482,0.15856135279203268,1129
32,1,197,0.5,1.0,0.4865993559360504,0.15333482642635396,1190
33,3,492,0.5,1.0,0.5039761066436768,0.16068334521845293,1129
34,1,195,0.5,1.0,0.5195050239562988,0.1688142409229626,1142
35,3,399,0.5,1.0,0.549785315990448,0.18062945570673397,1148
36,3,462,0.5,1.0,0.5564891695976257,0.18379267221976428,1121
37,1,138,0.5,1.0,0.5034464001655579,0.15895278113079148,1154
38,2,305,0.5,1.0,0.5100184679031372,0.16429712785833592,1121
39,2,382,0.5,1.0,0.5259907245635986,0.17074332127740657,1178
40,0,123,0.5,1.0,0.5238696336746216,0.1691000704845033,1172
41,1,192,0.5,1.0,0.5202668905258179,0.1690294444853909,1168
42,3,417,0.5,1.0,0.5242388844490051,0.17091775720366867,1198
43,0,10,0.5,1.0,0.46988552808761597,0.1478009416085859,1156
44,2,279,0.5,1.0,0.5339483022689819,0.17335102245728617,1180
45,2,337,0.5,1.0,0.5315614938735962,0.17419645014867552,1145
46,1,234,0.5,1.0,0.5088394284248352,0.16190234620972715,1160
47,3,479,0.5,1.0,0.5258693099021912,0.1703615314588614,1124
48,0,112,0.5,1.0,0.5093653798103333,0.16593487823622305,1148
49,3,470,0.5,1.0,0.5266729593276978,0.1718190765768459,1164
50,2,294,0.5,1.0,0.4788210690021515,0.15195439184708365,1169
51,0,10,0.5,1.0,0.5134297013282776,0.16593942846351428,1167
52,2,326,0.5,1.0,0.4893529713153839,0.15471757241570916,1195
53,0,41,0.5,1.0,0.485635906457901,0.15420315636932466,1087
54,3,498,0.5,1.0,0.4784029722213745,0.15168224731167748,1148
55,1,160,0.5,1.0,0.5443626642227173,0.18004523070126865,1155
56,2,332,0.5,1.0,0.5398463010787964,0.1767540061051893,1188
57,2,311,0.5,1.0,0.505013108253479,0.1616306509386462,1175
58,3,422,0.5,1.0,0.5217313170433044,0.17017896780360567,1124
59,3,504,0.5,1.0,0.5311599373817444,0.17228637233619395,1187
60,1,131,0.5,1.0,0.49877962470054626,0.15906862892539736,1159
61,0,90,0.5,1.0,0.482295960187912,0.1522555404005028,1163
62,1,145,0.5,1.0,0.5397143959999084,0.1772366626993354,1190
63,2,286,0.5,1.0,0.5357195138931274,0.17411815109190995,1188
64,1,190,0.5,1.0,0.5386539697647095,0.17582127716898843,1156
65,2,356,0.5,1.0,0.4923858344554901,0.15443335892237475,1167
66,3,451,0.5,1.0,0.5065128207206726,0.1623298424032183,1139
67,2,291,0.5,1.0,0.5227440595626831,0.17021889442475782,1156
68,0,112,0.5,1.0,0.4873906970024109,0.15447050313846375,1136
69,0,127,0.5,1.0,0.5205593705177307,0.1691249946361633,1146
70,2,279,0.5,1.0,0.521965503692627,0.16889759324708878,1186
71,3,416,0.5,1.0,0.5675048828125,0.18743896985200972,1158
72,2,262,0.5,1.0,0.5182660222053528,0.16969021364544462,1121
73,0,61,0.5,1.0,0.5047854781150818,0.16230668194720635,1156
74,3,426,0.5,1.0,0.5558756589889526,0.18327044327355704,1156
75,2,271,0.5,1.0,0.5261678695678711,0.1693846347408866,1189
76,1,253,0.5,1.0,0.6040756702423096,0.2013104848561771,1150
77,3,469,0.5,1.0,0.5196065902709961,0.1681267957939177,1170
78,0,114,0.5,1.0,0.528832733631134,0.17175407024334727,1126
79,1,133,0.5,1.0,0.5048663020133972,0.16304777068133472,1190
80,1,146,0.5,1.0,0.5745313167572021,0.18956724587119805,1106
81,1,227,0.5,1.0,0.55066978931427,0.18084260697112736,1148
82,1,141,0.5,1.0,0.5315212607383728,0.174962297491004,1142
83,2,350,0.5,1.0,0.5148945450782776,0.16620116842559743,1189
84,2,372,0.5,1.0,0.48409903049468994,0.15372759024759325,1168
85,2,291,0.5,1.0,0.5835627317428589,0.1948552007279924,1153
86,1,202,0.5,1.0,0.5093231201171875,0.1637902696202753,1154
87,2,342,0.5,1.0,0.5418850779533386,0.1777931155564787,1123
88,2,302,0.5,1.0,0.5306777954101562,0.17277283867503831,1124
89,3,423,0.5,1.0,0.5164207816123962,0.16576767610595625,1127
90,0,64,0.5,1.0,0.4915179908275604,0.15362099466213008,1108
91,0,118,0.5,1.0,0.5157315135002136,0.16600022624111213,1137
92,3,437,0.5,1.0,0.5487305521965027,0.17939822182948031,1187
93,0,23,0.5,1.0,0.48567432165145874,0.15485447394236393,1107
94,0,90,0.5,1.0,0.5348986387252808,0.17267600787206566,1141
95,1,239,0.5,1.0,0.5239779353141785,0.1700052394497131,1161
96,3,507,0.5,1.0,0.504066526889801,0.1624580824303299,1132
97,1,219,0.5,1.0,0.5058404207229614,0.1617438695280394,1164
98,0,13,0.5,1.0,0.5425119400024414,0.17763228254441385,1167
99,2,383,0.5,1.0,0.5237777829170227,0.16854521406039294,1134
100,2,303,0.5,1.0,0.507465124130249,0.16248895066469798,1136
101,1,130,0.5,1.0,0.5329795479774475,0.17230699902626836,1183
102,3,392,0.5,1.0,0.5151509642601013,0.16677784646040125,1121
103,3,443,0.5,1.0,0.5223514437675476,0.17013138299275743,1169
104,3,476,0.5,1.0,0.5427545309066772,0.1787562786192864,1196
105,3,490,0.5,1.0,0.5325509309768677,0.1763069551129213,1159
106,2,281,0.5,1.0,0.5445051193237305,0.17778613883930688,1157
107,1,140,0.5,1.0,0.5763092041015625,0.1915586169205877,1150
108,0,69,0.5,1.0,0.55489581823349,0.18070324576394586,1122
109,1,223,0.5,1.0,0.500119686126709,0.1594137105841528,1125
110,2,352,0.5,1.0,0.5237447023391724,0.16995603904535306,1136
111,1,221,0.5,1.0,0.5233039855957031,0.16943749653093973,1195
112,1,208,0.5,1.0,0.49569934606552124,0.15952238692837656,1136
113,0,52,0.5,1.0,0.5379916429519653,0.17603875396293572,1146
114,2,332,0.5,1.0,0.5328035950660706,0.17273682612380556,1164
115,0,7,0.5,1.0,0.5712407827377319,0.18729797194456943,1153
116,1,186,0.5,1.0,0.4990256130695343,0.1600695047521573,1155
117,3,488,0.5,1.0,0.48729977011680603,0.1546625126440338,1170
118,2,368,0.5,1.0,0.5207736492156982,0.16702424539397864,1183
119,3,464,0.5,1.0,0.4980091154575348,0.15943002793576286,1107
120,3,387,0.5,1.0,0.5222074389457703,0.16797025674016403,1147
121,2,354,0.5,1.0,0.4954458773136139,0.1569987532815128,1129
122,1,211,0.5,1.0,0.5210843682289124,0.16869562197223273,1149
123,1,210,0.5,1.0,0.5286896824836731,0.17099332450554072,1130
124,1,167,0.5,1.0,0.5558987259864807,0.18219188544087125,1145
125,1,173,0.5,1.0,0.48742759227752686,0.1544455208743152,1189
126,2,362,0.5,1.0,0.5210450291633606,0.16863059461836818,1162
127,3,475,0.5,1.0,0.5363048315048218,0.1730630035242755,1135
0,1,253,0.5,1.1,0.49740174412727356,0.15841836259608633,1148
1,0,23,0.5,1.1,0.5148040056228638,0.1653701515396078,1198
2,0,19,0.5,1.1,0.5500116348266602,0.17900187330567993,1168
3,2,316,0.5,1.1,0.518237829208374,0.16710895317481964,1140
4,3,421,0.5,1.1,0.5054044127464294,0.16215703117781646,1147
5,2,349,0.5,1.1,0.542671799659729,0.17803741151273722,1207
6,2,285,0.5,1.1,0.5239894390106201,0.167150298853028,1151
7,2,311,0.5,1.1,0.5077831745147705,0.16114205993658084,1090
8,0,64,0.5,1.1,0.5459511876106262,0.17874935963023983,1182
9,2,334,0.5,1.1,0.5292297005653381,0.1711046525898318,1148
10,0,121,0.5,1.1,0.49492204189300537,0.1561108964432071,1099
11,1,224,0.5,1.1,0.5646765828132629,0.18696603102784057,1173
12,1,206,0.5,1.1,0.5314143300056458,0.1720833665644385,1144
13,0,94,0.5,1.1,0.5163027048110962,0.1658599026888596,1184
14,2,367,0.5,1.1,0.5165800452232361,0.16780368049669697,1179
15,2,327,0.5,1.1,0.47568193078041077,0.15029503820422718,1133
16,1,205,0.5,1.1,0.5197278261184692,0.16819882266898195,1176
17,2,364,0.5,1.1,0.5408705472946167,0.17747120485404466,1151
18,0,20,0.5,1.1,0.5138757228851318,0.16578606259138784,1152
19,0,97,0.5,1.1,0.5575509667396545,0.1836451088978111,1112
20,2,286,0.5,1.1,0.47924405336380005,0.1518879773068677,1130
21,1,158,0.5,1.1,0.5367675423622131,0.1743952203376597,1158
22,3,495,0.5,1.1,0.4980652928352356,0.15992907833907413,1126
23,0,48,0.5,1.1,0.5276299715042114,0.17017512446479072,1187
24,1,140,0.5,1.1,0.5386579036712646,0.17808135046748466,1139
25,3,385,0.5,1.1,0.5639358758926392,0.1867236715523192,1159
26,2,343,0.5,1.1,0.4941231906414032,0.1563925905025802,1121
27,1,130,0.5,1.1,0.5464815497398376,0.1778402540181332,1130
28,1,248,0.5,1.1,0.490347683429718,0.15600464479431583,1171
29,3,453,0.5,1.1,0.5242769718170166,0.17013992469192746,1122
30,0,35,0.5,1.1,0.4971266984939575,0.15653066216131706,1139
31,1,191,0.5,1.1,0.4970970153808594,0.1598991988364129,1129
32,1,197,0.5,1.1,0.4901493489742279,0.15456075880213907,1190
33,3,492,0.5,1.1,0.5079529881477356,0.16218426832333693,1129
34,1,195,0.5,1.1,0.5212985873222351,0.16965383683787766,1142
35,3,399,0.5,1.1,0.55330890417099,0.18170092523366935,1148
36,3,462,0.5,1.1,0.5606494545936584,0.18523938423124037,1121
37,1,138,0.5,1.1,0.5055990219116211,0.15991532763573635,1154
38,2,305,0.5,1.1,0.512678325176239,0.16549219038880572,1121
39,2,382,0.5,1.1,0.5290747880935669,0.17202461180609324,1178
40,0,123,0.5,1.1,0.5267675518989563,0.1701284366176501,1172
41,1,192,0.5,1.1,0.5207092761993408,0.16918755853391887,1168
42,3,417,0.5,1.1,0.5258281826972961,0.1716504446917377,1198
43,0,10,0.5,1.1,0.47309818863868713,0.14912719844287373,1156
44,2,279,0.5,1.1,0.5368954539299011,0.1745415011243617,1180
45,2,337,0.5,1.1,0.5342944860458374,0.17524343474716478,1145
46,1,234,0.5,1.1,0.5118716955184937,0.1630105981073906,1160
47,3,479,0.5,1.1,0.5272598266601562,0.17104300095645092,1124
48,0,112,0.5,1.1,0.5120129585266113,0.1669953144379949,1148
49,3,470,0.5,1.1,0.5305771231651306,0.17319701626965178,1164
50,2,294,0.5,1.1,0.4834979474544525,0.15401585789776087,1169
51,0,10,0.5,1.1,0.5149294137954712,0.16653030236971017,1167
52,2,326,0.5,1.1,0.4921906292438507,0.15591439428587867,1195
53,0,41,0.5,1.1,0.4898518919944763,0.1561049539049844,1087
54,3,498,0.5,1.1,0.4819942116737366,0.15312307363010652,1148
55,1,160,0.5,1.1,0.5488483905792236,0.18176598370164795,1155
56,2,332,0.5,1.1,0.5419745445251465,0.17756719638129614,1188
57,2,311,0.5,1.1,0.5091015100479126,0.16324789797875955,1175
58,3,422,0.5,1.1,0.5243122577667236,0.17099721016800168,1124
59,3,504,0.5,1.1,0.5331404209136963,0.17291395348370475,1187
60,1,131,0.5,1.1,0.5015833377838135,0.1601222386536976,1159
61,0,90,0.5,1.1,0.4846732020378113,0.1533242450786496,1163
62,1,145,0.5,1.1,0.5432198643684387,0.17853419169515236,1190
63,2,286,0.5,1.1,0.5383641123771667,0.1751894026951662,1188
64,1,190,0.5,1.1,0.5445159673690796,0.1782348012308026,1156
65,2,356,0.5,1.1,0.4949207007884979,0.15561522471409026,1167
66,3,451,0.5,1.1,0.5092083811759949,0.16348897988445235,1139
67,2,291,0.5,1.1,0.5263782739639282,0.17191413570046912,1156
68,0,112,0.5,1.1,0.49224478006362915,0.15644031861090008,1136
69,0,127,0.5,1.1,0.5245295763015747,0.17041636007433925,1146
70,2,279,0.5,1.1,0.5251597762107849,0.16999115903522852,1186
71,3,416,0.5,1.1,0.5698744058609009,0.18787252299823706,1158
72,2,262,0.5,1.1,0.5227953791618347,0.17135291625432528,1121
73,0,61,0.5,1.1,0.5068381428718567,0.16320676940691273,1156
74,3,426,0.5,1.1,0.559962809085846,0.1847193154626686,1156
75,2,271,0.5,1.1,0.5288442373275757,0.17060089918758556,1189
76,1,253,0.5,1.1,0.6064532995223999,0.20187967743575386,1150
77,3,469,0.5,1.1,0.5222469568252563,0.16929494876525278,1170
78,0,114,0.5,1.1,0.5315750241279602,0.1729059846116823,1126
79,1,133,0.5,1.1,0.5057910084724426,0.16327379522187285,1190
80,1,146,0.5,1.1,0.5759158730506897,0.18998349546939364,1106
81,1,227,0.5,1.1,0.5543797016143799,0.1821074716306615,1148
82,1,141,0.5,1.1,0.5337763428688049,0.17580735786566454,1142
83,2,350,0.5,1.1,0.5174344778060913,0.16700967894011762,1189
84,2,372,0.5,1.1,0.487297385931015,0.15501227634212922,1168
85,2,291,0.5,1.1,0.5863178968429565,0.1957326500801788,1153
86,1,202,0.5,1.1,0.5136545300483704,0.1657642236448836,1154
87,2,342,0.5,1.1,0.5461400747299194,0.17928889472266948,1123
88,2,302,0.5,1.1,0.5352852940559387,0.1746209223635225,1124
89,3,423,0.5,1.1,0.5200486779212952,0.16707303900480378,1127
90,0,64,0.5,1.1,0.49484097957611084,0.15477379135296998,1108
91,0,118,0.5,1.1,0.517666220664978,0.1667374942203552,1137
92,3,437,0.5,1.1,0.5490607023239136,0.17952774176616576,1187
93,0,23,0.5,1.1,0.4871233403682709,0.1554610140856325,1107
94,0,90,0.5,1.1,0.5391130447387695,0.1744719466542753,1141
95,1,239,0.5,1.1,0.5277079343795776,0.1714569555598825,1161
96,3,507,0.5,1.1,0.5074669122695923,0.16394436308759439,1132
97,1,219,0.5,1.1,0.5066425800323486,0.1621253949038529,1164
98,0,13,0.5,1.1,0.5469725728034973,0.17945604644013807,1167
99,2,383,0.5,1.1,0.5255644917488098,0.1692267313437869,1134
100,2,303,0.5,1.1,0.5112783908843994,0.16403398081518134,1136
101,1,130,0.5,1.1,0.5356850624084473,0.17336987460519612,1183
102,3,392,0.5,1.1,0.519707441329956,0.1684056274414026,1121
103,3,443,0.5,1.1,0.5262089967727661,0.1714586140674813,1169
104,3,476,0.5,1.1,0.5461100339889526,0.18013176613340884,1196
105,3,490,0.5,1.1,0.5363129377365112,0.17779240885603492,1159
106,2,281,0.5,1.1,0.5470002293586731,0.17873202674508298,1157
107,1,140,0.5,1.1,0.5789666771888733,0.19245540391958577,1150
108,0,69,0.5,1.1,0.5584251284599304,0.18210320489103188,1122
109,1,223,0.5,1.1,0.5029466152191162,0.16062539165207723,1125
110,2,352,0.5,1.1,0.5273022651672363,0.17130531017347747,1136
111,1,221,0.5,1.1,0.5269831418991089,0.17106784776465916,1195
112,1,208,0.5,1.1,0.49927735328674316,0.16069555617455747,1136
113,0,52,0.5,1.1,0.5410239696502686,0.17720895995598682,1146
114,2,332,0.5,1.1,0.5344208478927612,0.17347383438890926,1164
115,0,7,0.5,1.1,0.5750815868377686,0.1886532026310408,1153
116,1,186,0.5,1.1,0.5040203928947449,0.16225463724523126,1155
117,3,488,0.5,1.1,0.49040621519088745,0.15580709945307986,1170
118,2,368,0.5,1.1,0.5249314308166504,0.16865674631220162,1183
119,3,464,0.5,1.1,0.5021645426750183,0.16094743513208443,1107
120,3,387,0.5,1.1,0.5237026214599609,0.16850289694941642,1147
121,2,354,0.5,1.1,0.49612051248550415,0.1574681064155499,1129
122,1,211,0.5,1.1,0.5236555337905884,0.16976265332002138,1149
123,1,210,0.5,1.1,0.5340335369110107,0.1727510264910133,1130
124,1,167,0.5,1.1,0.5591150522232056,0.18318876174682103,1145
125,1,173,0.5,1.1,0.491678386926651,0.15608456225317666,1189
126,2,362,0.5,1.1,0.5218551158905029,0.16882340554342132,1162
127,3,475,0.5,1.1,0.535659670829773,0.17287537517810475,1135
0,1,253,0.8,0.9,0.5027769804000854,0.1614332165103302,1809
1,0,23,0.8,0.9,0.5270363092422485,0.17197874582959488,1832
2,0,19,0.8,0.9,0.5451136231422424,0.17947333653296052,1834
3,2,316,0.8,0.9,0.5292397141456604,0.17143663376317494,1857
4,3,421,0.8,0.9,0.514539361000061,0.16722665708161863,1854
5,2,349,0.8,0.9,0.5486716032028198,0.18124586072638285,1846
6,2,285,0.8,0.9,0.48919981718063354,0.15408483371579026,1870
7,2,311,0.8,0.9,0.4981934726238251,0.15805024440259058,1850
8,0,64,0.8,0.9,0.5484654903411865,0.18110625064595076,1857
9,2,334,0.8,0.9,0.5269107222557068,0.17087159187015766,1876
10,0,121,0.8,0.9,0.5062650442123413,0.16263804693087616,1856
11,1,224,0.8,0.9,0.570127010345459,0.1904557188306369,1860
12,1,206,0.8,0.9,0.5762902498245239,0.1921608154893507,1856
13,0,94,0.8,0.9,0.5274008512496948,0.17187959779627274,1859
14,2,367,0.8,0.9,0.5385032892227173,0.17643977855570728,1862
15,2,327,0.8,0.9,0.5073836445808411,0.1628914662356475,1833
16,1,205,0.8,0.9,0.5451365113258362,0.181163010691245,1849
17,2,364,0.8,0.9,0.5714604258537292,0.19274035961829628,1842
18,0,20,0.8,0.9,0.5440963506698608,0.1785782849038471,1850
19,0,97,0.8,0.9,0.5703284740447998,0.19071974733693225,1846
20,2,286,0.8,0.9,0.5230746269226074,0.16987030389140165,1830
21,1,158,0.8,0.9,0.5358226299285889,0.1765001581380047,1830
22,3,495,0.8,0.9,0.5111387372016907,0.16591008632568022,1821
23,0,48,0.8,0.9,0.5416656136512756,0.17736844924158798,1792
24,1,140,0.8,0.9,0.5985583066940308,0.20323669185218451,1874
25,3,385,0.8,0.9,0.5915418863296509,0.20118832559295238,1821
26,2,343,0.8,0.9,0.5227269530296326,0.16808660941901912,1842
27,1,130,0.8,0.9,0.552752673625946,0.18282377300512767,1843
28,1,248,0.8,0.9,0.4956755042076111,0.15898710685952736,1853
29,3,453,0.8,0.9,0.5555167198181152,0.18302675473306346,1824
30,0,35,0.8,0.9,0.5145467519760132,0.1649439103833839,1837
31,1,191,0.8,0.9,0.5127730369567871,0.1660160382251076,1836
32,1,197,0.8,0.9,0.48421967029571533,0.15367695503701131,1813
33,3,492,0.8,0.9,0.5137800574302673,0.1655663884507122,1843
34,1,195,0.8,0.9,0.5369115471839905,0.17609759432912514,1838
35,3,399,0.8,0.9,0.5313027501106262,0.17366753530159484,1874
36,3,462,0.8,0.9,0.5712170600891113,0.19174430281600083,1848
37,1,138,0.8,0.9,0.4889800548553467,0.15488697536589766,1830
38,2,305,0.8,0.9,0.5154410600662231,0.1659499848010622,1856
39,2,382,0.8,0.9,0.53425133228302,0.1750218580579752,1853
40,0,123,0.8,0.9,0.5232316851615906,0.1691223509353992,1844
41,1,192,0.8,0.9,0.5599702000617981,0.18578603465823618,1845
42,3,417,0.8,0.9,0.5585331320762634,0.18461812443789657,1847
43,0,10,0.8,0.9,0.5024138689041138,0.1617565062220206,1857
44,2,279,0.8,0.9,0.5275932550430298,0.17239518367637016,1811
45,2,337,0.8,0.9,0.5428054332733154,0.17924936783235562,1874
46,1,234,0.8,0.9,0.5347144603729248,0.17416745280163135,1835
47,3,479,0.8,0.9,0.5319605469703674,0.17427139856694487,1865
48,0,112,0.8,0.9,0.5432657599449158,0.17944779075720171,1831
49,3,470,0.8,0.9,0.5463671088218689,0.1797589533729534,1832
50,2,294,0.8,0.9,0.5082740187644958,0.16367466867579125,1883
51,0,10,0.8,0.9,0.563308596611023,0.18688090210583447,1836
52,2,326,0.8,0.9,0.4846560060977936,0.15439245848791136,1826
53,0,41,0.8,0.9,0.4930059015750885,0.15709752901108395,1830
54,3,498,0.8,0.9,0.5302071571350098,0.17220096001983548,1866
55,1,160,0.8,0.9,0.560175895690918,0.18724731754492369,1871
56,2,332,0.8,0.9,0.5372021794319153,0.17634234563428314,1798
57,2,311,0.8,0.9,0.5292502641677856,0.1726988052606587,1851
58,3,422,0.8,0.9,0.5248150825500488,0.17233362927220516,1861
59,3,504,0.8,0.9,0.5465021133422852,0.17755045137743977,1823
60,1,131,0.8,0.9,0.514437198638916,0.1649167629872274,1851
61,0,90,0.8,0.9,0.5184023976325989,0.16690496208016814,1849
62,1,145,0.8,0.9,0.5573927164077759,0.18578620480847152,1876
63,2,286,0.8,0.9,0.5418617129325867,0.17669389412169284,1864
64,1,190,0.8,0.9,0.5252531170845032,0.17205347500073345,1861
65,2,356,0.8,0.9,0.4979659616947174,0.15733407394518567,1827
66,3,451,0.8,0.9,0.5247198939323425,0.16960633264474645,1863
67,2,291,0.8,0.9,0.5489809513092041,0.18161649817823203,1844
68,0,112,0.8,0.9,0.49857500195503235,0.1583870266143994,1823
69,0,127,0.8,0.9,0.5393840670585632,0.177256143945408,1874
70,2,279,0.8,0.9,0.544074535369873,0.17805472227692143,1835
71,3,416,0.8,0.9,0.559328556060791,0.1853954066280987,1841
72,2,262,0.8,0.9,0.5456514954566956,0.18144270705675233,1849
73,0,61,0.8,0.9,0.5209909677505493,0.16947057141704797,1830
74,3,426,0.8,0.9,0.5665316581726074,0.1887622807173524,1843
75,2,271,0.8,0.9,0.522223711013794,0.1699042839346108,1852
76,1,253,0.8,0.9,0.5931464433670044,0.2005625152886835,1845
77,3,469,0.8,0.9,0.5325741767883301,0.17426062649034343,1863
78,0,114,0.8,0.9,0.5357605218887329,0.1748596097219728,1826
79,1,133,0.8,0.9,0.5256094932556152,0.17050358273645694,1831
80,1,146,0.8,0.9,0.5794443488121033,0.19525551726804902,1841
81,1,227,0.8,0.9,0.5822266340255737,0.19668816279410972,1877
82,1,141,0.8,0.9,0.5576142072677612,0.185704048843697,1819
83,2,350,0.8,0.9,0.5338826179504395,0.17515918096620892,1843
84,2,372,0.8,0.9,0.49979203939437866,0.15982204169767558,1880
85,2,291,0.8,0.9,0.5571602582931519,0.18469126914325285,1833
86,1,202,0.8,0.9,0.5232773423194885,0.16861561360640784,1849
87,2,342,0.8,0.9,0.5722871422767639,0.19238054446495576,1842
88,2,302,0.8,0.9,0.5732603669166565,0.19188528832721571,1849
89,3,423,0.8,0.9,0.5295674204826355,0.17262464566861496,1832
90,0,64,0.8,0.9,0.4925953149795532,0.15574402431763273,1842
91,0,118,0.8,0.9,0.5204047560691833,0.1690384903161695,1840
92,3,437,0.8,0.9,0.5735822916030884,0.1916792486114685,1831
93,0,23,0.8,0.9,0.5339215397834778,0.1742660637608741,1793
94,0,90,0.8,0.9,0.5318554639816284,0.17181081394258021,1862
95,1,239,0.8,0.9,0.5259631872177124,0.17185577427357152,1836
96,3,507,0.8,0.9,0.5314210653305054,0.17246098693592493,1838
97,1,219,0.8,0.9,0.5387800931930542,0.17455123702491926,1830
98,0,13,0.8,0.9,0.5602713227272034,0.18626290465882916,1843
99,2,383,0.8,0.9,0.5377103686332703,0.17512110397368175,1866
100,2,303,0.8,0.9,0.5467230677604675,0.1786782155119059,1842
101,1,130,0.8,0.9,0.5353968739509583,0.17400236834126787,1858
102,3,392,0.8,0.9,0.5338529944419861,0.1748661890322989,1841
103,3,443,0.8,0.9,0.5535976886749268,0.18477374141422337,1874
104,3,476,0.8,0.9,0.5569053888320923,0.18501841127166455,1868
105,3,490,0.8,0.9,0.5841748714447021,0.19872308655669613,1832
106,2,281,0.8,0.9,0.5286970734596252,0.17283929638152445,1838
107,1,140,0.8,0.9,0.5717690587043762,0.1918588013025369,1826
108,0,69,0.8,0.9,0.5620478987693787,0.1857711563173364,1862
109,1,223,0.8,0.9,0.5023314356803894,0.16098766809087886,1845
110,2,352,0.8,0.9,0.5528343319892883,0.18367662177449942,1836
111,1,221,0.8,0.9,0.5296638607978821,0.17250815874987474,1813
112,1,208,0.8,0.9,0.5411927103996277,0.17687151319745195,1819
113,0,52,0.8,0.9,0.560120701789856,0.18651443108347504,1890
114,2,332,0.8,0.9,0.5344973206520081,0.17445708177747948,1832
115,0,7,0.8,0.9,0.5851679444313049,0.19672844124004937,1856
116,1,186,0.8,0.9,0.5104303956031799,0.16366724132812469,1850
117,3,488,0.8,0.9,0.5065702795982361,0.1626232323970032,1851
118,2,368,0.8,0.9,0.5269628763198853,0.17065804251072944,1826
119,3,464,0.8,0.9,0.5446232557296753,0.18054120525945486,1825
120,3,387,0.8,0.9,0.5209243893623352,0.16833105110626445,1856
121,2,354,0.8,0.9,0.5188887715339661,0.1685260616110157,1807
122,1,211,0.8,0.9,0.5481119751930237,0.17875415555564222,1828
123,1,210,0.8,0.9,0.5810030698776245,0.19360558955694143,1847
124,1,167,0.8,0.9,0.5424581170082092,0.17838067178062952,1861
125,1,173,0.8,0.9,0.5161062479019165,0.16660959271398193,1855
126,2,362,0.8,0.9,0.5255511999130249,0.17073450353138575,1842
127,3,475,0.8,0.9,0.5275334119796753,0.17066490263081904,1821
0,1,253,0.8,1.0,0.5028347969055176,0.16161573624083786,1809
1,0,23,0.8,1.0,0.5276210308074951,0.17227197370041802,1832
2,0,19,0.8,1.0,0.546589732170105,0.18015827156295475,1834
3,2,316,0.8,1.0,0.5308915376663208,0.1722949209837753,1857
4,3,421,0.8,1.0,0.5168958902359009,0.16819930933447713,1854
5,2,349,0.8,1.0,0.5486122965812683,0.1811701597258434,1846
6,2,285,0.8,1.0,0.48957526683807373,0.15444597570723703,1870
7,2,311,0.8,1.0,0.5000622868537903,0.15904375005772078,1850
8,0,64,0.8,1.0,0.5498976707458496,0.18176480622387525,1857
9,2,334,0.8,1.0,0.5267114043235779,0.1709254446447218,1876
10,0,121,0.8,1.0,0.5067652463912964,0.1629681876343034,1856
11,1,224,0.8,1.0,0.5710656642913818,0.19097179699513794,1860
12,1,206,0.8,1.0,0.5772171020507812,0.19239033725610985,1856
13,0,94,0.8,1.0,0.5276430249214172,0.17200290415325498,1859
14,2,367,0.8,1.0,0.5389438271522522,0.17667968234212025,1862
15,2,327,0.8,1.0,0.5081445574760437,0.16290068674507718,1833
16,1,205,0.8,1.0,0.5452085137367249,0.18110163322021355,1849
17,2,364,0.8,1.0,0.5730389952659607,0.19342007358331506,1842
18,0,20,0.8,1.0,0.5460338592529297,0.1796189671748032,1850
19,0,97,0.8,1.0,0.5712514519691467,0.19107983420547145,1846
20,2,286,0.8,1.0,0.5240911245346069,0.17030004463861406,1830
21,1,158,0.8,1.0,0.5357359647750854,0.17639857430685754,1830
22,3,495,0.8,1.0,0.5109617114067078,0.16582939867606356,1821
23,0,48,0.8,1.0,0.5412556529045105,0.1772813302350296,1792
24,1,140,0.8,1.0,0.5986456274986267,0.2031997836594232,1874
25,3,385,0.8,1.0,0.5932642221450806,0.20200920518373902,1821
26,2,343,0.8,1.0,0.5265788435935974,0.1695160735005409,1842
27,1,130,0.8,1.0,0.5549375414848328,0.18384687440459102,1843
28,1,248,0.8,1.0,0.497244656085968,0.1597277650879294,1853
29,3,453,0.8,1.0,0.5553683042526245,0.18312211451921587,1824
30,0,35,0.8,1.0,0.513541579246521,0.16473088116353846,1837
31,1,191,0.8,1.0,0.5128298401832581,0.16613036080251195,1836
32,1,197,0.8,1.0,0.486160010099411,0.1546415815201867,1813
33,3,492,0.8,1.0,0.5141217112541199,0.16573951084472502,1843
34,1,195,0.8,1.0,0.5375118851661682,0.17646843282536015,1838
35,3,399,0.8,1.0,0.5342897176742554,0.17480995627081192,1874
36,3,462,0.8,1.0,0.5707886219024658,0.1915083103024261,1848
37,1,138,0.8,1.0,0.488394558429718,0.1547088226190433,1830
38,2,305,0.8,1.0,0.5162914395332336,0.16625077301990926,1856
39,2,382,0.8,1.0,0.5363106727600098,0.17594649747803928,1853
40,0,123,0.8,1.0,0.5231421589851379,0.16922408999070884,1844
41,1,192,0.8,1.0,0.5601658821105957,0.18582131065937,1845
42,3,417,0.8,1.0,0.5578052997589111,0.18423324127070143,1847
43,0,10,0.8,1.0,0.5023715496063232,0.16158945240032227,1857
44,2,279,0.8,1.0,0.5288318395614624,0.1728538021294091,1811
45,2,337,0.8,1.0,0.5446224808692932,0.18016685789660378,1874
46,1,234,0.8,1.0,0.536486029624939,0.17496245913834996,1835
47,3,479,0.8,1.0,0.5361028909683228,0.17601959759147315,1865
48,0,112,0.8,1.0,0.5435130596160889,0.1794903290825844,1831
49,3,470,0.8,1.0,0.5488387942314148,0.18076321620331676,1832
50,2,294,0.8,1.0,0.5116004347801208,0.16516854749925888,1883
51,0,10,0.8,1.0,0.5652509927749634,0.18790296230073342,1836
52,2,326,0.8,1.0,0.48545321822166443,0.15469224374507223,1826
53,0,41,0.8,1.0,0.49279308319091797,0.15709638830764852,1830
54,3,498,0.8,1.0,0.5301021337509155,0.17227683113156544,1866
55,1,160,0.8,1.0,0.562773585319519,0.18817372932058216,1871
56,2,332,0.8,1.0,0.5380746126174927,0.17687657757326705,1798
57,2,311,0.8,1.0,0.5295059084892273,0.1728608316745618,1851
58,3,422,0.8,1.0,0.5274384617805481,0.1734543160030967,1861
59,3,504,0.8,1.0,0.548078715801239,0.17828180680350908,1823
60,1,131,0.8,1.0,0.5145090222358704,0.1650013359400506,1851
61,0,90,0.8,1.0,0.5183066129684448,0.16695036304371907,1849
62,1,145,0.8,1.0,0.5603309869766235,0.18702038616474342,1876
63,2,286,0.8,1.0,0.5429558753967285,0.17729610657647948,1864
64,1,190,0.8,1.0,0.5274562239646912,0.17309198385619126,1861
65,2,356,0.8,1.0,0.49853742122650146,0.1576147294151647,1827
66,3,451,0.8,1.0,0.5254794359207153,0.1699739313798459,1863
67,2,291,0.8,1.0,0.5501346588134766,0.18219704774443515,1844
68,0,112,0.8,1.0,0.5008758306503296,0.1594947694571842,1823
69,0,127,0.8,1.0,0.5399520993232727,0.17756158125434432,1874
70,2,279,0.8,1.0,0.5466135740280151,0.17895664475940798,1835
71,3,416,0.8,1.0,0.5591700673103333,0.1854789567554408,1841
72,2,262,0.8,1.0,0.5487356781959534,0.1827681370678156,1849
73,0,61,0.8,1.0,0.5231624245643616,0.17027207511548426,1830
74,3,426,0.8,1.0,0.5669312477111816,0.18881701819848537,1843
75,2,271,0.8,1.0,0.5238150358200073,0.17054634863330598,1852
76,1,253,0.8,1.0,0.5957496762275696,0.20161894283778178,1845
77,3,469,0.8,1.0,0.5347164273262024,0.1752588247446431,1863
78,0,114,0.8,1.0,0.5375298261642456,0.17561068454621115,1826
79,1,133,0.8,1.0,0.5245861411094666,0.17021683766990464,1831
80,1,146,0.8,1.0,0.5796005725860596,0.1953208252105002,1841
81,1,227,0.8,1.0,0.5830729603767395,0.19690361735339051,1877
82,1,141,0.8,1.0,0.5583744645118713,0.18605988679740748,1819
83,2,350,0.8,1.0,0.5343673825263977,0.17551431168690532,1843
84,2,372,0.8,1.0,0.49940991401672363,0.15975883802706228,1880
85,2,291,0.8,1.0,0.5567952394485474,0.18460632799317603,1833
86,1,202,0.8,1.0,0.5244958996772766,0.16923272424478758,1849
87,2,342,0.8,1.0,0.5765303373336792,0.1940784088028403,1842
88,2,302,0.8,1.0,0.5743483304977417,0.1922368095665553,1849
89,3,423,0.8,1.0,0.5318083167076111,0.17361140800371325,1832
90,0,64,0.8,1.0,0.49420440196990967,0.15649611591528723,1842
91,0,118,0.8,1.0,0.5220009684562683,0.16974156834074874,1840
92,3,437,0.8,1.0,0.5764891505241394,0.19293968998668456,1831
93,0,23,0.8,1.0,0.533416748046875,0.17400749970027338,1793
94,0,90,0.8,1.0,0.5319207906723022,0.1720040069673605,1862
95,1,239,0.8,1.0,0.5261943936347961,0.1720299739470471,1836
96,3,507,0.8,1.0,0.5323691964149475,0.17286263280966419,1838
97,1,219,0.8,1.0,0.5388664603233337,0.1746726528251565,1830
98,0,13,0.8,1.0,0.5630478858947754,0.18747788988600422,1843
99,2,383,0.8,1.0,0.5418896675109863,0.1762577927659762,1866
100,2,303,0.8,1.0,0.5479266047477722,0.17932678555667975,1842
101,1,130,0.8,1.0,0.5364508628845215,0.1746320716463416,1858
102,3,392,0.8,1.0,0.5363913178443909,0.17584707188819404,1841
103,3,443,0.8,1.0,0.5552425980567932,0.1854742461609103,1874
104,3,476,0.8,1.0,0.5594775080680847,0.18626566294687574,1868
105,3,490,0.8,1.0,0.5856996178627014,0.199298044888803,1832
106,2,281,0.8,1.0,0.5295509696006775,0.1732835586074744,1838
107,1,140,0.8,1.0,0.5730586051940918,0.19229387610168752,1826
108,0,69,0.8,1.0,0.562963604927063,0.1862506331543475,1862
109,1,223,0.8,1.0,0.5034244060516357,0.16142293876367408,1845
110,2,352,0.8,1.0,0.5532060861587524,0.18376953877424346,1836
111,1,221,0.8,1.0,0.5318529605865479,0.17329856799998544,1813
112,1,208,0.8,1.0,0.5418572425842285,0.17724717121107303,1819
113,0,52,0.8,1.0,0.560483455657959,0.18668012501334572,1890
114,2,332,0.8,1.0,0.5361027121543884,0.17490945454378445,1832
115,0,7,0.8,1.0,0.5851172208786011,0.1968050294803534,1856
116,1,186,0.8,1.0,0.5108505487442017,0.16394779666343157,1850
117,3,488,0.8,1.0,0.5073389410972595,0.16307247039270611,1851
118,2,368,0.8,1.0,0.5265679955482483,0.1705536149209906,1826
119,3,464,0.8,1.0,0.5486664175987244,0.18211947761650413,1825
120,3,387,0.8,1.0,0.5224525332450867,0.1691184467928165,1856
121,2,354,0.8,1.0,0.520560622215271,0.16925582046891346,1807
122,1,211,0.8,1.0,0.5485486388206482,0.17907183773028373,1828
123,1,210,0.8,1.0,0.5804392695426941,0.193466324252593,1847
124,1,167,0.8,1.0,0.5430596470832825,0.17868370954780222,1861
125,1,173,0.8,1.0,0.5186958312988281,0.16785156664272902,1855
126,2,362,0.8,1.0,0.5267948508262634,0.17132512372383943,1842
127,3,475,0.8,1.0,0.5287198424339294,0.1712192409943809,1821
0,1,253,0.8,1.1,0.5035901665687561,0.1619861603010334,1809
1,0,23,0.8,1.1,0.5291656851768494,0.17292529542016827,1832
2,0,19,0.8,1.1,0.5466026067733765,0.18029959801284517,1834
3,2,316,0.8,1.1,0.5330454111099243,0.1733275704819627,1857
4,3,421,0.8,1.1,0.5192569494247437,0.16914374436922136,1854
5,2,349,0.8,1.1,0.5491198897361755,0.18139016400533373,1846
6,2,285,0.8,1.1,0.4905191957950592,0.15496112379481547,1870
7,2,311,0.8,1.1,0.5018353462219238,0.15998033581695295,1850
8,0,64,0.8,1.1,0.5521803498268127,0.18268203537299793,1857
9,2,334,0.8,1.1,0.5272991061210632,0.17126233239296623,1876
10,0,121,0.8,1.1,0.5077371001243591,0.1634085657929907,1856
11,1,224,0.8,1.1,0.5731045007705688,0.19188349285469541,1860
12,1,206,0.8,1.1,0.5905654430389404,0.19561991250654626,1856
13,0,94,0.8,1.1,0.5296371579170227,0.17271713790762225,1859
14,2,367,0.8,1.1,0.5413573980331421,0.17761321521519596,1862
15,2,327,0.8,1.1,0.5157440304756165,0.16457126419826154,1833
16,1,205,0.8,1.1,0.5446178317070007,0.18083595640678404,1849
17,2,364,0.8,1.1,0.5759937167167664,0.19464432219981392,1842
18,0,20,0.8,1.1,0.548388659954071,0.18072339207646018,1850
19,0,97,0.8,1.1,0.5759227275848389,0.19277109529600053,1846
20,2,286,0.8,1.1,0.5268204808235168,0.1712078790277559,1830
21,1,158,0.8,1.1,0.5358319282531738,0.17640814240933436,1830
22,3,495,0.8,1.1,0.5120203495025635,0.16627313270026622,1821
23,0,48,0.8,1.1,0.5417600870132446,0.17751070239824657,1792
24,1,140,0.8,1.1,0.5981712341308594,0.20304562047755284,1874
25,3,385,0.8,1.1,0.5948172211647034,0.20275439792126204,1821
26,2,343,0.8,1.1,0.5388160347938538,0.17281024321473934,1842
27,1,130,0.8,1.1,0.5585445761680603,0.18528869678140258,1843
28,1,248,0.8,1.1,0.49930500984191895,0.1605994387562539,1853
29,3,453,0.8,1.1,0.5571736693382263,0.18389790541031523,1824
30,0,35,0.8,1.1,0.5141710042953491,0.16497801307658871,1837
31,1,191,0.8,1.1,0.5148665904998779,0.16692554196447013,1836
32,1,197,0.8,1.1,0.4900427460670471,0.1562224169684666,1813
33,3,492,0.8,1.1,0.5156495571136475,0.1663772144871628,1843
34,1,195,0.8,1.1,0.5384519696235657,0.17711843857804702,1838
35,3,399,0.8,1.1,0.5366284251213074,0.17575265780662216,1874
36,3,462,0.8,1.1,0.5697314739227295,0.19101177507568243,1848
37,1,138,0.8,1.1,0.4885076880455017,0.15485938260054893,1830
38,2,305,0.8,1.1,0.5190927386283875,0.166907374978241,1856
39,2,382,0.8,1.1,0.5384768843650818,0.17687921791475208,1853
40,0,123,0.8,1.1,0.523846447467804,0.16961632632040002,1844
41,1,192,0.8,1.1,0.5604600310325623,0.18591850836907786,1845
42,3,417,0.8,1.1,0.5585720539093018,0.18436710146621846,1847
43,0,10,0.8,1.1,0.5026695132255554,0.16163396960623244,1857
44,2,279,0.8,1.1,0.5308538675308228,0.17361924575196763,1811
45,2,337,0.8,1.1,0.5479710102081299,0.1815947419227975,1874
46,1,234,0.8,1.1,0.5385136604309082,0.1758236388261752,1835
47,3,479,0.8,1.1,0.5419299602508545,0.17824035384799938,1865
48,0,112,0.8,1.1,0.5456674695014954,0.1802398974322044,1831
49,3,470,0.8,1.1,0.5556663274765015,0.18301950643664075,1832
50,2,294,0.8,1.1,0.5162280797958374,0.1670800057191479,1883
51,0,10,0.8,1.1,0.5685480833053589,0.18938135776605,1836
52,2,326,0.8,1.1,0.48608291149139404,0.15496037606963625,1826
53,0,41,0.8,1.1,0.494240939617157,0.15759833878687798,1830
54,3,498,0.8,1.1,0.5299190878868103,0.17239370677547386,1866
55,1,160,0.8,1.1,0.5645965933799744,0.1888926731550505,1871
56,2,332,0.8,1.1,0.5400980710983276,0.17773949532278063,1798
57,2,311,0.8,1.1,0.5322428345680237,0.1737881438764001,1851
58,3,422,0.8,1.1,0.5305689573287964,0.1746822460042329,1861
59,3,504,0.8,1.1,0.5516830682754517,0.1795272542674469,1823
60,1,131,0.8,1.1,0.514941930770874,0.16517441128369797,1851
61,0,90,0.8,1.1,0.5197342038154602,0.1674816267040403,1849
62,1,145,0.8,1.1,0.5643795728683472,0.1888172162979552,1876
63,2,286,0.8,1.1,0.5474798083305359,0.17869111970618512,1864
64,1,190,0.8,1.1,0.5302898287773132,0.1742385770304345,1861
65,2,356,0.8,1.1,0.49963799118995667,0.15800818347827497,1827
66,3,451,0.8,1.1,0.5270251035690308,0.1704657423527326,1863
67,2,291,0.8,1.1,0.5523425936698914,0.18312131059399064,1844
68,0,112,0.8,1.1,0.5044369101524353,0.16093859599195887,1823
69,0,127,0.8,1.1,0.5432510375976562,0.1786201358783419,1874
70,2,279,0.8,1.1,0.5589647889137268,0.18197829315992212,1835
71,3,416,0.8,1.1,0.5595554113388062,0.18560614562762726,1841
72,2,262,0.8,1.1,0.5517105460166931,0.18401649075707094,1849
73,0,61,0.8,1.1,0.5253297686576843,0.17114898386088429,1830
74,3,426,0.8,1.1,0.5687285661697388,0.18938388446595927,1843
75,2,271,0.8,1.1,0.5262671709060669,0.1715585576199797,1852
76,1,253,0.8,1.1,0.5976837873458862,0.20229858749038576,1845
77,3,469,0.8,1.1,0.5388060212135315,0.1769462693490516,1863
78,0,114,0.8,1.1,0.5390642881393433,0.17641614298028888,1826
79,1,133,0.8,1.1,0.5255956053733826,0.17065007276653035,1831
80,1,146,0.8,1.1,0.5786522030830383,0.19499763675006007,1841
81,1,227,0.8,1.1,0.5851079225540161,0.19742523130252254,1877
82,1,141,0.8,1.1,0.5593998432159424,0.18657455099558337,1819
83,2,350,0.8,1.1,0.5356124639511108,0.1760408411040202,1843
84,2,372,0.8,1.1,0.49993300437927246,0.1600516285490598,1880
85,2,291,0.8,1.1,0.5583707690238953,0.18526691002301382,1833
86,1,202,0.8,1.1,0.5254031419754028,0.1697166354725083,1849
87,2,342,0.8,1.1,0.5878758430480957,0.19770890396921018,1842
88,2,302,0.8,1.1,0.5745395421981812,0.19226368229294086,1849
89,3,423,0.8,1.1,0.5350390672683716,0.17497050951729431,1832
90,0,64,0.8,1.1,0.4972931742668152,0.15780534871325083,1842
91,0,118,0.8,1.1,0.523728609085083,0.17043214944008228,1840
92,3,437,0.8,1.1,0.5801299810409546,0.19454401986239475,1831
93,0,23,0.8,1.1,0.5339327454566956,0.17424384123536799,1793
94,0,90,0.8,1.1,0.5323218107223511,0.17226722034349856,1862
95,1,239,0.8,1.1,0.5272778272628784,0.17244353652744157,1836
96,3,507,0.8,1.1,0.5346655249595642,0.17367028643297763,1838
97,1,219,0.8,1.1,0.5391283631324768,0.17481963859720462,1830
98,0,13,0.8,1.1,0.5677944421768188,0.18936567988771205,1843
99,2,383,0.8,1.1,0.5599789619445801,0.18014451146402416,1866
100,2,303,0.8,1.1,0.5506903529167175,0.1804630901939036,1842
101,1,130,0.8,1.1,0.5381889939308167,0.17534561016168054,1858
102,3,392,0.8,1.1,0.5422633290290833,0.17801975921389349,1841
103,3,443,0.8,1.1,0.5590445399284363,0.18690317841120596,1874
104,3,476,0.8,1.1,0.5626203417778015,0.18764025925718164,1868
105,3,490,0.8,1.1,0.5867369771003723,0.19954139801753978,1832
106,2,281,0.8,1.1,0.5309379696846008,0.17393174511338816,1838
107,1,140,0.8,1.1,0.5753743648529053,0.19323196635463444,1826
108,0,69,0.8,1.1,0.5652848482131958,0.18732162770758753,1862
109,1,223,0.8,1.1,0.5036645531654358,0.16151403999637842,1845
110,2,352,0.8,1.1,0.5540811419487,0.18401864391799802,1836
111,1,221,0.8,1.1,0.5380650758743286,0.17497180174881796,1813
112,1,208,0.8,1.1,0.5448326468467712,0.17833287354763067,1819
113,0,52,0.8,1.1,0.561801552772522,0.18731070736801184,1890
114,2,332,0.8,1.1,0.5438402891159058,0.17692591459002294,1832
115,0,7,0.8,1.1,0.5867403149604797,0.19750069866303654,1856
116,1,186,0.8,1.1,0.5118917226791382,0.1644221315747719,1850
117,3,488,0.8,1.1,0.5091439485549927,0.16393867597848263,1851
118,2,368,0.8,1.1,0.5271909236907959,0.1708577658569887,1826
119,3,464,0.8,1.1,0.5525640249252319,0.18365367106495858,1825
120,3,387,0.8,1.1,0.5244569778442383,0.1700467199596182,1856
121,2,354,0.8,1.1,0.5227026343345642,0.17030278648631011,1807
122,1,211,0.8,1.1,0.5490180253982544,0.1793862158364826,1828
123,1,210,0.8,1.1,0.5834260582923889,0.19425696115554067,1847
124,1,167,0.8,1.1,0.5456072092056274,0.17960347786552125,1861
125,1,173,0.8,1.1,0.5232741832733154,0.16977728344897253,1855
126,2,362,0.8,1.1,0.5287456512451172,0.17203647902809072,1842
127,3,475,0.8,1.1,0.5320392847061157,0.17253178906176572,1821
0,1,253,0.95,0.9,0.5483651757240295,0.1817289351267246,2194
1,0,23,0.95,0.9,0.563671350479126,0.18655211371364808,2195
2,0,19,0.95,0.9,0.5944837331771851,0.1963596626081064,2196
3,2,316,0.95,0.9,0.5408899188041687,0.17537843502522102,2199
4,3,421,0.95,0.9,0.6036832928657532,0.20319130656774737,2202
5,2,349,0.95,0.9,0.5589103102684021,0.1856284183839712,2170
6,2,285,0.95,0.9,0.49336615204811096,0.1565459231367789,2189
7,2,311,0.95,0.9,0.500176727771759,0.1595420739081401,2189
8,0,64,0.95,0.9,0.568904459476471,0.19078774909268328,2180
9,2,334,0.95,0.9,0.5467962026596069,0.1787975757983231,2179
10,0,121,0.95,0.9,0.5282028913497925,0.17095051144750031,2169
11,1,224,0.95,0.9,0.584803581237793,0.19754255368826737,2183
12,1,206,0.95,0.9,0.6245874762535095,0.216893591177991,2192
13,0,94,0.95,0.9,0.5663358569145203,0.18962551150606405,2206
14,2,367,0.95,0.9,0.5881226658821106,0.1995222057623851,2190
15,2,327,0.95,0.9,0.5630165338516235,0.18926534707359363,2180
16,1,205,0.95,0.9,0.5769060254096985,0.1958030722392503,2191
17,2,364,0.95,0.9,0.6088674068450928,0.20876697270670627,2172
18,0,20,0.95,0.9,0.5601595044136047,0.18402587828644326,2187
19,0,97,0.95,0.9,0.5772240161895752,0.19442513659292407,2184
20,2,286,0.95,0.9,0.5314435958862305,0.17352443914598753,2192
21,1,158,0.95,0.9,0.5870314836502075,0.19859522384930703,2196
22,3,495,0.95,0.9,0.5369901061058044,0.1763373066574796,2176
23,0,48,0.95,0.9,0.5740491151809692,0.19115851795887942,2198
24,1,140,0.95,0.9,0.6598806977272034,0.23126038871158086,2184
25,3,385,0.95,0.9,0.6384534239768982,0.22188789787936802,2181
26,2,343,0.95,0.9,0.5255715847015381,0.17072706908233362,2196
27,1,130,0.95,0.9,0.5873355865478516,0.1992890332954049,2196
28,1,248,0.95,0.9,0.5643416047096252,0.1889257734488885,2191
29,3,453,0.95,0.9,0.580032229423523,0.19492582242199727,2182
30,0,35,0.95,0.9,0.5094882249832153,0.1645997271402445,2177
31,1,191,0.95,0.9,0.5449531674385071,0.18086990655805896,2204
32,1,197,0.95,0.9,0.4949273467063904,0.15783919139633618,2192
33,3,492,0.95,0.9,0.5447278022766113,0.18004916019131534,2165
34,1,195,0.95,0.9,0.5888577103614807,0.19856973878606057,2197
35,3,399,0.95,0.9,0.57713782787323,0.1935396657299908,2186
36,3,462,0.95,0.9,0.5980168581008911,0.20148262040515583,2189
37,1,138,0.95,0.9,0.5434072613716125,0.17364080964378914,2202
38,2,305,0.95,0.9,0.5549663305282593,0.18189262460790218,2195
39,2,382,0.95,0.9,0.5894888639450073,0.20101647802463432,2171
40,0,123,0.95,0.9,0.5273233652114868,0.17242224753969138,2201
41,1,192,0.95,0.9,0.6172397136688232,0.21051478368726761,2197
42,3,417,0.95,0.9,0.5938494801521301,0.20115792619733563,2202
43,0,10,0.95,0.9,0.5582181215286255,0.18388545777964588,2182
44,2,279,0.95,0.9,0.5518714189529419,0.1834567619923725,2195
45,2,337,0.95,0.9,0.5662084221839905,0.18923537331857307,2164
46,1,234,0.95,0.9,0.523421585559845,0.17100631507823827,2197
47,3,479,0.95,0.9,0.5434112548828125,0.1795833165788829,2196
48,0,112,0.95,0.9,0.5500134825706482,0.18308896229138066,2183
49,3,470,0.95,0.9,0.5693530440330505,0.18950810035969756,2198
50,2,294,0.95,0.9,0.5447410941123962,0.179937338817039,2184
51,0,10,0.95,0.9,0.5864608883857727,0.1963113625044802,2178
52,2,326,0.95,0.9,0.509291410446167,0.16381046999709592,2206
53,0,41,0.95,0.9,0.5387226939201355,0.17605865633148368,2187
54,3,498,0.95,0.9,0.5592632293701172,0.18464669309799445,2199
55,1,160,0.95,0.9,0.639461100101471,0.21998272402169078,2183
56,2,332,0.95,0.9,0.5726985931396484,0.19186465194687236,2207
57,2,311,0.95,0.9,0.5626986622810364,0.18752122523953035,2191
58,3,422,0.95,0.9,0.582184910774231,0.19733437699303913,2177
59,3,504,0.95,0.9,0.5293074250221252,0.1723433022497593,2193
60,1,131,0.95,0.9,0.5473175644874573,0.18116037569958318,2201
61,0,90,0.95,0.9,0.5273258090019226,0.1704019176396097,2176
62,1,145,0.95,0.9,0.5806484818458557,0.19621735581048083,2198
63,2,286,0.95,0.9,0.5757590532302856,0.1916761203623296,2193
64,1,190,0.95,0.9,0.5647245049476624,0.18891294169526768,2167
65,2,356,0.95,0.9,0.49918505549430847,0.15863132430394883,2189
66,3,451,0.95,0.9,0.5348264575004578,0.1757735824226748,2182
67,2,291,0.95,0.9,0.5775995850563049,0.19308049394181934,2169
68,0,112,0.95,0.9,0.5077944993972778,0.1624650103134225,2184
69,0,127,0.95,0.9,0.6073583364486694,0.20597470353460517,2179
70,2,279,0.95,0.9,0.5585047602653503,0.1853337285058634,2192
71,3,416,0.95,0.9,0.6058318614959717,0.20287599981074872,2188
72,2,262,0.95,0.9,0.6183624863624573,0.20996361569243735,2176
73,0,61,0.95,0.9,0.5551360249519348,0.18206675384699697,2210
74,3,426,0.95,0.9,0.6033890843391418,0.20679912679613796,2185
75,2,271,0.95,0.9,0.5573404431343079,0.1858305615168313,2182
76,1,253,0.95,0.9,0.6257397532463074,0.21578933937614356,2193
77,3,469,0.95,0.9,0.5482124090194702,0.18166678093716357,2174
78,0,114,0.95,0.9,0.5477238297462463,0.18030297579357857,2184
79,1,133,0.95,0.9,0.530834972858429,0.17324806734268675,2200
80,1,146,0.95,0.9,0.6355966925621033,0.2183481918649604,2183
81,1,227,0.95,0.9,0.6135245561599731,0.21188561321646096,2174
82,1,141,0.95,0.9,0.6345816850662231,0.21803476423901902,2195
83,2,350,0.95,0.9,0.5746179223060608,0.192878129480926,2184
84,2,372,0.95,0.9,0.5403257608413696,0.17649192630670418,2193
85,2,291,0.95,0.9,0.5860226154327393,0.19845025781672276,2196
86,1,202,0.95,0.9,0.5519099235534668,0.18357806807893798,2194
87,2,342,0.95,0.9,0.6454047560691833,0.225205751337574,2201
88,2,302,0.95,0.9,0.604653537273407,0.20642884492924798,2190
89,3,423,0.95,0.9,0.540255606174469,0.17733603190526787,2199
90,0,64,0.95,0.9,0.5220841765403748,0.16636913258879368,2206
91,0,118,0.95,0.9,0.5621291995048523,0.18722879411924823,2194
92,3,437,0.95,0.9,0.6096957325935364,0.20985694382147452,2213
93,0,23,0.95,0.9,0.5538855195045471,0.1833550379549515,2207
94,0,90,0.95,0.9,0.5400862097740173,0.1775883757824134,2184
95,1,239,0.95,0.9,0.5868719220161438,0.19757755997397677,2196
96,3,507,0.95,0.9,0.6122785806655884,0.20763720332995547,2198
97,1,219,0.95,0.9,0.5737929940223694,0.19079636834608743,2179
98,0,13,0.95,0.9,0.6486587524414062,0.22748154712473678,2176
99,2,383,0.95,0.9,0.5449078679084778,0.17898863739394386,2180
100,2,303,0.95,0.9,0.5622427463531494,0.1861249520958252,2188
101,1,130,0.95,0.9,0.5432883501052856,0.17899154321010483,2177
102,3,392,0.95,0.9,0.5727900862693787,0.19358150922165873,2194
103,3,443,0.95,0.9,0.5868507623672485,0.1990821726857843,2194
104,3,476,0.95,0.9,0.585015594959259,0.19816431530160017,2178
105,3,490,0.95,0.9,0.6437329053878784,0.22488477913792215,2174
106,2,281,0.95,0.9,0.5567863583564758,0.18489090851076667,2154
107,1,140,0.95,0.9,0.6052260994911194,0.20758425771885464,2201
108,0,69,0.95,0.9,0.5544565320014954,0.18390429840793146,2184
109,1,223,0.95,0.9,0.5248711705207825,0.17072788553602178,2181
110,2,352,0.95,0.9,0.5863991975784302,0.19798249404639445,2179
111,1,221,0.95,0.9,0.5691299438476562,0.18984942549771983,2171
112,1,208,0.95,0.9,0.5459066033363342,0.18014508522273512,2202
113,0,52,0.95,0.9,0.6073956489562988,0.20745976190905918,2195
114,2,332,0.95,0.9,0.5735063552856445,0.19283957137433713,2190
115,0,7,0.95,0.9,0.5677972435951233,0.1906675283302287,2188
116,1,186,0.95,0.9,0.5303196907043457,0.1718391627476478,2192
117,3,488,0.95,0.9,0.5139532089233398,0.16653751294251817,2190
118,2,368,0.95,0.9,0.5349999666213989,0.1754674733408552,2196
119,3,464,0.95,0.9,0.5666447877883911,0.19059631617434128,2190
120,3,387,0.95,0.9,0.528479278087616,0.17084257700966365,2202
121,2,354,0.95,0.9,0.5516089797019958,0.1824926414236635,2180
122,1,211,0.95,0.9,0.5476270318031311,0.17995346764553077,2201
123,1,210,0.95,0.9,0.5745407938957214,0.1932145045558404,2188
124,1,167,0.95,0.9,0.5865232944488525,0.19795577766799707,2196
125,1,173,0.95,0.9,0.5214617252349854,0.17052474066386863,2197
126,2,362,0.95,0.9,0.5574932098388672,0.18261537176582154,2188
127,3,475,0.95,0.9,0.546994686126709,0.17966144351148455,2191
0,1,253,0.95,1.0,0.5507513284683228,0.18285687039303927,2194
1,0,23,0.95,1.0,0.5691831111907959,0.18815110869230117,2195
2,0,19,0.95,1.0,0.5964158773422241,0.19683562304441798,2196
3,2,316,0.95,1.0,0.5429578423500061,0.1761500700341434,2199
4,3,421,0.95,1.0,0.6033812761306763,0.2029754137933267,2202
5,2,349,0.95,1.0,0.5580670833587646,0.18530023047473573,2170
6,2,285,0.95,1.0,0.49571511149406433,0.15734003332529345,2189
7,2,311,0.95,1.0,0.5032209753990173,0.16088188724662722,2189
8,0,64,0.95,1.0,0.56682288646698,0.18984787241268058,2180
9,2,334,0.95,1.0,0.5493677258491516,0.1799814497564509,2179
10,0,121,0.95,1.0,0.5291473865509033,0.1713672063707348,2169
11,1,224,0.95,1.0,0.5833341479301453,0.1970653444942561,2183
12,1,206,0.95,1.0,0.6206207871437073,0.2152484667178246,2192
13,0,94,0.95,1.0,0.5671705007553101,0.18998689627557913,2206
14,2,367,0.95,1.0,0.5864410400390625,0.19887916189813182,2190
15,2,327,0.95,1.0,0.5630866289138794,0.18937222224275513,2180
16,1,205,0.95,1.0,0.5784151554107666,0.19628400603350765,2191
17,2,364,0.95,1.0,0.611296534538269,0.2097456559897544,2172
18,0,20,0.95,1.0,0.5630634427070618,0.18513732534654637,2187
19,0,97,0.95,1.0,0.5794999599456787,0.1953163908830123,2184
20,2,286,0.95,1.0,0.5305517911911011,0.1730050151242031,2192
21,1,158,0.95,1.0,0.5876615643501282,0.19890145741029439,2196
22,3,495,0.95,1.0,0.5383563041687012,0.17691780791896508,2176
23,0,48,0.95,1.0,0.5783314108848572,0.19286410178508662,2198
24,1,140,0.95,1.0,0.6597346067428589,0.23144494254343317,2184
25,3,385,0.95,1.0,0.6416933536529541,0.22315082145575232,2181
26,2,343,0.95,1.0,0.5282135009765625,0.17204879902156467,2196
27,1,130,0.95,1.0,0.5870814919471741,0.19912991556161463,2196
28,1,248,0.95,1.0,0.5647885203361511,0.18915320855051657,2191
29,3,453,0.95,1.0,0.5783973336219788,0.19426513223967842,2182
30,0,35,0.95,1.0,0.5112835168838501,0.1654548926914683,2177
31,1,191,0.95,1.0,0.5461441874504089,0.18142342859583774,2204
32,1,197,0.95,1.0,0.49672892689704895,0.15840364011807978,2192
33,3,492,0.95,1.0,0.5447760820388794,0.1800183643941317,2165
34,1,195,0.95,1.0,0.5873380303382874,0.19781101752177332,2197
35,3,399,0.95,1.0,0.5781101584434509,0.19377142887711254,2186
36,3,462,0.95,1.0,0.5983487367630005,0.2016811514848408,2189
37,1,138,0.95,1.0,0.5453925132751465,0.17429667884908126,2202
38,2,305,0.95,1.0,0.5592153072357178,0.18296967038574688,2195
39,2,382,0.95,1.0,0.595054566860199,0.20355608420817492,2171
40,0,123,0.95,1.0,0.5310395359992981,0.17406702282256276,2201
41,1,192,0.95,1.0,0.6169748902320862,0.21061272412253376,2197
42,3,417,0.95,1.0,0.5942407846450806,0.2014443746839496,2202
43,0,10,0.95,1.0,0.5589932799339294,0.18401735572557537,2182
44,2,279,0.95,1.0,0.5549366474151611,0.18474238596461298,2195
45,2,337,0.95,1.0,0.5678946375846863,0.19003765455441268,2164
46,1,234,0.95,1.0,0.5268781781196594,0.17256516077557615,2197
47,3,479,0.95,1.0,0.5448286533355713,0.18012451255354564,2196
48,0,112,0.95,1.0,0.5489293336868286,0.18257671303927772,2183
49,3,470,0.95,1.0,0.5690651535987854,0.18935253351308345,2198
50,2,294,0.95,1.0,0.5498696565628052,0.1820427610463197,2184
51,0,10,0.95,1.0,0.5869008898735046,0.19658575962095737,2178
52,2,326,0.95,1.0,0.511383056640625,0.16464318663451744,2206
53,0,41,0.95,1.0,0.5428075790405273,0.17779472439077448,2187
54,3,498,0.95,1.0,0.559837818145752,0.18487393837082258,2199
55,1,160,0.95,1.0,0.6396232843399048,0.22015282143569762,2183
56,2,332,0.95,1.0,0.5726704001426697,0.19197970818085422,2207
57,2,311,0.95,1.0,0.5635979175567627,0.18798382569072106,2191
58,3,422,0.95,1.0,0.5835135579109192,0.1978828394098573,2177
59,3,504,0.95,1.0,0.5307098627090454,0.1728152203602408,2193
60,1,131,0.95,1.0,0.550625205039978,0.18281399787083796,2201
61,0,90,0.95,1.0,0.5309045910835266,0.17174042877893594,2176
62,1,145,0.95,1.0,0.5824917554855347,0.1970101329320811,2198
63,2,286,0.95,1.0,0.575603187084198,0.19161174740177667,2193
64,1,190,0.95,1.0,0.5674894452095032,0.1895304854096552,2167
65,2,356,0.95,1.0,0.5010631084442139,0.15944652650764002,2189
66,3,451,0.95,1.0,0.538296103477478,0.1773246363372722,2182
67,2,291,0.95,1.0,0.5789815783500671,0.19379614336214696,2169
68,0,112,0.95,1.0,0.5101271271705627,0.16337521041366668,2184
69,0,127,0.95,1.0,0.6085008382797241,0.20641229400143857,2179
70,2,279,0.95,1.0,0.5572272539138794,0.18469416187256452,2192
71,3,416,0.95,1.0,0.6161043643951416,0.20568219794050457,2188
72,2,262,0.95,1.0,0.618827223777771,0.21000864688286272,2176
73,0,61,0.95,1.0,0.5574510097503662,0.18307692505990375,2210
74,3,426,0.95,1.0,0.6053196787834167,0.20771331036988058,2185
75,2,271,0.95,1.0,0.5616708993911743,0.18760087764062083,2182
76,1,253,0.95,1.0,0.6270838379859924,0.21631538065542805,2193
77,3,469,0.95,1.0,0.5498890280723572,0.1824065302548172,2174
78,0,114,0.95,1.0,0.5481346249580383,0.1804758022501771,2184
79,1,133,0.95,1.0,0.5318291783332825,0.17369275541693624,2200
80,1,146,0.95,1.0,0.635179877281189,0.21824986883367142,2183
81,1,227,0.95,1.0,0.6161173582077026,0.21293328096741912,2174
82,1,141,0.95,1.0,0.6332084536552429,0.21756339221738297,2195
83,2,350,0.95,1.0,0.575403094291687,0.19341960599223096,2184
84,2,372,0.95,1.0,0.5425406694412231,0.17679976591112118,2193
85,2,291,0.95,1.0,0.588979184627533,0.19976215217430984,2196
86,1,202,0.95,1.0,0.5561569929122925,0.1855145847449932,2194
87,2,342,0.95,1.0,0.6435137391090393,0.22413557039602683,2201
88,2,302,0.95,1.0,0.6053807139396667,0.2065899825706905,2190
89,3,423,0.95,1.0,0.5407665967941284,0.17761490729273327,2199
90,0,64,0.95,1.0,0.5252147912979126,0.1672084664620971,2206
91,0,118,0.95,1.0,0.561334490776062,0.18703892566492047,2194
92,3,437,0.95,1.0,0.6120920181274414,0.2109771566796776,2213
93,0,23,0.95,1.0,0.5559182167053223,0.18430782601356313,2207
94,0,90,0.95,1.0,0.543236494064331,0.17902006383988883,2184
95,1,239,0.95,1.0,0.5854816436767578,0.19712017271022583,2196
96,3,507,0.95,1.0,0.6154364347457886,0.2083609215498803,2198
97,1,219,0.95,1.0,0.5769708752632141,0.19215884750443588,2179
98,0,13,0.95,1.0,0.6511862277984619,0.22856403395813885,2176
99,2,383,0.95,1.0,0.5448961853981018,0.17911793166531967,2180
100,2,303,0.95,1.0,0.5618103742599487,0.1860356054657934,2188
101,1,130,0.95,1.0,0.5436879396438599,0.1792741049997199,2177
102,3,392,0.95,1.0,0.5770523548126221,0.19536866226130473,2194
103,3,443,0.95,1.0,0.5864384770393372,0.1989128404224924,2194
104,3,476,0.95,1.0,0.5851313471794128,0.19815667827966002,2178
105,3,490,0.95,1.0,0.6428513526916504,0.22442293233772523,2174
106,2,281,0.95,1.0,0.5601707100868225,0.18659077876675692,2154
107,1,140,0.95,1.0,0.6067081093788147,0.2082696845955748,2201
108,0,69,0.95,1.0,0.5545129179954529,0.184047266542519,2184
109,1,223,0.95,1.0,0.5250245928764343,0.17073636006358756,2181
110,2,352,0.95,1.0,0.5869882702827454,0.1983170199886386,2179
111,1,221,0.95,1.0,0.5720256567001343,0.1908220936107952,2171
112,1,208,0.95,1.0,0.5469175577163696,0.1805892758397659,2202
113,0,52,0.95,1.0,0.6075092554092407,0.20751169208055661,2195
114,2,332,0.95,1.0,0.5725171566009521,0.1924893339971261,2190
115,0,7,0.95,1.0,0.5659927725791931,0.189891818723568,2188
116,1,186,0.95,1.0,0.5313335061073303,0.17236857498509664,2192
117,3,488,0.95,1.0,0.5146826505661011,0.1668345906290042,2190
118,2,368,0.95,1.0,0.5361396074295044,0.176029151893848,2196
119,3,464,0.95,1.0,0.5693718791007996,0.1915965823486301,2190
120,3,387,0.95,1.0,0.5297099351882935,0.17137943230270802,2202
121,2,354,0.95,1.0,0.5514670610427856,0.18245892511210202,2180
122,1,211,0.95,1.0,0.5481325387954712,0.18020742757807443,2201
123,1,210,0.95,1.0,0.5749167203903198,0.1933559482407081,2188
124,1,167,0.95,1.0,0.5873821973800659,0.19839447345076608,2196
125,1,173,0.95,1.0,0.5235710144042969,0.17148034261142167,2197
126,2,362,0.95,1.0,0.5641676783561707,0.1843568738725503,2188
127,3,475,0.95,1.0,0.5517775416374207,0.18145143452610674,2191
0,1,253,0.95,1.1,0.5526587963104248,0.18366825838015585,2194
1,0,23,0.95,1.1,0.573857843875885,0.18933702511452086,2195
2,0,19,0.95,1.1,0.5968607068061829,0.19676143726713421,2196
3,2,316,0.95,1.1,0.5446881651878357,0.17667384835526623,2199
4,3,421,0.95,1.1,0.6058434247970581,0.20357074311798926,2202
5,2,349,0.95,1.1,0.5584235191345215,0.1853489616899352,2170
6,2,285,0.95,1.1,0.499193400144577,0.1583451531352756,2189
7,2,311,0.95,1.1,0.5053630471229553,0.16157418668971466,2189
8,0,64,0.95,1.1,0.5661317110061646,0.18942126165628115,2180
9,2,334,0.95,1.1,0.5534917116165161,0.18150572333795176,2179
10,0,121,0.95,1.1,0.5319516658782959,0.172211651396228,2169
11,1,224,0.95,1.1,0.5823087096214294,0.1967569983285252,2183
12,1,206,0.95,1.1,0.6193192005157471,0.21467116251819107,2192
13,0,94,0.95,1.1,0.5686938166618347,0.19063053909995883,2206
14,2,367,0.95,1.1,0.5859544277191162,0.19864448752477976,2190
15,2,327,0.95,1.1,0.5636391043663025,0.18970249315376203,2180
16,1,205,0.95,1.1,0.580498456954956,0.1970932143223068,2191
17,2,364,0.95,1.1,0.6152759790420532,0.21121597359599883,2172
18,0,20,0.95,1.1,0.5684151649475098,0.18674696103919888,2187
19,0,97,0.95,1.1,0.5820180773735046,0.1962004028363127,2184
20,2,286,0.95,1.1,0.5293461084365845,0.17225720187962082,2192
21,1,158,0.95,1.1,0.5884119272232056,0.1992820565748802,2196
22,3,495,0.95,1.1,0.5386278629302979,0.17701611527902936,2176
23,0,48,0.95,1.1,0.5826976895332336,0.19410514897019998,2198
24,1,140,0.95,1.1,0.6602693796157837,0.2318530151514177,2184
25,3,385,0.95,1.1,0.6473305225372314,0.22530085007861708,2181
26,2,343,0.95,1.1,0.5292642712593079,0.17258475660177625,2196
27,1,130,0.95,1.1,0.5876093506813049,0.19933618511773374,2196
28,1,248,0.95,1.1,0.5648443102836609,0.18909118071200376,2191
29,3,453,0.95,1.1,0.577771782875061,0.1939816197786944,2182
30,0,35,0.95,1.1,0.5126276612281799,0.16595484996248033,2177
31,1,191,0.95,1.1,0.5464335680007935,0.1815938981513857,2204
32,1,197,0.95,1.1,0.4993396997451782,0.15903852746696756,2192
33,3,492,0.95,1.1,0.5463700294494629,0.18055634765547102,2165
34,1,195,0.95,1.1,0.5858488082885742,0.19709053667571555,2197
35,3,399,0.95,1.1,0.5817168354988098,0.1948633245128297,2186
36,3,462,0.95,1.1,0.6002914309501648,0.2023336801761678,2189
37,1,138,0.95,1.1,0.5483637452125549,0.17509416595527275,2202
38,2,305,0.95,1.1,0.561093270778656,0.18355699152111932,2195
39,2,382,0.95,1.1,0.5979236960411072,0.20486571446714233,2171
40,0,123,0.95,1.1,0.5342458486557007,0.17529852717282,2201
41,1,192,0.95,1.1,0.616897463798523,0.21061180462958154,2197
42,3,417,0.95,1.1,0.5928881168365479,0.20096795862688882,2202
43,0,10,0.95,1.1,0.5613770484924316,0.1845236575688876,2182
44,2,279,0.95,1.1,0.5572015047073364,0.1855890499265149,2195
45,2,337,0.95,1.1,0.569786548614502,0.19075295527073866,2164
46,1,234,0.95,1.1,0.5296061635017395,0.1737299953303821,2197
47,3,479,0.95,1.1,0.547498345375061,0.18128731741821105,2196
48,0,112,0.95,1.1,0.5475636720657349,0.181956560037365,2183
49,3,470,0.95,1.1,0.5673796534538269,0.18877421762127422,2198
50,2,294,0.95,1.1,0.5537146329879761,0.18309663909851748,2184
51,0,10,0.95,1.1,0.5877694487571716,0.1969444975549804,2178
52,2,326,0.95,1.1,0.5142812132835388,0.1656386114700385,2206
53,0,41,0.95,1.1,0.5462841391563416,0.1790854806945388,2187
54,3,498,0.95,1.1,0.5606109499931335,0.18518293116245982,2199
55,1,160,0.95,1.1,0.6409117579460144,0.22074056944326656,2183
56,2,332,0.95,1.1,0.5737037062644958,0.19249239939636723,2207
57,2,311,0.95,1.1,0.5627709627151489,0.1873754092527331,2191
58,3,422,0.95,1.1,0.5861178636550903,0.1988234463098517,2177
59,3,504,0.95,1.1,0.533093273639679,0.1736052786387539,2193
60,1,131,0.95,1.1,0.5512197017669678,0.18319337766373214,2201
61,0,90,0.95,1.1,0.534774899482727,0.17301116506412384,2176
62,1,145,0.95,1.1,0.5829307436943054,0.19724687027584759,2198
63,2,286,0.95,1.1,0.577864408493042,0.19215779300804445,2193
64,1,190,0.95,1.1,0.5698187351226807,0.1899696885997744,2167
65,2,356,0.95,1.1,0.5024179220199585,0.15995690393147108,2189
66,3,451,0.95,1.1,0.5431567430496216,0.17952448516884228,2182
67,2,291,0.95,1.1,0.5797556638717651,0.194195822168031,2169
68,0,112,0.95,1.1,0.5143166184425354,0.16467905425652699,2184
69,0,127,0.95,1.1,0.6099026203155518,0.20681272163399123,2179
70,2,279,0.95,1.1,0.5568968057632446,0.18424423274977997,2192
71,3,416,0.95,1.1,0.6207473278045654,0.20658781479884375,2188
72,2,262,0.95,1.1,0.621844470500946,0.21073522053158594,2176
73,0,61,0.95,1.1,0.5595988035202026,0.1838804980654119,2210
74,3,426,0.95,1.1,0.6080864667892456,0.20896067590420883,2185
75,2,271,0.95,1.1,0.5653431415557861,0.1891274516931352,2182
76,1,253,0.95,1.1,0.6281179785728455,0.21654451876258932,2193
77,3,469,0.95,1.1,0.5513064861297607,0.18301361333796592,2174
78,0,114,0.95,1.1,0.5496434569358826,0.18100748469606873,2184
79,1,133,0.95,1.1,0.5328384637832642,0.17412276136451096,2200
80,1,146,0.95,1.1,0.6348753571510315,0.2181101372710777,2183
81,1,227,0.95,1.1,0.6189796924591064,0.2141962480134414,2174
82,1,141,0.95,1.1,0.6343383193016052,0.21791187981644153,2195
83,2,350,0.95,1.1,0.5769468545913696,0.19419619554898498,2184
84,2,372,0.95,1.1,0.5455605983734131,0.17721098827307782,2193
85,2,291,0.95,1.1,0.5921684503555298,0.20118000205845527,2196
86,1,202,0.95,1.1,0.5604506731033325,0.1874349522036248,2194
87,2,342,0.95,1.1,0.6397185325622559,0.2223628195600171,2201
88,2,302,0.95,1.1,0.6072485446929932,0.2070892218083777,2190
89,3,423,0.95,1.1,0.5426195859909058,0.17845113103880805,2199
90,0,64,0.95,1.1,0.5261580348014832,0.1673957876917151,2206
91,0,118,0.95,1.1,0.5596393942832947,0.18641825751021043,2194
92,3,437,0.95,1.1,0.6161224842071533,0.21273599651479014,2213
93,0,23,0.95,1.1,0.5590417385101318,0.1855517526766724,2207
94,0,90,0.95,1.1,0.5448092818260193,0.17956994421097813,2184
95,1,239,0.95,1.1,0.5835677981376648,0.19646367711257062,2196
96,3,507,0.95,1.1,0.6145780682563782,0.20785530676675582,2198
97,1,219,0.95,1.1,0.5815857648849487,0.19379941396605974,2179
98,0,13,0.95,1.1,0.6565619707107544,0.23075328271319714,2176
99,2,383,0.95,1.1,0.545791506767273,0.17952465959657923,2180
100,2,303,0.95,1.1,0.5622637867927551,0.186253970029681,2188
101,1,130,0.95,1.1,0.5443493127822876,0.1796488316827666,2177
102,3,392,0.95,1.1,0.5835859775543213,0.19803279841917787,2194
103,3,443,0.95,1.1,0.5878133177757263,0.19952925517319234,2194
104,3,476,0.95,1.1,0.5860061645507812,0.1984491904115128,2178
105,3,490,0.95,1.1,0.6403698921203613,0.22325081482971892,2174
106,2,281,0.95,1.1,0.564348042011261,0.18851591420165212,2154
107,1,140,0.95,1.1,0.608154833316803,0.20888641198307895,2201
108,0,69,0.95,1.1,0.5556756854057312,0.18459893060469543,2184
109,1,223,0.95,1.1,0.5258712768554688,0.17097537845533048,2181
110,2,352,0.95,1.1,0.5903097987174988,0.19948322638178928,2179
111,1,221,0.95,1.1,0.576808750629425,0.19233990033926804,2171
112,1,208,0.95,1.1,0.5473493933677673,0.18073923422126814,2202
113,0,52,0.95,1.1,0.6075729131698608,0.2076287615411093,2195
114,2,332,0.95,1.1,0.5725270509719849,0.19248265364247882,2190
115,0,7,0.95,1.1,0.5649459958076477,0.1894067347350321,2188
116,1,186,0.95,1.1,0.5332194566726685,0.17315691127464358,2192
117,3,488,0.95,1.1,0.5165557861328125,0.1676572894760938,2190
118,2,368,0.95,1.1,0.5377275347709656,0.17667744432666502,2196
119,3,464,0.95,1.1,0.5727309584617615,0.19268649689280085,2190
120,3,387,0.95,1.1,0.5308592319488525,0.17186664324415263,2202
121,2,354,0.95,1.1,0.551755964756012,0.1824992837163264,2180
122,1,211,0.95,1.1,0.5493957996368408,0.18063580649607186,2201
123,1,210,0.95,1.1,0.5770479440689087,0.1941346999214641,2188
124,1,167,0.95,1.1,0.5866138935089111,0.1980210722645914,2196
125,1,173,0.95,1.1,0.5248157978057861,0.1720627413725366,2197
126,2,362,0.95,1.1,0.5703632235527039,0.18590115479747668,2188
127,3,475,0.95,1.1,0.5558168888092041,0.18290589120701714,2191
