seed,arm,side,case,plan,chain,parent,learned_kl,single_conditional_kl,parallel_factorization_kl,identity_residual,learned_tv,oracle_tv
91003,B,2,0,sequential_row,2,302,0.00028135474898518566,0.0002813547489850094,1.392577131838673e-16,3.6979349953651444e-17,0.006111540221193718,1.8458541986565713e-16
91003,B,2,0,sequential_reverse,2,302,0.0004492844852138911,0.00044928448521393684,1.2783064422277546e-16,-1.7358397590166375e-16,0.007915702461688554,1.8084492237058214e-16
91003,B,2,0,parallel_rows,2,302,0.01094000412365086,0.00023617387655043754,0.01070383024710035,7.28583859910259e-17,0.023087865434985602,0.01791961140667262
91003,B,2,0,parallel_all,2,302,0.023029949112529362,0.000575787952810675,0.022454161159718773,-8.673617379884035e-17,0.044469414009848184,0.03469374096026502
91003,B,2,1,sequential_row,1,180,0.036346287455901266,0.036346287455901224,1.6235063596202448e-16,-1.207172725385811e-16,0.10975959128731969,9.860818758755663e-17
91003,B,2,1,sequential_reverse,1,180,0.05105183377451463,0.051051833774514464,9.245668782023586e-17,7.407676587353762e-17,0.1315676510139825,6.277530578691071e-17
91003,B,2,1,parallel_rows,1,180,0.08126805472516704,0.03861222914150218,0.042655825583664805,5.551115123125783e-17,0.12871881717782055,0.07643099063175535
91003,B,2,1,parallel_all,1,180,0.13558689180094743,0.04430881921649076,0.09127807258445662,4.163336342344337e-17,0.14572841642109802,0.12713284493992877
91003,B,2,2,sequential_row,3,477,0.020557805470560294,0.020557805470560374,3.477127354094468e-17,-1.145685534358778e-16,0.07308987473479676,1.1438332919722072e-16
91003,B,2,2,sequential_reverse,3,477,0.01433676638235766,0.014336766382357636,-1.650799004615839e-17,4.079411870983369e-17,0.0645811443538522,7.101524229780054e-17
91003,B,2,2,parallel_rows,3,477,0.105255250412852,0.015890901379448458,0.08936434903340353,1.3877787807814457e-17,0.16149712967896154,0.1425873515891449
91003,B,2,2,parallel_all,3,477,0.21076474268414375,0.014154215065067937,0.19661052761907577,2.7755575615628914e-17,0.2273540145973857,0.2083214463269998
91003,B,2,3,sequential_row,2,374,0.0087057472026187,0.00870574720261865,6.994492386929991e-17,-2.1372666541949314e-17,0.062201056080482695,8.500145032286355e-17
91003,B,2,3,sequential_reverse,2,374,0.007704121374200512,0.007704121374200366,9.013079704430275e-17,5.558597493774904e-17,0.055583831177436024,8.326672684688674e-17
91003,B,2,3,parallel_rows,2,374,0.05801342019293112,0.015357594609266266,0.042655825583664715,1.3877787807814457e-16,0.07589585977714089,0.07643099063175535
91003,B,2,3,parallel_all,2,374,0.10213528043353011,0.010857207849073508,0.0912780725844566,0.0,0.09175954552284393,0.12713284493992874
91003,B,2,4,sequential_row,0,115,0.001434019569417648,0.001434019569417448,1.392577131838673e-16,6.066916742245972e-17,0.014045632359556037,1.8458541986565713e-16
91003,B,2,4,sequential_reverse,0,115,0.0007211893706672299,0.0007211893706672509,1.2783064422277546e-16,-1.4886416636899425e-16,0.010190999520021771,1.8084492237058214e-16
91003,B,2,4,parallel_rows,0,115,0.01274265904833763,0.0020388288012371854,0.01070383024710035,9.540979117872439e-17,0.03324463217680293,0.01791961140667262
91003,B,2,4,parallel_all,0,115,0.02469189014647654,0.0022377289867579033,0.022454161159718773,-1.3530843112619095e-16,0.054492534906887796,0.03469374096026502
91003,B,2,5,sequential_row,0,91,0.0020002576693460227,0.0020002576693461714,2.1969900529805143e-16,-3.6845154336306266e-16,0.015623585172483946,1.2067170179763664e-16
91003,B,2,5,sequential_reverse,0,91,0.0012292804455197295,0.0012292804455194784,2.1969900529805143e-16,3.14022178495914e-17,0.009469691948843461,1.2067170179763664e-16
91003,B,2,5,parallel_rows,0,91,0.012848343786895092,0.002144513539794657,0.010703830247100341,9.367506770274758e-17,0.03357293701741396,0.017919611406672524
91003,B,2,5,parallel_all,0,91,0.02467933740783246,0.002225176248113574,0.022454161159718773,1.1449174941446927e-16,0.05243380268195096,0.03469374096026502
91003,B,2,6,sequential_row,1,255,0.0006770771666865091,0.0006770771666866698,2.1969900529805143e-16,-3.803777672604032e-16,0.008737525678938672,1.2067170179763664e-16
91003,B,2,6,sequential_reverse,1,255,0.00018831251746602163,0.00018831251746579688,2.1969900529805143e-16,5.0561050581936414e-18,0.0025303847645706304,1.2067170179763664e-16
91003,B,2,6,parallel_rows,1,255,0.011212327928241844,0.0005084976811416007,0.010703830247100341,-9.71445146547012e-17,0.02306400224071202,0.017919611406672524
91003,B,2,6,parallel_all,1,255,0.02263532466943325,0.0001811635097145577,0.022454161159718773,-7.979727989493313e-17,0.03897200640831958,0.03469374096026502
91003,B,2,7,sequential_row,3,503,0.003564973330990354,0.0035649733309903206,-6.386097152497738e-17,9.725439843753091e-17,0.023345078404692347,1.3509159069169385e-16
91003,B,2,7,sequential_reverse,3,503,0.001777472955203781,0.0017774729552039147,4.5363556903280127e-17,-1.7893726455349428e-16,0.016969905925101086,4.5319650809894085e-17
91003,B,2,7,parallel_rows,3,503,0.08309398640445682,0.0033993318787811397,0.0796946545256758,-1.1102230246251565e-16,0.1411382628351534,0.1393135410365498
91003,B,2,7,parallel_all,3,503,0.15133028549108338,0.0021669995863060013,0.14916328590477723,1.3877787807814457e-16,0.21699311207952468,0.20485465439154277
91003,B,3,0,sequential_row,2,302,0.0014940009849309177,0.0014940009849305192,2.7139898275843563e-16,1.271537358472358e-16,0.01810889892895972,2.726377587874388e-16
91003,B,3,0,sequential_reverse,2,302,0.0023600799697518094,0.0023600799697514655,2.7333815608125206e-16,7.057077303114995e-17,0.021685733172938475,2.563308194532419e-16
91003,B,3,0,parallel_rows,2,302,0.04699306970469533,0.001568400876852389,0.04542466882784291,3.469446951953614e-17,0.07684218423568806,0.05992572837017479
91003,B,3,0,parallel_all,2,302,0.10532083844566995,0.005255604404048953,0.10006523404162083,1.5265566588595902e-16,0.14607720530842266,0.11437973027076667
91003,B,3,1,sequential_row,1,180,0.03422264416131875,0.03422264416131811,2.8645662087327764e-16,3.5192161828618737e-16,0.1034140502197578,1.0556574400957203e-15
91003,B,3,1,sequential_reverse,1,180,0.027491524146976164,0.027491524146975845,2.8541336054876076e-16,3.377575903097175e-17,0.07939318188696212,1.0035830257862733e-15
91003,B,3,1,parallel_rows,1,180,0.15668017263273637,0.0246965849695671,0.13198358766316876,4.996003610813204e-16,0.20966613623064584,0.1506084824683627
91003,B,3,1,parallel_all,1,180,0.3333581965820907,0.020751547831543024,0.31260664875054645,1.2212453270876722e-15,0.28133588635304285,0.2498696132065591
91003,B,3,2,sequential_row,3,477,0.010400061264151092,0.010400061264150728,2.0500836705044057e-16,1.5928356290468892e-16,0.05365709897569065,1.3969537093172062e-15
91003,B,3,2,sequential_reverse,3,477,0.011545101474449676,0.011545101474449454,2.5681856919194607e-16,-3.477396426691476e-17,0.048997689922143345,3.9650618112598663e-16
91003,B,3,2,parallel_rows,3,477,0.20621221464262854,0.007344005655049992,0.19886820898757862,-8.326672684688674e-17,0.25060428854335143,0.24379989098930305
91003,B,3,2,parallel_all,3,477,0.4191959270132512,0.007684137456414615,0.411511789556837,-3.885780586188048e-16,0.26318208492183115,0.2926199311262086
91003,B,3,3,sequential_row,2,374,0.023169178260692626,0.023169178260692584,-6.009647553328655e-17,1.0172983895672992e-16,0.08831893753380425,8.321853464265491e-16
91003,B,3,3,sequential_reverse,2,374,0.013234605528032213,0.01323460552803209,-9.635053292388172e-17,2.1951589971823502e-16,0.06574097899457529,6.419539093369602e-16
91003,B,3,3,parallel_rows,2,374,0.19289770281223345,0.03840497204470168,0.15449273076753162,1.6653345369377348e-16,0.15041162597095445,0.17259757882239307
91003,B,3,3,parallel_all,2,374,0.45288010983001187,0.041368320273174275,0.4115117895568367,8.881784197001252e-16,0.28186947333862095,0.2926199311262066
91003,B,3,4,sequential_row,0,115,0.0030763206111473836,0.0030763206111471117,7.407517703470355e-17,1.9784272782466096e-16,0.023253260540280558,2.9553101952433197e-16
91003,B,3,4,sequential_reverse,0,115,0.005614469644688371,0.0056144696446883795,6.351115507755e-17,-7.218477245743404e-17,0.032214519949801915,3.0633642030910806e-16
91003,B,3,4,parallel_rows,0,115,0.07985021071490511,0.003102362818496975,0.07674784789640833,-1.942890293094024e-16,0.1093759557596999,0.09497481096339945
91003,B,3,4,parallel_all,0,115,0.17602457261607357,0.0038824969947300024,0.1721420756213437,-1.3877787807814457e-16,0.1930803802769475,0.17130040400988783
91003,B,3,5,sequential_row,0,91,0.005149818642821378,0.0051498186428212325,2.2888077031793386e-16,-8.316399833588207e-17,0.027916440532181043,7.163612588538019e-16
91003,B,3,5,sequential_reverse,0,91,0.004257621304667145,0.004257621304667212,2.696207645925929e-16,-3.3640761841769995e-16,0.025937205505201167,5.720915301655708e-16
91003,B,3,5,parallel_rows,0,91,0.05122371110869442,0.00579904228085228,0.04542466882784282,-6.800116025829084e-16,0.08613919597742101,0.059925728370173424
91003,B,3,5,parallel_all,0,91,0.11071457274650892,0.010649338704889398,0.10006523404162085,-1.3322676295501878e-15,0.1645106783913,0.11437973027076406
91003,B,3,6,sequential_row,1,255,0.004549106669879408,0.00454910666987903,1.3796205454177018e-16,2.4020766322117377e-16,0.023558035296390327,1.1729171806852533e-15
91003,B,3,6,sequential_reverse,1,255,0.001407759971683441,0.0014077599716832295,2.292504292996012e-16,-1.7831005664927852e-17,0.01575742566216946,1.6912982871453412e-15
91003,B,3,6,parallel_rows,1,255,0.07714715838549521,0.002135294503845994,0.07501186388164897,2.498001805406602e-16,0.09174027785142949,0.0916575992147839
91003,B,3,6,parallel_all,1,255,0.1741214327305908,0.001979357109246958,0.17214207562134387,-2.7755575615628914e-17,0.16208215544991017,0.1713004040098846
91003,B,3,7,sequential_row,3,503,0.0010270803351072654,0.001027080335106803,2.7139898275843563e-16,1.9090482358938346e-16,0.0146574322842512,2.726377587874388e-16
91003,B,3,7,sequential_reverse,3,503,0.0010823136535827605,0.0010823136535824253,2.7333815608125206e-16,6.189715565126591e-17,0.012676467755765081,2.563308194532419e-16
91003,B,3,7,parallel_rows,3,503,0.046753964806427885,0.0013292959785848634,0.04542466882784291,1.1796119636642288e-16,0.0718930955470128,0.05992572837017479
91003,B,3,7,parallel_all,3,503,0.10313326677399659,0.0030680327323755483,0.10006523404162083,2.0816681711721685e-16,0.1377412982647861,0.11437973027076667
