seed,arm,geometry,steps,samples,short,medium,long,m2,mc_m2
91001,A,continuous96,1024,32,0.03738157439578858,0.026337981989027252,0.07251998356607732,0.28745711438449817,0.30647997797271354
91001,A,continuous96,256,32,0.04011906830666287,0.02918669185921268,0.06899162022730966,0.2829013739103153,0.30647997797271354
91001,A,continuous96,512,32,0.029784235628866135,0.05493359500968983,0.20620245646966454,0.22952217673077996,0.30647997797271354
91001,A,held_s10_w48,1024,128,0.09112056071292106,0.18918685330971438,0.28951547884417195,0.13586637120188017,0.20154612741352598
91001,A,held_s10_w48,256,128,0.08436536062053351,0.17839299348214885,0.24874435658876898,0.14211888372162243,0.20154612741352598
91001,A,held_s10_w48,512,128,0.07966207091653056,0.18266313736443002,0.26432409750128044,0.1418861577540268,0.20154612741352598
91001,B,continuous96,1024,32,0.2358293831026581,0.03952914132924463,0.1651801658619736,0.37160434546294036,0.30647997797271354
91001,B,continuous96,256,32,0.23346660955027726,0.038507464487983305,0.12863943034210376,0.35955256002920644,0.30647997797271354
91001,B,continuous96,512,32,0.22793371213862362,0.04833378244435564,0.18504312882552137,0.3814111800841343,0.30647997797271354
91001,B,held_s10_w48,1024,128,0.5340901586951323,0.4121622216463408,0.21000132437190752,0.2500030081949116,0.20154612741352598
91001,B,held_s10_w48,256,128,0.5133798798565156,0.43939560024090657,0.298800566716988,0.2652926680482464,0.20154612741352598
91001,B,held_s10_w48,512,128,0.5280231129959044,0.44006220674466284,0.30286451716713797,0.26757572315357353,0.20154612741352598
91001,C,continuous96,1024,32,0.053776068784252215,0.04056189518011584,0.12288803459158767,0.3593690365920832,0.30647997797271354
91001,C,continuous96,256,32,0.04985392442533491,0.08886829014896278,0.1753930987196247,0.37521258106938116,0.30647997797271354
91001,C,continuous96,512,32,0.07524730877236213,0.0308130708527122,0.07378578470869145,0.34433898513699757,0.30647997797271354
91001,C,held_s10_w48,1024,128,0.3390654742352677,0.22166022946021574,0.07756226309771692,0.21696096585120686,0.20154612741352598
91001,C,held_s10_w48,256,128,0.3314618466755467,0.2571974442968692,0.15159870942228532,0.23537652875170295,0.20154612741352598
91001,C,held_s10_w48,512,128,0.33775277123072944,0.24216878825725066,0.13922417835242168,0.23229812692712853,0.20154612741352598
91002,A,continuous96,1024,32,0.035619518687407425,0.04588518055124552,0.14944124927959032,0.25637050911232273,0.30647997797271354
91002,A,continuous96,256,32,0.039016373845294654,0.1133454921003233,0.31807974574035186,0.1967546616071536,0.30647997797271354
91002,A,continuous96,512,32,0.03650194241377177,0.11733316903523429,0.3506060513852575,0.20078424318337146,0.30647997797271354
91002,A,held_s10_w48,1024,128,0.0737835768385919,0.07545937500055157,0.17058211990546332,0.18550122225726093,0.20154612741352598
91002,A,held_s10_w48,256,128,0.07611183621517238,0.08759753363662648,0.17347275431393228,0.185205559671661,0.20154612741352598
91002,A,held_s10_w48,512,128,0.08310882957923582,0.1247565527740472,0.1779984881866079,0.1727521390090754,0.20154612741352598
91002,B,continuous96,1024,32,0.14632590338634013,0.17121967156698795,0.3519109292711475,0.4361495044496324,0.30647997797271354
91002,B,continuous96,256,32,0.1447432400679768,0.14392134696314962,0.30793551800850727,0.424458016583949,0.30647997797271354
91002,B,continuous96,512,32,0.1653261840263673,0.024373420472658006,0.122644212726009,0.3530951076083713,0.30647997797271354
91002,B,held_s10_w48,1024,128,0.5612090656972615,0.5529206022926898,0.48324639853350093,0.3055616131535283,0.20154612741352598
91002,B,held_s10_w48,256,128,0.5287870852944976,0.5018640588149572,0.4206590840838803,0.29430020885703007,0.20154612741352598
91002,B,held_s10_w48,512,128,0.5766013041555459,0.5192918088082487,0.3910577829874403,0.28793785307142467,0.20154612741352598
91002,C,continuous96,1024,32,0.0398883309777454,0.09497986169517303,0.14118157511760518,0.3562270520645895,0.30647997797271354
91002,C,continuous96,256,32,0.04173204720955214,0.03720455513702272,0.054368580033070546,0.33024420708785823,0.30647997797271354
91002,C,continuous96,512,32,0.05757288852909234,0.03301008473815234,0.04110397663073468,0.29923204580942786,0.30647997797271354
91002,C,held_s10_w48,1024,128,0.346938333209083,0.3198403990303347,0.278669269841996,0.25604890894006804,0.20154612741352598
91002,C,held_s10_w48,256,128,0.3310165673110888,0.2773754321224161,0.2503513103603176,0.25317991515736527,0.20154612741352598
91002,C,held_s10_w48,512,128,0.3344979121808706,0.26311982423970653,0.1956606719879412,0.2396900035716869,0.20154612741352598
91003,A,held_s10_w48,1024,128,0.1423251233915094,0.2345764167781202,0.20474512605394227,0.15316913157333562,0.20154612741352598
91003,A,held_s10_w48,256,128,0.1644685510800667,0.2894214280747982,0.2655857343528171,0.1383642973723235,0.20154612741352598
91003,A,held_s10_w48,512,128,0.1767343343162201,0.31548823868505094,0.2513624723263761,0.13516006940676842,0.20154612741352598
91003,B,held_s10_w48,1024,128,0.5184349560647574,0.45755907982143823,0.32226618547921204,0.2768918084509579,0.20154612741352598
91003,B,held_s10_w48,256,128,0.5235164388419329,0.47707056508899176,0.3667071843724273,0.27851152420043945,0.20154612741352598
91003,B,held_s10_w48,512,128,0.5156505904165443,0.4712402289421037,0.4604202402349421,0.29335779613918733,0.20154612741352598
91003,C,held_s10_w48,1024,128,0.3396882965498734,0.2849059676578484,0.23186740334849384,0.2510611687177493,0.20154612741352598
91003,C,held_s10_w48,256,128,0.3259194273650923,0.24010664144194657,0.139677620728869,0.23046126189055266,0.20154612741352598
91003,C,held_s10_w48,512,128,0.32836027681888497,0.22333269992544233,0.20333951858817895,0.23498159573401933,0.20154612741352598
91004,A,held_s10_w48,1024,128,0.08944935987334314,0.1305389275192375,0.1749543004821029,0.16772263727070374,0.20154612741352598
91004,A,held_s10_w48,256,128,0.10101063350793303,0.17220448790494988,0.19723348231032375,0.1556394482836311,0.20154612741352598
91004,A,held_s10_w48,512,128,0.0928980643299365,0.13318312793991016,0.15701612831815603,0.1720505643773962,0.20154612741352598
91004,B,held_s10_w48,1024,128,0.519882358251284,0.45612262853231494,0.28053251541486535,0.2687576140886472,0.20154612741352598
91004,B,held_s10_w48,256,128,0.4964393751869252,0.3753907819156326,0.2022950771685203,0.24391641145871007,0.20154612741352598
91004,B,held_s10_w48,512,128,0.53495773132013,0.4759558408108841,0.3610925951657568,0.28253481711870354,0.20154612741352598
91004,C,held_s10_w48,1024,128,0.3194887884692885,0.22691685130335376,0.11220928487694681,0.2268246191519278,0.20154612741352598
91004,C,held_s10_w48,256,128,0.3140868141282655,0.1803715845778622,0.06321340140767169,0.20809715176806037,0.20154612741352598
91004,C,held_s10_w48,512,128,0.3281658502571681,0.23777836726069512,0.1569112658480924,0.23294627813645352,0.20154612741352598
91005,A,held_s10_w48,1024,128,0.2819296776393018,0.3786609307019793,0.29618329497000967,0.12829996627054097,0.20154612741352598
91005,A,held_s10_w48,256,128,0.27784103950866484,0.3896467556290625,0.3019199397963099,0.12551722703156648,0.20154612741352598
91005,A,held_s10_w48,512,128,0.2557701251455469,0.3608892316488205,0.2704265457312131,0.13255391886204848,0.20154612741352598
91005,B,held_s10_w48,1024,128,0.4847124848081676,0.3794197858026045,0.25427613328284515,0.25514898771121175,0.20154612741352598
91005,B,held_s10_w48,256,128,0.49439299590441943,0.4198393772775791,0.277001666202403,0.2627133204613203,0.20154612741352598
91005,B,held_s10_w48,512,128,0.5045789463115269,0.4313190120408578,0.3021300676618064,0.2728958895177017,0.20154612741352598
91005,C,held_s10_w48,1024,128,0.3132565186913877,0.19748855696221568,0.07954053941081131,0.21587770367846076,0.20154612741352598
91005,C,held_s10_w48,256,128,0.31091579723031904,0.19147715552828062,0.06401639858168941,0.21062691417741186,0.20154612741352598
91005,C,held_s10_w48,512,128,0.335924067239055,0.23604624320013035,0.10639707394397178,0.2257818822507505,0.20154612741352598
91006,A,held_s10_w48,1024,128,0.026957553205617546,0.12291165671990865,0.3786742314807853,0.2521421526685173,0.20154612741352598
91006,A,held_s10_w48,256,128,0.04614629146103568,0.07345607738958905,0.3083797164750339,0.23813135241284783,0.20154612741352598
91006,A,held_s10_w48,512,128,0.06384386558644019,0.04999843820721595,0.26091138309467016,0.22649042694656937,0.20154612741352598
91006,B,held_s10_w48,1024,128,0.5276689601393876,0.45819522508561433,0.339651064965451,0.27414692184071476,0.20154612741352598
91006,B,held_s10_w48,256,128,0.5535103580099694,0.5636256308991962,0.48016409333239074,0.30951172039832603,0.20154612741352598
91006,B,held_s10_w48,512,128,0.5314820227262865,0.4854392032165419,0.29586371768654507,0.268993153984164,0.20154612741352598
91006,C,held_s10_w48,1024,128,0.31973554445554075,0.21679542304814814,0.111040256412453,0.22428084008487653,0.20154612741352598
91006,C,held_s10_w48,256,128,0.3328607502396205,0.2803365683010096,0.19691551702348567,0.2488530359150451,0.20154612741352598
91006,C,held_s10_w48,512,128,0.3147747237335504,0.24317325558390449,0.11614537017756087,0.22440883259714386,0.20154612741352598
