step,t,mode,sample,n_query,visible,parent,chain,js,abs_probability_change,entropy,teacher_ce
1,0.999962329864502,on_policy,0,64,0,368,2,0.0,0.0,0.6930957436561584,nan
1,0.999962329864502,on_policy,1,64,0,496,3,0.0,0.0,0.6930957436561584,nan
1,0.999962329864502,on_policy,2,64,1,624,4,0.0020372411236166954,0.060380659997463226,0.6926255226135254,nan
1,0.999962329864502,on_policy,3,64,1,752,5,0.0012979694874957204,0.049441128969192505,0.6927114129066467,nan
1,0.999962329864502,teacher_mc,0,64,0,368,2,0.0,0.0,0.6930957436561584,0.6881325840950012
1,0.999962329864502,teacher_mc,1,64,0,496,3,0.0,0.0,0.6930957436561584,0.7011139988899231
1,0.999962329864502,teacher_mc,2,64,1,624,4,0.006200480740517378,0.10842826217412949,0.6929852962493896,0.6857147067785263
1,0.999962329864502,teacher_mc,3,64,1,752,5,0.0043455855920910835,0.09097431600093842,0.6930707693099976,0.6859673084691167
32,0.9619397521018982,on_policy,0,64,361,368,2,0.0004596326616592705,0.017031803727149963,0.42346101999282837,nan
32,0.9619397521018982,on_policy,1,64,335,496,3,0.00041498042992316186,0.016022181138396263,0.46720024943351746,nan
32,0.9619397521018982,on_policy,2,64,369,624,4,0.00035667858901433647,0.014277356676757336,0.4395328462123871,nan
32,0.9619397521018982,on_policy,3,64,354,752,5,0.0005242995684966445,0.016698885709047318,0.42884814739227295,nan
32,0.9619397521018982,teacher_mc,0,64,361,368,2,0.0007361073512583971,0.022657720372080803,0.4728816747665405,0.5722310099517927
32,0.9619397521018982,teacher_mc,1,64,335,496,3,0.0003163929795846343,0.014584507793188095,0.46840786933898926,0.5459158583544195
32,0.9619397521018982,teacher_mc,2,64,369,624,4,0.000302127911709249,0.014388030394911766,0.4519697427749634,0.5631137973396108
32,0.9619397521018982,teacher_mc,3,64,354,752,5,0.0004863870854023844,0.013561301864683628,0.39656293392181396,0.31536574370693415
64,0.8535534143447876,on_policy,0,64,1327,368,2,0.0010035780724138021,0.022823791950941086,0.36993980407714844,nan
64,0.8535534143447876,on_policy,1,64,1383,496,3,0.0012618625769391656,0.025565030053257942,0.3922909200191498,nan
64,0.8535534143447876,on_policy,2,64,1316,624,4,0.0014552550856024027,0.028137527406215668,0.3620678782463074,nan
64,0.8535534143447876,on_policy,3,64,1311,752,5,0.0009869977366179228,0.023558393120765686,0.36446964740753174,nan
64,0.8535534143447876,teacher_mc,0,64,1327,368,2,0.0011802520602941513,0.025159556418657303,0.3942393958568573,0.35983838519314304
64,0.8535534143447876,teacher_mc,1,64,1383,496,3,0.0012872887309640646,0.029845096170902252,0.409355103969574,0.48655178857734427
64,0.8535534143447876,teacher_mc,2,64,1316,624,4,0.0010913489386439323,0.025951135903596878,0.40327388048171997,0.3666384706739336
64,0.8535534143447876,teacher_mc,3,64,1311,752,5,0.0004884632653556764,0.014871529303491116,0.3411805331707001,0.15868449391564354
128,0.5,on_policy,0,64,4595,368,2,0.0006964034400880337,0.019096923992037773,0.3187944293022156,nan
128,0.5,on_policy,1,64,4583,496,3,0.0006015787948854268,0.01820932701230049,0.31050360202789307,nan
128,0.5,on_policy,2,64,4648,624,4,0.0006919779116287827,0.018265604972839355,0.2925141155719757,nan
128,0.5,on_policy,3,64,4626,752,5,0.0007115964544937015,0.018761152401566505,0.3387112021446228,nan
128,0.5,teacher_mc,0,64,4595,368,2,0.0005381894297897816,0.01586306281387806,0.3385178744792938,0.29860006854869425
128,0.5,teacher_mc,1,64,4583,496,3,0.00044726667692884803,0.013498342595994473,0.2979712188243866,0.2874836412956938
128,0.5,teacher_mc,2,64,4648,624,4,0.000505570147652179,0.01739112101495266,0.33504438400268555,0.23165216046618298
128,0.5,teacher_mc,3,64,4626,752,5,0.0009138576569966972,0.02141265571117401,0.3183436989784241,0.3543960843817331
192,0.1464466154575348,on_policy,0,64,7881,368,2,0.00010860572365345433,0.006550515070557594,0.256794810295105,nan
192,0.1464466154575348,on_policy,1,64,7874,496,3,0.00014115910744294524,0.006955698132514954,0.2671869099140167,nan
192,0.1464466154575348,on_policy,2,64,7836,624,4,0.0001832130365073681,0.007876883260905743,0.2747398912906647,nan
192,0.1464466154575348,on_policy,3,64,7893,752,5,0.0002373795723542571,0.009056033566594124,0.32169002294540405,nan
192,0.1464466154575348,teacher_mc,0,64,7881,368,2,0.0002744301746133715,0.01035050954669714,0.2689952254295349,0.19878909367253073
192,0.1464466154575348,teacher_mc,1,64,7874,496,3,0.0002548508928157389,0.01024538278579712,0.2907685339450836,0.3565404284163378
192,0.1464466154575348,teacher_mc,2,64,7836,624,4,0.00027575279818847775,0.012127462774515152,0.36795175075531006,0.22470679046818987
192,0.1464466154575348,teacher_mc,3,64,7893,752,5,0.0002071253547910601,0.008689027279615402,0.30118393898010254,0.3108408297994174
240,0.009999999776482582,on_policy,0,64,9152,368,2,0.0,0.0,0.2808590233325958,nan
240,0.009999999776482582,on_policy,1,64,9137,496,3,6.178491275932174e-06,0.0013744889292865992,0.256760835647583,nan
240,0.009999999776482582,on_policy,2,64,9133,624,4,3.298820502095623e-06,0.0009947733487933874,0.264253169298172,nan
240,0.009999999776482582,on_policy,3,64,9116,752,5,1.2907266864203848e-05,0.0017920815153047442,0.252128928899765,nan
240,0.009999999776482582,teacher_mc,0,64,9152,368,2,0.0,0.0,0.23076018691062927,0.23059634148376063
240,0.009999999776482582,teacher_mc,1,64,9137,496,3,2.6379391329101054e-06,0.001014415523968637,0.3013255000114441,0.26800967543385923
240,0.009999999776482582,teacher_mc,2,64,9133,624,4,2.3404863895848393e-06,0.0009135623695328832,0.29706647992134094,0.2912849916901905
240,0.009999999776482582,teacher_mc,3,64,9116,752,5,1.1851174349430948e-05,0.002158538904041052,0.293698787689209,0.23342386525473557
