block,contrast,metric,estimate,ci_low,ci_high
8,T1_minus_T0,matched_continuous48/natural/sequential_kl,-0.007073989341366147,-0.011175970165108158,-0.003756255015441062
8,T1_minus_T0,matched_continuous48/natural/parallel_kl,-0.009811144378762113,-0.016497833621037954,-0.004052550738321835
8,T1_minus_T0,matched_continuous48/natural/oracle_parallel_kl,0.0,0.0,0.0
8,T1_minus_T0,matched_continuous48/natural/marginal_kl,-0.009811144378762113,-0.01649783362103795,-0.00405255073832184
8,T1_minus_T0,matched_continuous48/natural/order_tv,-0.008673983934900209,-0.014662700851093325,-0.0031517485498073817
8,T1_minus_T0,matched_continuous48/natural/geometry_probability_mae,-0.021228086818631267,-0.03380678674191085,-0.012301416370155895
8,T1_minus_T0,matched_continuous48/natural/response_rmse,-0.03187826011616942,-0.045086274537510386,-0.019379150699573404
8,T1_minus_T0,matched_continuous96/natural/sequential_kl,-0.10270282464505431,-0.1323987756149823,-0.07584963678527253
8,T1_minus_T0,matched_continuous96/natural/parallel_kl,-0.1158377616545976,-0.14730412386966577,-0.08684126281505206
8,T1_minus_T0,matched_continuous96/natural/oracle_parallel_kl,0.0,0.0,0.0
8,T1_minus_T0,matched_continuous96/natural/marginal_kl,-0.1158377616545976,-0.1473041238696658,-0.08684126281505204
8,T1_minus_T0,matched_continuous96/natural/order_tv,-0.02244218059372161,-0.026294829427008764,-0.01929727218213684
8,T1_minus_T0,matched_continuous96/natural/geometry_probability_mae,-0.06446349600373515,-0.09259607748936381,-0.0362695894726629
8,T1_minus_T0,matched_continuous96/natural/response_rmse,-0.17001545573458127,-0.24742291390993443,-0.091045664525702
8,T1_minus_T0,matched_continuous128/natural/sequential_kl,-0.1616603608057318,-0.18839359169688027,-0.13540236959640117
8,T1_minus_T0,matched_continuous128/natural/parallel_kl,-0.1521442957700637,-0.17744998421919272,-0.12690548623728437
8,T1_minus_T0,matched_continuous128/natural/oracle_parallel_kl,0.0,0.0,0.0
8,T1_minus_T0,matched_continuous128/natural/marginal_kl,-0.1521442957700637,-0.1774499842191927,-0.12690548623728443
8,T1_minus_T0,matched_continuous128/natural/order_tv,0.014905343844550742,0.012330619254957863,0.017206262241413237
8,T1_minus_T0,matched_continuous128/natural/geometry_probability_mae,-0.09735666286097847,-0.11724356088290862,-0.07495594703094836
8,T1_minus_T0,matched_continuous128/natural/response_rmse,-0.2519604177103095,-0.3027659326474574,-0.1925345378347353
8,T1_minus_T0,unequal_distance_w48/natural/sequential_kl,-0.009670579572673295,-0.014701850277753423,-0.004846987873909304
8,T1_minus_T0,unequal_distance_w48/natural/parallel_kl,-0.010673826754557247,-0.017441040908586204,-0.0037892288629619787
8,T1_minus_T0,unequal_distance_w48/natural/oracle_parallel_kl,0.0,0.0,0.0
8,T1_minus_T0,unequal_distance_w48/natural/marginal_kl,-0.010673826754557254,-0.017441040908586183,-0.003789228862961976
8,T1_minus_T0,unequal_distance_w48/natural/order_tv,-0.0021760849815275693,-0.008462511559661516,0.0036873301036661685
8,T1_minus_T0,unequal_distance_w48/natural/geometry_probability_mae,-0.01421871068574388,-0.019257896095335705,-0.008373634073790501
8,T1_minus_T0,unequal_distance_w48/natural/response_rmse,-0.023816499845091516,-0.03834431659239748,-0.009367949540875713
8,T1_minus_T0,matched_continuous48/common/sequential_kl,-0.006248883038315594,-0.01049489511636637,-0.0031983425762332333
8,T1_minus_T0,matched_continuous48/common/parallel_kl,-0.008160931772660997,-0.014815268331640518,-0.002881359712641821
8,T1_minus_T0,matched_continuous48/common/oracle_parallel_kl,0.0,0.0,0.0
8,T1_minus_T0,matched_continuous48/common/marginal_kl,-0.008160931772661,-0.014815268331640501,-0.0028813597126418097
8,T1_minus_T0,matched_continuous48/common/order_tv,-0.004542206600022938,-0.0098112765335003,0.00022924269732255433
8,T1_minus_T0,matched_continuous48/common/geometry_probability_mae,-0.021228086818631267,-0.03380678674191085,-0.012301416370155895
8,T1_minus_T0,matched_continuous48/common/response_rmse,-0.03187826011616942,-0.045086274537510386,-0.019379150699573404
8,T1_minus_T0,matched_continuous96/common/sequential_kl,-0.09082551629528984,-0.1124520131777791,-0.07007102565606353
8,T1_minus_T0,matched_continuous96/common/parallel_kl,-0.10505199889223937,-0.12981623166179582,-0.08132289153257863
8,T1_minus_T0,matched_continuous96/common/oracle_parallel_kl,0.0,0.0,0.0
8,T1_minus_T0,matched_continuous96/common/marginal_kl,-0.10505199889223935,-0.12981623166179584,-0.0813228915325786
8,T1_minus_T0,matched_continuous96/common/order_tv,-0.02561350235096899,-0.02967762249234371,-0.021549782811877107
8,T1_minus_T0,matched_continuous96/common/geometry_probability_mae,-0.05664742664228195,-0.08045017632960559,-0.032453404914045185
8,T1_minus_T0,matched_continuous96/common/response_rmse,-0.14955470678093968,-0.21541685855797318,-0.0821987465212538
8,T1_minus_T0,matched_continuous128/common/sequential_kl,-0.15396842136846836,-0.17805545006772833,-0.13025718968150615
8,T1_minus_T0,matched_continuous128/common/parallel_kl,-0.14618825160188698,-0.1696770677686539,-0.12276100442788206
8,T1_minus_T0,matched_continuous128/common/oracle_parallel_kl,0.0,0.0,0.0
8,T1_minus_T0,matched_continuous128/common/marginal_kl,-0.14618825160188698,-0.16967706776865396,-0.12276100442788208
8,T1_minus_T0,matched_continuous128/common/order_tv,0.013291625033784494,0.010746311065793332,0.015627667679065337
8,T1_minus_T0,matched_continuous128/common/geometry_probability_mae,-0.0931533474114255,-0.11238591671359993,-0.07117063450013608
8,T1_minus_T0,matched_continuous128/common/response_rmse,-0.2415169238439007,-0.29161214125235135,-0.184391479030128
8,T1_minus_T0,unequal_distance_w48/common/sequential_kl,-0.008980631336537218,-0.01402567490726974,-0.004346357508753648
8,T1_minus_T0,unequal_distance_w48/common/parallel_kl,-0.00929393028228509,-0.015900981150229046,-0.00276367966725273
8,T1_minus_T0,unequal_distance_w48/common/oracle_parallel_kl,0.0,0.0,0.0
8,T1_minus_T0,unequal_distance_w48/common/marginal_kl,-0.009293930282285093,-0.01590098115022906,-0.00276367966725272
8,T1_minus_T0,unequal_distance_w48/common/order_tv,0.0006764165859650985,-0.004150454090050507,0.005547114992556511
8,T1_minus_T0,unequal_distance_w48/common/geometry_probability_mae,-0.01421871068574388,-0.019257896095335705,-0.008373634073790501
8,T1_minus_T0,unequal_distance_w48/common/response_rmse,-0.023816499845091516,-0.03834431659239748,-0.009367949540875713
8,T1_minus_T0,w128_k8/CE,-0.07757995476439056,-0.09678842687261205,-0.05947867515100229
8,T1_minus_T0,w128_k32/CE,-0.005205083467006433,-0.008107412626451187,-0.0022697234782583496
8,T1_minus_T0,w128_t05/CE,0.00031053593382335265,-4.523359726033155e-05,0.0006806967207001177
8,T1_minus_T0,w128_t095/CE,0.0005104118946349656,-0.00010354392149216074,0.0012551432615683254
8,T1_minus_T0,w48_t05/CE,0.00012576974553063502,-2.4442350555324563e-05,0.00030927962437374696
8,T1_minus_T0,w48_t095/CE,0.00016585174464278651,-8.306745584553688e-05,0.00042940101386354653
8,T1_minus_T0,continuous128/G_1_8_NRMSE,-0.015421799288106053,-0.029676983126945087,0.0004888372169727043
8,T1_minus_T0,continuous128/G_9_48_NRMSE,-0.09262564161255288,-0.15464996154733507,-0.0029195462605430345
8,T1_minus_T0,continuous128/G_49_64_NRMSE,-0.22474255206973176,-0.2996970563876197,-0.09911242065975141
8,T1_minus_T0,continuous128/m_bias,0.05647420883178711,-0.05485770304997763,0.16270824273427326
8,T1_minus_T0,continuous128/m2_bias,0.06769254083822793,0.04722592363298948,0.08605496976476083
8,T1_minus_T0,continuous128/abs_m_bias,0.08039236068725586,0.05330004692077637,0.10616006851196289
8,T1_minus_T0,continuous128/energy_bias,0.0008623418532644304,-0.0008889005565893818,0.002757080959209943
8,T1_minus_T0,continuous96/G_1_8_NRMSE,-0.0161334340006179,-0.02550776112572532,-0.0011179505108959219
8,T1_minus_T0,continuous96/G_9_24_NRMSE,-0.055048676322180135,-0.09292775631579892,0.007740042062965533
8,T1_minus_T0,continuous96/G_25_48_NRMSE,-0.117351103328656,-0.16514106902875403,-0.013696612829988334
8,T1_minus_T0,continuous96/m_bias,0.01652470341435185,-0.03069636027018231,0.07004627651638455
8,T1_minus_T0,continuous96/m2_bias,0.04530573087464637,0.03186151823757118,0.06302383079388996
8,T1_minus_T0,continuous96/abs_m_bias,0.05206637912326387,0.0350354653817636,0.07289047241210939
8,T1_minus_T0,continuous96/energy_bias,-0.0004168951023392018,-0.002269015842013901,0.0013206437317251625
8,T1_minus_T0,continuous48/G_1_8_NRMSE,-0.0026981871514278333,-0.015884034278963084,0.01256332221724194
8,T1_minus_T0,continuous48/G_9_24_NRMSE,-0.012609204259505485,-0.04231164225383136,0.03970064287014523
8,T1_minus_T0,continuous48/G_1_24_NRMSE,-0.008899282051934292,-0.03100543105689128,0.02846562263025134
8,T1_minus_T0,continuous48/m_bias,0.017010724103009238,-0.014338344997829836,0.05864489520037616
8,T1_minus_T0,continuous48/m2_bias,-0.004544990052902154,-0.022109175856711925,0.011527448475606165
8,T1_minus_T0,continuous48/abs_m_bias,-0.00376383463541664,-0.024956201623987293,0.015887564199942163
8,T1_minus_T0,continuous48/energy_bias,0.0009361609781323539,-0.0018863759142287208,0.003383454307033136
8,T1_minus_T0,held_s10_w48/G_10_30_NRMSE,-0.05270810333762434,-0.08615133024056061,-0.012208304663990215
8,T1_minus_T0,held_s10_w48/G_40_120_NRMSE,-0.08212612022580085,-0.18532703222480962,0.030838052811924345
8,T1_minus_T0,held_s10_w48/G_130_470_NRMSE,-0.029600598421708618,-0.177118503636039,0.11813537849399279
8,T1_minus_T0,held_s10_w48/m_bias,0.07078495732060185,0.008040534125434018,0.13044105812355322
8,T1_minus_T0,held_s10_w48/m2_bias,0.049134433024214094,0.0284574310965989,0.06744776507954539
8,T1_minus_T0,held_s10_w48/abs_m_bias,0.06312165436921295,0.029513888888888888,0.09377328378182866
8,T1_minus_T0,held_s10_w48/energy_bias,-0.01960281841016548,-0.026098228797281298,-0.012610642453457445
8,T2_minus_T1,matched_continuous48/natural/sequential_kl,-0.0009326435752090422,-0.0012507207814215259,-0.0006408186879935278
8,T2_minus_T1,matched_continuous48/natural/parallel_kl,-0.0019703155545006436,-0.0025272205668647138,-0.001458783790591598
8,T2_minus_T1,matched_continuous48/natural/oracle_parallel_kl,0.0,0.0,0.0
8,T2_minus_T1,matched_continuous48/natural/marginal_kl,-0.0019703155545006488,-0.0025272205668647025,-0.0014587837905915917
8,T2_minus_T1,matched_continuous48/natural/order_tv,-0.0032730494646371587,-0.006347827096519546,-0.00068886763273035
8,T2_minus_T1,matched_continuous48/natural/geometry_probability_mae,-0.003536219959796614,-0.005384100391379778,-0.0012063070798107789
8,T2_minus_T1,matched_continuous48/natural/response_rmse,-0.004069579418141237,-0.008180592796326795,-0.00021958765829870205
8,T2_minus_T1,matched_continuous96/natural/sequential_kl,-0.00027901591691114583,-0.0005218104960324967,-1.9189456293413696e-05
8,T2_minus_T1,matched_continuous96/natural/parallel_kl,-0.0004492730255754515,-0.0008220886637594994,-1.5628564596933083e-05
8,T2_minus_T1,matched_continuous96/natural/oracle_parallel_kl,0.0,0.0,0.0
8,T2_minus_T1,matched_continuous96/natural/marginal_kl,-0.00044927302557544674,-0.0008220886637595035,-1.562856459692572e-05
8,T2_minus_T1,matched_continuous96/natural/order_tv,-0.0029029069499822164,-0.004014922019724983,-0.0017215695374120244
8,T2_minus_T1,matched_continuous96/natural/geometry_probability_mae,0.00064911179129706,-0.0034721875057650044,0.005552543862055562
8,T2_minus_T1,matched_continuous96/natural/response_rmse,-0.004005202230476644,-0.012918992784426538,0.004668521515294997
8,T2_minus_T1,matched_continuous128/natural/sequential_kl,0.0024730100487278753,-0.0005549276375067399,0.004939148332825504
8,T2_minus_T1,matched_continuous128/natural/parallel_kl,0.0035617650119820488,-0.0005539481034478158,0.007063509623730026
8,T2_minus_T1,matched_continuous128/natural/oracle_parallel_kl,0.0,0.0,0.0
8,T2_minus_T1,matched_continuous128/natural/marginal_kl,0.003561765011982054,-0.0005539481034478089,0.007063509623730033
8,T2_minus_T1,matched_continuous128/natural/order_tv,0.000443221916223778,-0.0022276993650954223,0.00363832609112291
8,T2_minus_T1,matched_continuous128/natural/geometry_probability_mae,0.007906838764158552,0.00450695059870697,0.01099288687508989
8,T2_minus_T1,matched_continuous128/natural/response_rmse,0.02244181235225167,0.012329656467273622,0.03247309677932449
8,T2_minus_T1,unequal_distance_w48/natural/sequential_kl,-0.0008706011638932075,-0.0011300075858014236,-0.0005948954831013955
8,T2_minus_T1,unequal_distance_w48/natural/parallel_kl,-0.0015906180482561094,-0.00190364147633625,-0.0012675956998041416
8,T2_minus_T1,unequal_distance_w48/natural/oracle_parallel_kl,0.0,0.0,0.0
8,T2_minus_T1,unequal_distance_w48/natural/marginal_kl,-0.0015906180482561129,-0.001903641476336241,-0.001267595699804164
8,T2_minus_T1,unequal_distance_w48/natural/order_tv,-0.002270776427026503,-0.0033212052654333912,-0.0012954057014066742
8,T2_minus_T1,unequal_distance_w48/natural/geometry_probability_mae,-0.006393629987817805,-0.00891076789677435,-0.003613422198607728
8,T2_minus_T1,unequal_distance_w48/natural/response_rmse,-0.0053279722181504875,-0.008427991640155652,-0.0019046802950578269
8,T2_minus_T1,matched_continuous48/common/sequential_kl,-0.0009699137436832389,-0.0012716459101967683,-0.0006778122142161789
8,T2_minus_T1,matched_continuous48/common/parallel_kl,-0.002044855891449038,-0.002565523038178736,-0.0015799530404126774
8,T2_minus_T1,matched_continuous48/common/oracle_parallel_kl,0.0,0.0,0.0
8,T2_minus_T1,matched_continuous48/common/marginal_kl,-0.002044855891449043,-0.0025655230381787467,-0.0015799530404126886
8,T2_minus_T1,matched_continuous48/common/order_tv,-0.0023571778775372774,-0.005066244033829676,0.00015186404209956793
8,T2_minus_T1,matched_continuous48/common/geometry_probability_mae,-0.003536219959796614,-0.005384100391379778,-0.0012063070798107789
8,T2_minus_T1,matched_continuous48/common/response_rmse,-0.004069579418141237,-0.008180592796326795,-0.00021958765829870205
8,T2_minus_T1,matched_continuous96/common/sequential_kl,-0.00026226895437996803,-0.0004426280954053082,-6.695140161411713e-05
8,T2_minus_T1,matched_continuous96/common/parallel_kl,-0.00043274891029849993,-0.0007604421159615899,-2.5540272376496252e-05
8,T2_minus_T1,matched_continuous96/common/oracle_parallel_kl,0.0,0.0,0.0
8,T2_minus_T1,matched_continuous96/common/marginal_kl,-0.00043274891029849104,-0.0007604421159615802,-2.5540272376485647e-05
8,T2_minus_T1,matched_continuous96/common/order_tv,-0.00256666662248114,-0.003480316699196565,-0.0015660580733079625
8,T2_minus_T1,matched_continuous96/common/geometry_probability_mae,0.0007101655196756936,-0.0033165215653446945,0.005926181610547711
8,T2_minus_T1,matched_continuous96/common/response_rmse,-0.0031857681453274535,-0.011805476612092611,0.005339483319666931
8,T2_minus_T1,matched_continuous128/common/sequential_kl,0.0023710951044695946,-0.00041695387584381855,0.004648918443229702
8,T2_minus_T1,matched_continuous128/common/parallel_kl,0.003457114125615182,-0.00032150371714838327,0.0067230934316025006
8,T2_minus_T1,matched_continuous128/common/oracle_parallel_kl,0.0,0.0,0.0
8,T2_minus_T1,matched_continuous128/common/marginal_kl,0.003457114125615182,-0.0003215037171483831,0.0067230934316024945
8,T2_minus_T1,matched_continuous128/common/order_tv,0.000747356479039174,-0.0018487141936627575,0.0038270557460610252
8,T2_minus_T1,matched_continuous128/common/geometry_probability_mae,0.007782147278194731,0.00482098154785288,0.01069866702929262
8,T2_minus_T1,matched_continuous128/common/response_rmse,0.022087047145800988,0.013658781811578686,0.029608311705387618
8,T2_minus_T1,unequal_distance_w48/common/sequential_kl,-0.0008262946381977542,-0.0010448122961391059,-0.0005903695890964479
8,T2_minus_T1,unequal_distance_w48/common/parallel_kl,-0.0015020049968652027,-0.0017714676726793839,-0.0012062788431159654
8,T2_minus_T1,unequal_distance_w48/common/oracle_parallel_kl,0.0,0.0,0.0
8,T2_minus_T1,unequal_distance_w48/common/marginal_kl,-0.001502004996865201,-0.0017714676726793546,-0.001206278843115972
8,T2_minus_T1,unequal_distance_w48/common/order_tv,-0.0015150850059204544,-0.00249831496775672,-0.0005632639828511105
8,T2_minus_T1,unequal_distance_w48/common/geometry_probability_mae,-0.006393629987817805,-0.00891076789677435,-0.003613422198607728
8,T2_minus_T1,unequal_distance_w48/common/response_rmse,-0.0053279722181504875,-0.008427991640155652,-0.0019046802950578269
8,T2_minus_T1,w128_k8/CE,2.9501349465055338e-05,-0.0009637965891142991,0.0009371457391745094
8,T2_minus_T1,w128_k32/CE,-5.9093237647078745e-05,-0.0005296430156021229,0.0005208743680601521
8,T2_minus_T1,w128_t05/CE,-6.713614600012408e-05,-0.0001780234810239728,3.003597418667482e-05
8,T2_minus_T1,w128_t095/CE,-7.039329223945678e-05,-0.00022871667413983248,7.847603181587587e-05
8,T2_minus_T1,w48_t05/CE,-8.486618332081974e-06,-6.278354059831015e-05,4.748496964140508e-05
8,T2_minus_T1,w48_t095/CE,-5.0148631141555544e-05,-0.00015823340652397212,6.058179498132641e-05
8,T2_minus_T1,continuous128/G_1_8_NRMSE,-0.0004310121872380217,-0.005945313980937661,0.005026019674338371
8,T2_minus_T1,continuous128/G_9_48_NRMSE,0.021277087980712192,-0.003584660317100701,0.0433870071684196
8,T2_minus_T1,continuous128/G_49_64_NRMSE,0.02301460159223495,-0.018517705700221505,0.06253857439666967
8,T2_minus_T1,continuous128/m_bias,0.009079933166503906,-0.015516181786855062,0.03660270770390828
8,T2_minus_T1,continuous128/m2_bias,0.00853040247845153,-0.0001160761748906223,0.017831710444685688
8,T2_minus_T1,continuous128/abs_m_bias,0.009852091471354166,-0.0010152538617451972,0.021924102306365968
8,T2_minus_T1,continuous128/energy_bias,-0.0028281224368438274,-0.004037589726485625,-0.0016692033902866888
8,T2_minus_T1,continuous96/G_1_8_NRMSE,-0.0018475911931701457,-0.006361483731039413,0.004816633944729724
8,T2_minus_T1,continuous96/G_9_24_NRMSE,0.003772563520835562,-0.014307148416268463,0.02050469617578808
8,T2_minus_T1,continuous96/G_25_48_NRMSE,0.011776738738447451,-0.025427099718912667,0.03569093420036547
8,T2_minus_T1,continuous96/m_bias,-0.006835937499999994,-0.027074107417353874,0.007489140828450511
8,T2_minus_T1,continuous96/m2_bias,0.004551054273613177,-0.0051520590919526136,0.013444617813751997
8,T2_minus_T1,continuous96/abs_m_bias,0.004423918547453701,-0.006543378476743333,0.013951902036313699
8,T2_minus_T1,continuous96/energy_bias,-0.0015091031615497297,-0.002739043654057021,-0.00029126262107088084
8,T2_minus_T1,continuous48/G_1_8_NRMSE,0.0005281273502756728,-0.004463265534295408,0.007289459246381405
8,T2_minus_T1,continuous48/G_9_24_NRMSE,0.004929204741510124,-0.012461762801793497,0.020239833458071933
8,T2_minus_T1,continuous48/G_1_24_NRMSE,0.0031742595567762835,-0.008796146001118462,0.015100948751816516
8,T2_minus_T1,continuous48/m_bias,0.003406665943287056,-0.017696069788049763,0.02347253870081015
8,T2_minus_T1,continuous48/m2_bias,-0.0020175019409430887,-0.00991239631126936,0.004667672257364536
8,T2_minus_T1,continuous48/abs_m_bias,-0.0032393844039352304,-0.013404054994936354,0.005365950972945658
8,T2_minus_T1,continuous48/energy_bias,-0.00021470523049640054,-0.0013507383089539594,0.0011983091385934382
8,T2_minus_T1,held_s10_w48/G_10_30_NRMSE,-0.0015301350171759986,-0.007724970387426049,0.004342273595078817
8,T2_minus_T1,held_s10_w48/G_40_120_NRMSE,-0.005959733621080515,-0.01947488413328589,0.014223591966578178
8,T2_minus_T1,held_s10_w48/G_130_470_NRMSE,0.005136515590256102,-0.017680912717755657,0.03028075717045893
8,T2_minus_T1,held_s10_w48/m_bias,-0.010936595775462965,-0.04145643446180556,0.016566636827256957
8,T2_minus_T1,held_s10_w48/m2_bias,0.0018455050119156836,-0.0035781232908429546,0.007876631948682995
8,T2_minus_T1,held_s10_w48/abs_m_bias,0.0027126736111111336,-0.005893792046440937,0.01112416585286458
8,T2_minus_T1,held_s10_w48/energy_bias,0.0009303893321513015,-0.0011902288342198488,0.0031495006371897167
8,T2_minus_T0,matched_continuous48/natural/sequential_kl,-0.00800663291657519,-0.012213047480367669,-0.00479702830837229
8,T2_minus_T0,matched_continuous48/natural/parallel_kl,-0.011781459933262756,-0.01879342054108065,-0.006212008148913712
8,T2_minus_T0,matched_continuous48/natural/oracle_parallel_kl,0.0,0.0,0.0
8,T2_minus_T0,matched_continuous48/natural/marginal_kl,-0.011781459933262762,-0.018793420541080647,-0.006212008148913713
8,T2_minus_T0,matched_continuous48/natural/order_tv,-0.011947033399537368,-0.019942765739879617,-0.0042418114575644835
8,T2_minus_T0,matched_continuous48/natural/geometry_probability_mae,-0.024764306778427878,-0.03651894044388978,-0.015583265731353647
8,T2_minus_T0,matched_continuous48/natural/response_rmse,-0.03594783953431066,-0.04941438876276626,-0.022282833157373966
8,T2_minus_T0,matched_continuous96/natural/sequential_kl,-0.10298184056196545,-0.13248264070389026,-0.07636763621350727
8,T2_minus_T0,matched_continuous96/natural/parallel_kl,-0.11628703468017304,-0.14774245488478305,-0.08728021421224226
8,T2_minus_T0,matched_continuous96/natural/oracle_parallel_kl,0.0,0.0,0.0
8,T2_minus_T0,matched_continuous96/natural/marginal_kl,-0.11628703468017305,-0.1477424548847831,-0.08728021421224225
8,T2_minus_T0,matched_continuous96/natural/order_tv,-0.025345087543703827,-0.02829489098208763,-0.022917053299788243
8,T2_minus_T0,matched_continuous96/natural/geometry_probability_mae,-0.06381438421243808,-0.08776372691686,-0.03918240870027243
8,T2_minus_T0,matched_continuous96/natural/response_rmse,-0.17402065796505792,-0.24246598803517863,-0.10458613975366399
8,T2_minus_T0,matched_continuous128/natural/sequential_kl,-0.1591873507570039,-0.18580727984385734,-0.13245656053695198
8,T2_minus_T0,matched_continuous128/natural/parallel_kl,-0.14858253075808164,-0.1739184557181528,-0.12197426762843323
8,T2_minus_T0,matched_continuous128/natural/oracle_parallel_kl,0.0,0.0,0.0
8,T2_minus_T0,matched_continuous128/natural/marginal_kl,-0.14858253075808164,-0.17391845571815284,-0.12197426762843326
8,T2_minus_T0,matched_continuous128/natural/order_tv,0.01534856576077452,0.013056001164163679,0.01768942261361006
8,T2_minus_T0,matched_continuous128/natural/geometry_probability_mae,-0.08944982409681991,-0.10907216505777383,-0.0675411935167938
8,T2_minus_T0,matched_continuous128/natural/response_rmse,-0.22951860535805785,-0.2837415189397945,-0.1688335659337731
8,T2_minus_T0,unequal_distance_w48/natural/sequential_kl,-0.010541180736566501,-0.015647475173263193,-0.005841446055788378
8,T2_minus_T0,unequal_distance_w48/natural/parallel_kl,-0.012264444802813357,-0.0190617483732933,-0.005467386885482927
8,T2_minus_T0,unequal_distance_w48/natural/oracle_parallel_kl,0.0,0.0,0.0
8,T2_minus_T0,unequal_distance_w48/natural/marginal_kl,-0.012264444802813367,-0.019061748373293285,-0.005467386885482916
8,T2_minus_T0,unequal_distance_w48/natural/order_tv,-0.004446861408554072,-0.01114208162801179,0.002028453543067143
8,T2_minus_T0,unequal_distance_w48/natural/geometry_probability_mae,-0.020612340673561685,-0.027149008977128204,-0.01316830652271864
8,T2_minus_T0,unequal_distance_w48/natural/response_rmse,-0.029144472063242003,-0.04523130196457941,-0.013193468045115137
8,T2_minus_T0,matched_continuous48/common/sequential_kl,-0.007218796781998833,-0.0113626402923636,-0.004254229058269226
8,T2_minus_T0,matched_continuous48/common/parallel_kl,-0.010205787664110035,-0.01700639905175275,-0.005059613222126663
8,T2_minus_T0,matched_continuous48/common/oracle_parallel_kl,0.0,0.0,0.0
8,T2_minus_T0,matched_continuous48/common/marginal_kl,-0.010205787664110042,-0.01700639905175275,-0.005059613222126656
8,T2_minus_T0,matched_continuous48/common/order_tv,-0.006899384477560215,-0.014394873881504698,-9.266667143664121e-05
8,T2_minus_T0,matched_continuous48/common/geometry_probability_mae,-0.024764306778427878,-0.03651894044388978,-0.015583265731353647
8,T2_minus_T0,matched_continuous48/common/response_rmse,-0.03594783953431066,-0.04941438876276626,-0.022282833157373966
8,T2_minus_T0,matched_continuous96/common/sequential_kl,-0.0910877852496698,-0.11264661005252695,-0.07039688252967119
8,T2_minus_T0,matched_continuous96/common/parallel_kl,-0.10548474780253787,-0.130164313656749,-0.0815409832414726
8,T2_minus_T0,matched_continuous96/common/oracle_parallel_kl,0.0,0.0,0.0
8,T2_minus_T0,matched_continuous96/common/marginal_kl,-0.10548474780253785,-0.13016431365674896,-0.0815409832414726
8,T2_minus_T0,matched_continuous96/common/order_tv,-0.02818016897345013,-0.031871547495743065,-0.024749322647131325
8,T2_minus_T0,matched_continuous96/common/geometry_probability_mae,-0.05593726112260626,-0.07590860720189073,-0.03405811529691734
8,T2_minus_T0,matched_continuous96/common/response_rmse,-0.15274047492626713,-0.2103754144169919,-0.09378609511376684
8,T2_minus_T0,matched_continuous128/common/sequential_kl,-0.15159732626399877,-0.17538874917702818,-0.1274647204487208
8,T2_minus_T0,matched_continuous128/common/parallel_kl,-0.14273113747627178,-0.16649683622149206,-0.11866379154316374
8,T2_minus_T0,matched_continuous128/common/oracle_parallel_kl,0.0,0.0,0.0
8,T2_minus_T0,matched_continuous128/common/marginal_kl,-0.1427311374762718,-0.1664968362214921,-0.11866379154316381
8,T2_minus_T0,matched_continuous128/common/order_tv,0.014038981512823668,0.011879498407329384,0.01661040519329194
8,T2_minus_T0,matched_continuous128/common/geometry_probability_mae,-0.08537120013323077,-0.1039777064949766,-0.06439899671392726
8,T2_minus_T0,matched_continuous128/common/response_rmse,-0.2194298766980997,-0.271244341672558,-0.16077718529877488
8,T2_minus_T0,unequal_distance_w48/common/sequential_kl,-0.009806925974734971,-0.014835813910707034,-0.0052130259829611236
8,T2_minus_T0,unequal_distance_w48/common/parallel_kl,-0.010795935279150293,-0.017500832398965875,-0.004315356719760022
8,T2_minus_T0,unequal_distance_w48/common/oracle_parallel_kl,0.0,0.0,0.0
8,T2_minus_T0,unequal_distance_w48/common/marginal_kl,-0.010795935279150294,-0.01750083239896587,-0.00431535671976002
8,T2_minus_T0,unequal_distance_w48/common/order_tv,-0.000838668419955356,-0.006439195452868551,0.004597192818232131
8,T2_minus_T0,unequal_distance_w48/common/geometry_probability_mae,-0.020612340673561685,-0.027149008977128204,-0.01316830652271864
8,T2_minus_T0,unequal_distance_w48/common/response_rmse,-0.029144472063242003,-0.04523130196457941,-0.013193468045115137
8,T2_minus_T0,w128_k8/CE,-0.0775504534149255,-0.09631899532122806,-0.05938300067066195
8,T2_minus_T0,w128_k32/CE,-0.0052641767046535115,-0.008304177842185744,-0.0022161951322201973
8,T2_minus_T0,w128_t05/CE,0.00024339978782322857,-6.265846168315298e-05,0.000539994946674395
8,T2_minus_T0,w128_t095/CE,0.00044001860239550883,-0.00018590125934735688,0.0011617106088959435
8,T2_minus_T0,w48_t05/CE,0.00011728312719855305,-2.3603903961652573e-05,0.0002721476528869823
8,T2_minus_T0,w48_t095/CE,0.00011570311350123097,-0.00013498395701662668,0.00037422786322210944
8,T2_minus_T0,continuous128/G_1_8_NRMSE,-0.015852811475344075,-0.033857634845752334,0.004404084721821226
8,T2_minus_T0,continuous128/G_9_48_NRMSE,-0.07134855363184067,-0.14951630381160344,0.02751502421289766
8,T2_minus_T0,continuous128/G_49_64_NRMSE,-0.2017279504774968,-0.2961763368920902,-0.05502789716669758
8,T2_minus_T0,continuous128/m_bias,0.06555414199829102,-0.05801838239034017,0.17480072180430095
8,T2_minus_T0,continuous128/m2_bias,0.07622294331667945,0.06048663400724763,0.09246479886205633
8,T2_minus_T0,continuous128/abs_m_bias,0.09024445215861003,0.06982036431630453,0.11136814355850219
8,T2_minus_T0,continuous128/energy_bias,-0.001965780583579397,-0.003454637902928179,-0.00011857000235816054
8,T2_minus_T0,continuous96/G_1_8_NRMSE,-0.017981025193788046,-0.027160688836152667,-0.001452768179663473
8,T2_minus_T0,continuous96/G_9_24_NRMSE,-0.05127611280134457,-0.09316731817202352,0.017170285185699134
8,T2_minus_T0,continuous96/G_25_48_NRMSE,-0.10557436459020855,-0.16705219236824365,-0.00109753064360258
8,T2_minus_T0,continuous96/m_bias,0.009688765914351857,-0.03247480039243345,0.060729471842447924
8,T2_minus_T0,continuous96/m2_bias,0.04985678514825955,0.03573798268358896,0.06589944472406134
8,T2_minus_T0,continuous96/abs_m_bias,0.05649029767071757,0.0377852828414352,0.07595456441243488
8,T2_minus_T0,continuous96/energy_bias,-0.0019259982638889315,-0.0036835394965277686,-0.000286336976882349
8,T2_minus_T0,continuous48/G_1_8_NRMSE,-0.0021700598011521605,-0.015486004467075638,0.012950354239315582
8,T2_minus_T0,continuous48/G_9_24_NRMSE,-0.007679999517995362,-0.039873308913196646,0.04093303802477742
8,T2_minus_T0,continuous48/G_1_24_NRMSE,-0.005725022495158008,-0.029724781403486424,0.029831870220537432
8,T2_minus_T0,continuous48/m_bias,0.020417390046296294,-0.010152576587818282,0.05478577790436918
8,T2_minus_T0,continuous48/m2_bias,-0.006562491993845242,-0.024074134316464015,0.009875981503553333
8,T2_minus_T0,continuous48/abs_m_bias,-0.0070032190393518705,-0.02976017704716441,0.011999398690682898
8,T2_minus_T0,continuous48/energy_bias,0.0007214557476359533,-0.002205519078752909,0.003405646285830326
8,T2_minus_T0,held_s10_w48/G_10_30_NRMSE,-0.054238238354800336,-0.08904249125033988,-0.014302828229694767
8,T2_minus_T0,held_s10_w48/G_40_120_NRMSE,-0.08808585384688136,-0.19316471591580908,0.025702907624857906
8,T2_minus_T0,held_s10_w48/G_130_470_NRMSE,-0.024464082831452516,-0.16919815120323448,0.11954858468403434
8,T2_minus_T0,held_s10_w48/m_bias,0.05984836154513888,0.011502075195312501,0.09935534441912613
8,T2_minus_T0,held_s10_w48/m2_bias,0.050979938036129775,0.02889119685922632,0.07225315879892419
8,T2_minus_T0,held_s10_w48/abs_m_bias,0.06583432798032408,0.03378601074218748,0.0998745388454861
8,T2_minus_T0,held_s10_w48/energy_bias,-0.018672429078014176,-0.026565905271128856,-0.010537120918291946
4,T1_minus_T0,matched_continuous48/natural/sequential_kl,-0.007073989341366147,-0.011043995066623239,-0.0038840228078814566
4,T1_minus_T0,matched_continuous48/natural/parallel_kl,-0.009811144378762113,-0.01600395492141426,-0.004026345906598898
4,T1_minus_T0,matched_continuous48/natural/oracle_parallel_kl,0.0,0.0,0.0
4,T1_minus_T0,matched_continuous48/natural/marginal_kl,-0.009811144378762113,-0.01600395492141426,-0.004026345906598897
4,T1_minus_T0,matched_continuous48/natural/order_tv,-0.008673983934900209,-0.014675678311909721,-0.003372737941945949
4,T1_minus_T0,matched_continuous48/natural/geometry_probability_mae,-0.021228086818631267,-0.03359828905137934,-0.01263453689275552
4,T1_minus_T0,matched_continuous48/natural/response_rmse,-0.03187826011616942,-0.04477029668333055,-0.019852896952634858
4,T1_minus_T0,matched_continuous96/natural/sequential_kl,-0.10270282464505431,-0.13315263022990395,-0.07786873472340665
4,T1_minus_T0,matched_continuous96/natural/parallel_kl,-0.1158377616545976,-0.14740107399379815,-0.08897193811347281
4,T1_minus_T0,matched_continuous96/natural/oracle_parallel_kl,0.0,0.0,0.0
4,T1_minus_T0,matched_continuous96/natural/marginal_kl,-0.1158377616545976,-0.14740107399379815,-0.08897193811347279
4,T1_minus_T0,matched_continuous96/natural/order_tv,-0.02244218059372161,-0.02626792758669361,-0.019164071608169835
4,T1_minus_T0,matched_continuous96/natural/geometry_probability_mae,-0.06446349600373515,-0.09197569881556006,-0.03773416482073014
4,T1_minus_T0,matched_continuous96/natural/response_rmse,-0.17001545573458127,-0.24579719092179056,-0.0951942053978653
4,T1_minus_T0,matched_continuous128/natural/sequential_kl,-0.1616603608057318,-0.18879988253795155,-0.13629364786794945
4,T1_minus_T0,matched_continuous128/natural/parallel_kl,-0.1521442957700637,-0.17721669395396353,-0.12824870709280045
4,T1_minus_T0,matched_continuous128/natural/oracle_parallel_kl,0.0,0.0,0.0
4,T1_minus_T0,matched_continuous128/natural/marginal_kl,-0.1521442957700637,-0.17721669395396356,-0.12824870709280042
4,T1_minus_T0,matched_continuous128/natural/order_tv,0.014905343844550742,0.0123573234544648,0.017111264746640036
4,T1_minus_T0,matched_continuous128/natural/geometry_probability_mae,-0.09735666286097847,-0.11684525359506807,-0.07432419267569486
4,T1_minus_T0,matched_continuous128/natural/response_rmse,-0.2519604177103095,-0.3028513157327359,-0.19292707610216797
4,T1_minus_T0,unequal_distance_w48/natural/sequential_kl,-0.009670579572673295,-0.014631083008519218,-0.004675495216556425
4,T1_minus_T0,unequal_distance_w48/natural/parallel_kl,-0.010673826754557247,-0.017366604563844715,-0.0037783763082712535
4,T1_minus_T0,unequal_distance_w48/natural/oracle_parallel_kl,0.0,0.0,0.0
4,T1_minus_T0,unequal_distance_w48/natural/marginal_kl,-0.010673826754557254,-0.01736660456384473,-0.003778376308271242
4,T1_minus_T0,unequal_distance_w48/natural/order_tv,-0.0021760849815275693,-0.008029396517587266,0.003704474554208698
4,T1_minus_T0,unequal_distance_w48/natural/geometry_probability_mae,-0.01421871068574388,-0.019130295314077176,-0.008435821259010065
4,T1_minus_T0,unequal_distance_w48/natural/response_rmse,-0.023816499845091516,-0.03863697185448681,-0.009286744289199669
4,T1_minus_T0,matched_continuous48/common/sequential_kl,-0.006248883038315594,-0.010198326988323231,-0.003171714124928682
4,T1_minus_T0,matched_continuous48/common/parallel_kl,-0.008160931772660997,-0.014404456271992055,-0.0026497553417788988
4,T1_minus_T0,matched_continuous48/common/oracle_parallel_kl,0.0,0.0,0.0
4,T1_minus_T0,matched_continuous48/common/marginal_kl,-0.008160931772661,-0.014404456271992052,-0.002649755341778898
4,T1_minus_T0,matched_continuous48/common/order_tv,-0.004542206600022938,-0.009915884084137306,0.0005046448063696467
4,T1_minus_T0,matched_continuous48/common/geometry_probability_mae,-0.021228086818631267,-0.03359828905137934,-0.01263453689275552
4,T1_minus_T0,matched_continuous48/common/response_rmse,-0.03187826011616942,-0.04477029668333055,-0.019852896952634858
4,T1_minus_T0,matched_continuous96/common/sequential_kl,-0.09082551629528984,-0.112127479527901,-0.07156329276691664
4,T1_minus_T0,matched_continuous96/common/parallel_kl,-0.10505199889223937,-0.1293371636622028,-0.08272600195227553
4,T1_minus_T0,matched_continuous96/common/oracle_parallel_kl,0.0,0.0,0.0
4,T1_minus_T0,matched_continuous96/common/marginal_kl,-0.10505199889223935,-0.1293371636622028,-0.0827260019522755
4,T1_minus_T0,matched_continuous96/common/order_tv,-0.02561350235096899,-0.02991052322613666,-0.021758080181858347
4,T1_minus_T0,matched_continuous96/common/geometry_probability_mae,-0.05664742664228195,-0.0794064058825113,-0.03478073984831905
4,T1_minus_T0,matched_continuous96/common/response_rmse,-0.14955470678093968,-0.21195601697534983,-0.08760042097473288
4,T1_minus_T0,matched_continuous128/common/sequential_kl,-0.15396842136846836,-0.17893971321677746,-0.13161538433311126
4,T1_minus_T0,matched_continuous128/common/parallel_kl,-0.14618825160188698,-0.1700955860342838,-0.12391357826931194
4,T1_minus_T0,matched_continuous128/common/oracle_parallel_kl,0.0,0.0,0.0
4,T1_minus_T0,matched_continuous128/common/marginal_kl,-0.14618825160188698,-0.17009558603428382,-0.12391357826931192
4,T1_minus_T0,matched_continuous128/common/order_tv,0.013291625033784494,0.010589784789778924,0.015700062941585793
4,T1_minus_T0,matched_continuous128/common/geometry_probability_mae,-0.0931533474114255,-0.11221640003105543,-0.07082577597151431
4,T1_minus_T0,matched_continuous128/common/response_rmse,-0.2415169238439007,-0.29159217316191305,-0.1841249213584361
4,T1_minus_T0,unequal_distance_w48/common/sequential_kl,-0.008980631336537218,-0.0137157257002936,-0.004159600337676523
4,T1_minus_T0,unequal_distance_w48/common/parallel_kl,-0.00929393028228509,-0.015715119934135265,-0.002809467233236416
4,T1_minus_T0,unequal_distance_w48/common/oracle_parallel_kl,0.0,0.0,0.0
4,T1_minus_T0,unequal_distance_w48/common/marginal_kl,-0.009293930282285093,-0.01571511993413526,-0.0028094672332364154
4,T1_minus_T0,unequal_distance_w48/common/order_tv,0.0006764165859650985,-0.00395575268863177,0.005693636148081367
4,T1_minus_T0,unequal_distance_w48/common/geometry_probability_mae,-0.01421871068574388,-0.019130295314077176,-0.008435821259010065
4,T1_minus_T0,unequal_distance_w48/common/response_rmse,-0.023816499845091516,-0.03863697185448681,-0.009286744289199669
4,T1_minus_T0,w128_k8/CE,-0.07757995476439056,-0.09517446743754385,-0.06145931646994706
4,T1_minus_T0,w128_k32/CE,-0.005205083467006433,-0.008196325720422577,-0.002362138974878
4,T1_minus_T0,w128_t05/CE,0.00031053593382335265,-9.041984927248693e-05,0.0007206830318062778
4,T1_minus_T0,w128_t095/CE,0.0005104118946349656,-0.00011370289280244472,0.0012089938881518628
4,T1_minus_T0,w48_t05/CE,0.00012576974553063502,-2.5932435437492346e-05,0.00027275030396396586
4,T1_minus_T0,w48_t095/CE,0.00016585174464278651,-6.098356788925147e-05,0.00043398620294358287
4,T1_minus_T0,continuous128/G_1_8_NRMSE,-0.015421799288106053,-0.02915775672363057,0.00040824331505193677
4,T1_minus_T0,continuous128/G_9_48_NRMSE,-0.09262564161255288,-0.16385237088676163,-0.002523831017416551
4,T1_minus_T0,continuous128/G_49_64_NRMSE,-0.22474255206973176,-0.2977160843627175,-0.09783068322034395
4,T1_minus_T0,continuous128/m_bias,0.05647420883178711,-0.04719839096069336,0.167508296171824
4,T1_minus_T0,continuous128/m2_bias,0.06769254083822793,0.050107337327305386,0.08500430055282777
4,T1_minus_T0,continuous128/abs_m_bias,0.08039236068725586,0.05633941491444905,0.10360490878423054
4,T1_minus_T0,continuous128/energy_bias,0.0008623418532644304,-0.0008219521189612313,0.0026263880291635755
4,T1_minus_T0,continuous96/G_1_8_NRMSE,-0.0161334340006179,-0.023956751045536497,-0.001205055455046929
4,T1_minus_T0,continuous96/G_9_24_NRMSE,-0.055048676322180135,-0.08792506649493011,0.0037984116726980533
4,T1_minus_T0,continuous96/G_25_48_NRMSE,-0.117351103328656,-0.15715891827098044,3.333488247000277e-05
4,T1_minus_T0,continuous96/m_bias,0.01652470341435185,-0.03523657057020398,0.06663630450213394
4,T1_minus_T0,continuous96/m2_bias,0.04530573087464637,0.03155983945837729,0.05979482183853785
4,T1_minus_T0,continuous96/abs_m_bias,0.05206637912326387,0.035242702342845794,0.06984607555248118
4,T1_minus_T0,continuous96/energy_bias,-0.0004168951023392018,-0.002446467527869141,0.001649084258497773
4,T1_minus_T0,continuous48/G_1_8_NRMSE,-0.0026981871514278333,-0.01735582901514902,0.013887886034245327
4,T1_minus_T0,continuous48/G_9_24_NRMSE,-0.012609204259505485,-0.044817592278123736,0.038833286948368566
4,T1_minus_T0,continuous48/G_1_24_NRMSE,-0.008899282051934292,-0.033172241035342526,0.02729664001987995
4,T1_minus_T0,continuous48/m_bias,0.017010724103009238,-0.01174745912905094,0.061996912073206
4,T1_minus_T0,continuous48/m2_bias,-0.004544990052902154,-0.02250824396502332,0.01061088685636168
4,T1_minus_T0,continuous48/abs_m_bias,-0.00376383463541664,-0.026320789478443334,0.015275460702401638
4,T1_minus_T0,continuous48/energy_bias,0.0009361609781323539,-0.001631730893543135,0.003277342595670767
4,T1_minus_T0,held_s10_w48/G_10_30_NRMSE,-0.05270810333762434,-0.08832780263258362,-0.009223564302011211
4,T1_minus_T0,held_s10_w48/G_40_120_NRMSE,-0.08212612022580085,-0.18448974399743118,0.0438689046995934
4,T1_minus_T0,held_s10_w48/G_130_470_NRMSE,-0.029600598421708618,-0.17947639006417,0.12608827636688247
4,T1_minus_T0,held_s10_w48/m_bias,0.07078495732060185,0.009809875488281232,0.13054317898220483
4,T1_minus_T0,held_s10_w48/m2_bias,0.049134433024214094,0.02662014544255446,0.06694995312043178
4,T1_minus_T0,held_s10_w48/abs_m_bias,0.06312165436921295,0.026410646791811335,0.09221835666232638
4,T1_minus_T0,held_s10_w48/energy_bias,-0.01960281841016548,-0.025947271396645984,-0.012866759243868188
4,T2_minus_T1,matched_continuous48/natural/sequential_kl,-0.0009326435752090422,-0.0012424966294104218,-0.0006515823049655866
4,T2_minus_T1,matched_continuous48/natural/parallel_kl,-0.0019703155545006436,-0.0025120547107888402,-0.0014906736993524961
4,T2_minus_T1,matched_continuous48/natural/oracle_parallel_kl,0.0,0.0,0.0
4,T2_minus_T1,matched_continuous48/natural/marginal_kl,-0.0019703155545006488,-0.0025120547107888376,-0.0014906736993525018
4,T2_minus_T1,matched_continuous48/natural/order_tv,-0.0032730494646371587,-0.006144639402272978,-0.0006599695359979967
4,T2_minus_T1,matched_continuous48/natural/geometry_probability_mae,-0.003536219959796614,-0.005440297356713672,-0.0015222249045530785
4,T2_minus_T1,matched_continuous48/natural/response_rmse,-0.004069579418141237,-0.008772754391508538,-0.00023420340380267
4,T2_minus_T1,matched_continuous96/natural/sequential_kl,-0.00027901591691114583,-0.0005222204287869437,-3.143640430687013e-05
4,T2_minus_T1,matched_continuous96/natural/parallel_kl,-0.0004492730255754515,-0.0008216558011901576,1.0739587751153213e-06
4,T2_minus_T1,matched_continuous96/natural/oracle_parallel_kl,0.0,0.0,0.0
4,T2_minus_T1,matched_continuous96/natural/marginal_kl,-0.00044927302557544674,-0.0008216558011901534,1.0739587751131639e-06
4,T2_minus_T1,matched_continuous96/natural/order_tv,-0.0029029069499822164,-0.0039756309833095405,-0.0017715867251957024
4,T2_minus_T1,matched_continuous96/natural/geometry_probability_mae,0.00064911179129706,-0.0031852628823624673,0.005483631696578864
4,T2_minus_T1,matched_continuous96/natural/response_rmse,-0.004005202230476644,-0.012735031614374273,0.0048715247203486136
4,T2_minus_T1,matched_continuous128/natural/sequential_kl,0.0024730100487278753,-0.00034343866422625375,0.005005387154820893
4,T2_minus_T1,matched_continuous128/natural/parallel_kl,0.0035617650119820488,-0.00040920778776041867,0.007065564775713719
4,T2_minus_T1,matched_continuous128/natural/oracle_parallel_kl,0.0,0.0,0.0
4,T2_minus_T1,matched_continuous128/natural/marginal_kl,0.003561765011982054,-0.00040920778776041883,0.007065564775713725
4,T2_minus_T1,matched_continuous128/natural/order_tv,0.000443221916223778,-0.0020520353223952154,0.003679174854044186
4,T2_minus_T1,matched_continuous128/natural/geometry_probability_mae,0.007906838764158552,0.004704754740086311,0.010914933556943517
4,T2_minus_T1,matched_continuous128/natural/response_rmse,0.02244181235225167,0.013122093527018099,0.03188721563030849
4,T2_minus_T1,unequal_distance_w48/natural/sequential_kl,-0.0008706011638932075,-0.001122308768977959,-0.0006125490684091138
4,T2_minus_T1,unequal_distance_w48/natural/parallel_kl,-0.0015906180482561094,-0.0018921699143409475,-0.0012801462426841389
4,T2_minus_T1,unequal_distance_w48/natural/oracle_parallel_kl,0.0,0.0,0.0
4,T2_minus_T1,unequal_distance_w48/natural/marginal_kl,-0.0015906180482561129,-0.0018921699143409324,-0.0012801462426841423
4,T2_minus_T1,unequal_distance_w48/natural/order_tv,-0.002270776427026503,-0.003343672589010267,-0.001297861087133539
4,T2_minus_T1,unequal_distance_w48/natural/geometry_probability_mae,-0.006393629987817805,-0.008927855446459491,-0.003953717480659256
4,T2_minus_T1,unequal_distance_w48/natural/response_rmse,-0.0053279722181504875,-0.008388122284712926,-0.002246500731756263
4,T2_minus_T1,matched_continuous48/common/sequential_kl,-0.0009699137436832389,-0.0012607018521816715,-0.0006791854917244417
4,T2_minus_T1,matched_continuous48/common/parallel_kl,-0.002044855891449038,-0.0025481350558287067,-0.0015894608806424197
4,T2_minus_T1,matched_continuous48/common/oracle_parallel_kl,0.0,0.0,0.0
4,T2_minus_T1,matched_continuous48/common/marginal_kl,-0.002044855891449043,-0.002548135055828711,-0.0015894608806424184
4,T2_minus_T1,matched_continuous48/common/order_tv,-0.0023571778775372774,-0.005104089348727656,0.0001622283469972681
4,T2_minus_T1,matched_continuous48/common/geometry_probability_mae,-0.003536219959796614,-0.005440297356713672,-0.0015222249045530785
4,T2_minus_T1,matched_continuous48/common/response_rmse,-0.004069579418141237,-0.008772754391508538,-0.00023420340380267
4,T2_minus_T1,matched_continuous96/common/sequential_kl,-0.00026226895437996803,-0.000438363349936156,-8.009141505581853e-05
4,T2_minus_T1,matched_continuous96/common/parallel_kl,-0.00043274891029849993,-0.0007587815137193671,-1.0762770268983192e-05
4,T2_minus_T1,matched_continuous96/common/oracle_parallel_kl,0.0,0.0,0.0
4,T2_minus_T1,matched_continuous96/common/marginal_kl,-0.00043274891029849104,-0.0007587815137193608,-1.0762770268977853e-05
4,T2_minus_T1,matched_continuous96/common/order_tv,-0.00256666662248114,-0.0034933835734229954,-0.0016230375505452861
4,T2_minus_T1,matched_continuous96/common/geometry_probability_mae,0.0007101655196756936,-0.0032195235853729617,0.005793380702677335
4,T2_minus_T1,matched_continuous96/common/response_rmse,-0.0031857681453274535,-0.01175272690864829,0.005402458496207537
4,T2_minus_T1,matched_continuous128/common/sequential_kl,0.0023710951044695946,-0.00025544277611396654,0.004585853886410334
4,T2_minus_T1,matched_continuous128/common/parallel_kl,0.003457114125615182,-0.00020978783696716792,0.006664349654619187
4,T2_minus_T1,matched_continuous128/common/oracle_parallel_kl,0.0,0.0,0.0
4,T2_minus_T1,matched_continuous128/common/marginal_kl,0.003457114125615182,-0.00020978783696717158,0.006664349654619182
4,T2_minus_T1,matched_continuous128/common/order_tv,0.000747356479039174,-0.0016688738316728675,0.0038834147555907783
4,T2_minus_T1,matched_continuous128/common/geometry_probability_mae,0.007782147278194731,0.004947249144295708,0.010471587574810755
4,T2_minus_T1,matched_continuous128/common/response_rmse,0.022087047145800988,0.014566126395122178,0.029109587191019085
4,T2_minus_T1,unequal_distance_w48/common/sequential_kl,-0.0008262946381977542,-0.001041282281284605,-0.0006143066112847405
4,T2_minus_T1,unequal_distance_w48/common/parallel_kl,-0.0015020049968652027,-0.0017521196445436447,-0.0012228401268090197
4,T2_minus_T1,unequal_distance_w48/common/oracle_parallel_kl,0.0,0.0,0.0
4,T2_minus_T1,unequal_distance_w48/common/marginal_kl,-0.001502004996865201,-0.0017521196445436462,-0.0012228401268090296
4,T2_minus_T1,unequal_distance_w48/common/order_tv,-0.0015150850059204544,-0.002541726459715411,-0.0006050459467599512
4,T2_minus_T1,unequal_distance_w48/common/geometry_probability_mae,-0.006393629987817805,-0.008927855446459491,-0.003953717480659256
4,T2_minus_T1,unequal_distance_w48/common/response_rmse,-0.0053279722181504875,-0.008388122284712926,-0.002246500731756263
4,T2_minus_T1,w128_k8/CE,2.9501349465055338e-05,-0.0010823834712447218,0.0010026605702888782
4,T2_minus_T1,w128_k32/CE,-5.9093237647078745e-05,-0.0005673348699763728,0.0004856809446803985
4,T2_minus_T1,w128_t05/CE,-6.713614600012408e-05,-0.0001780896412396829,3.484012111280986e-05
4,T2_minus_T1,w128_t095/CE,-7.039329223945678e-05,-0.0002360018303221481,7.62146663155216e-05
4,T2_minus_T1,w48_t05/CE,-8.486618332081974e-06,-5.987446143850134e-05,4.2184454982424615e-05
4,T2_minus_T1,w48_t095/CE,-5.0148631141555544e-05,-0.00017584328363551003,5.005713876927025e-05
4,T2_minus_T1,continuous128/G_1_8_NRMSE,-0.0004310121872380217,-0.005779607173991484,0.004415448315942719
4,T2_minus_T1,continuous128/G_9_48_NRMSE,0.021277087980712192,-0.0047667135180704985,0.044275080463135094
4,T2_minus_T1,continuous128/G_49_64_NRMSE,0.02301460159223495,-0.02020679475492582,0.06740022524658139
4,T2_minus_T1,continuous128/m_bias,0.009079933166503906,-0.014476954936981201,0.03490187327067057
4,T2_minus_T1,continuous128/m2_bias,0.00853040247845153,9.608622203813914e-05,0.01919827318197349
4,T2_minus_T1,continuous128/abs_m_bias,0.009852091471354166,-0.0011664072672526056,0.02273233731587728
4,T2_minus_T1,continuous128/energy_bias,-0.0028281224368438274,-0.003932948875927803,-0.0016013958948491462
4,T2_minus_T1,continuous96/G_1_8_NRMSE,-0.0018475911931701457,-0.006779809205331132,0.004601975514053714
4,T2_minus_T1,continuous96/G_9_24_NRMSE,0.003772563520835562,-0.017559715618113668,0.020854765909354752
4,T2_minus_T1,continuous96/G_25_48_NRMSE,0.011776738738447451,-0.029782304496605513,0.034328634394038215
4,T2_minus_T1,continuous96/m_bias,-0.006835937499999994,-0.026483126039858217,0.007479392157660585
4,T2_minus_T1,continuous96/m2_bias,0.004551054273613177,-0.005373394464759674,0.013969360751870243
4,T2_minus_T1,continuous96/abs_m_bias,0.004423918547453701,-0.005920480798791952,0.014810067635995336
4,T2_minus_T1,continuous96/energy_bias,-0.0015091031615497297,-0.0027424916049890694,-0.0002335611979166661
4,T2_minus_T1,continuous48/G_1_8_NRMSE,0.0005281273502756728,-0.004600694424906915,0.007055879018994691
4,T2_minus_T1,continuous48/G_9_24_NRMSE,0.004929204741510124,-0.011687658793951426,0.021086977992175317
4,T2_minus_T1,continuous48/G_1_24_NRMSE,0.0031742595567762835,-0.008199976673261278,0.015175931897454555
4,T2_minus_T1,continuous48/m_bias,0.003406665943287056,-0.01792308666087962,0.023577880859375
4,T2_minus_T1,continuous48/m2_bias,-0.0020175019409430887,-0.009274307199956956,0.004363557046332966
4,T2_minus_T1,continuous48/abs_m_bias,-0.0032393844039352304,-0.011606400101273116,0.006118152759693251
4,T2_minus_T1,continuous48/energy_bias,-0.00021470523049640054,-0.0014385827607860447,0.0011351673315602934
4,T2_minus_T1,held_s10_w48/G_10_30_NRMSE,-0.0015301350171759986,-0.008367801112524272,0.004164443222708641
4,T2_minus_T1,held_s10_w48/G_40_120_NRMSE,-0.005959733621080515,-0.020936830774959708,0.010965099906227006
4,T2_minus_T1,held_s10_w48/G_130_470_NRMSE,0.005136515590256102,-0.018362384505184813,0.027959328649051506
4,T2_minus_T1,held_s10_w48/m_bias,-0.010936595775462965,-0.04258711073133683,0.019433593749999988
4,T2_minus_T1,held_s10_w48/m2_bias,0.0018455050119156836,-0.003947211832666605,0.0075196437384366
4,T2_minus_T1,held_s10_w48/abs_m_bias,0.0027126736111111336,-0.006787674515335648,0.011079576280381963
4,T2_minus_T1,held_s10_w48/energy_bias,0.0009303893321513015,-0.0009204332428339167,0.003093833111702108
4,T2_minus_T0,matched_continuous48/natural/sequential_kl,-0.00800663291657519,-0.012110086583744548,-0.004938640684273321
4,T2_minus_T0,matched_continuous48/natural/parallel_kl,-0.011781459933262756,-0.01826641845884623,-0.006143584122466805
4,T2_minus_T0,matched_continuous48/natural/oracle_parallel_kl,0.0,0.0,0.0
4,T2_minus_T0,matched_continuous48/natural/marginal_kl,-0.011781459933262762,-0.01826641845884623,-0.006143584122466812
4,T2_minus_T0,matched_continuous48/natural/order_tv,-0.011947033399537368,-0.020857091988099506,-0.004219613227801264
4,T2_minus_T0,matched_continuous48/natural/geometry_probability_mae,-0.024764306778427878,-0.036849356221616565,-0.01631657592832212
4,T2_minus_T0,matched_continuous48/natural/response_rmse,-0.03594783953431066,-0.04992425621847673,-0.022287916631602938
4,T2_minus_T0,matched_continuous96/natural/sequential_kl,-0.10298184056196545,-0.1333474884475893,-0.07811588290796936
4,T2_minus_T0,matched_continuous96/natural/parallel_kl,-0.11628703468017304,-0.1478525089077141,-0.08913603598226366
4,T2_minus_T0,matched_continuous96/natural/oracle_parallel_kl,0.0,0.0,0.0
4,T2_minus_T0,matched_continuous96/natural/marginal_kl,-0.11628703468017305,-0.1478525089077141,-0.08913603598226363
4,T2_minus_T0,matched_continuous96/natural/order_tv,-0.025345087543703827,-0.028397849777059996,-0.022908233338939037
4,T2_minus_T0,matched_continuous96/natural/geometry_probability_mae,-0.06381438421243808,-0.0866585129319699,-0.04077399130196752
4,T2_minus_T0,matched_continuous96/natural/response_rmse,-0.17402065796505792,-0.2414263037464663,-0.10696253075922323
4,T2_minus_T0,matched_continuous128/natural/sequential_kl,-0.1591873507570039,-0.18531199912725785,-0.133103755835892
4,T2_minus_T0,matched_continuous128/natural/parallel_kl,-0.14858253075808164,-0.17289621827335622,-0.12252827653104373
4,T2_minus_T0,matched_continuous128/natural/oracle_parallel_kl,0.0,0.0,0.0
4,T2_minus_T0,matched_continuous128/natural/marginal_kl,-0.14858253075808164,-0.17289621827335627,-0.12252827653104373
4,T2_minus_T0,matched_continuous128/natural/order_tv,0.01534856576077452,0.012995004669549896,0.017708399013739853
4,T2_minus_T0,matched_continuous128/natural/geometry_probability_mae,-0.08944982409681991,-0.10849641019130983,-0.06718939667896641
4,T2_minus_T0,matched_continuous128/natural/response_rmse,-0.22951860535805785,-0.2816514991757936,-0.16656963425665006
4,T2_minus_T0,unequal_distance_w48/natural/sequential_kl,-0.010541180736566501,-0.015595785520114815,-0.005660077656527473
4,T2_minus_T0,unequal_distance_w48/natural/parallel_kl,-0.012264444802813357,-0.019006111012327923,-0.005425430900551512
4,T2_minus_T0,unequal_distance_w48/natural/oracle_parallel_kl,0.0,0.0,0.0
4,T2_minus_T0,unequal_distance_w48/natural/marginal_kl,-0.012264444802813367,-0.01900611101232793,-0.005425430900551512
4,T2_minus_T0,unequal_distance_w48/natural/order_tv,-0.004446861408554072,-0.010937022153398805,0.00179380365104177
4,T2_minus_T0,unequal_distance_w48/natural/geometry_probability_mae,-0.020612340673561685,-0.027715750492965763,-0.01330130660565994
4,T2_minus_T0,unequal_distance_w48/natural/response_rmse,-0.029144472063242003,-0.04529963786363434,-0.014024091236426455
4,T2_minus_T0,matched_continuous48/common/sequential_kl,-0.007218796781998833,-0.011316491226740805,-0.004288690875809858
4,T2_minus_T0,matched_continuous48/common/parallel_kl,-0.010205787664110035,-0.016877498634695197,-0.004885385515800702
4,T2_minus_T0,matched_continuous48/common/oracle_parallel_kl,0.0,0.0,0.0
4,T2_minus_T0,matched_continuous48/common/marginal_kl,-0.010205787664110042,-0.016877498634695207,-0.004885385515800699
4,T2_minus_T0,matched_continuous48/common/order_tv,-0.006899384477560215,-0.015008912537255396,0.00043578766018178904
4,T2_minus_T0,matched_continuous48/common/geometry_probability_mae,-0.024764306778427878,-0.036849356221616565,-0.01631657592832212
4,T2_minus_T0,matched_continuous48/common/response_rmse,-0.03594783953431066,-0.04992425621847673,-0.022287916631602938
4,T2_minus_T0,matched_continuous96/common/sequential_kl,-0.0910877852496698,-0.11228845260470068,-0.07170932085840731
4,T2_minus_T0,matched_continuous96/common/parallel_kl,-0.10548474780253787,-0.12990938688491852,-0.08315745442792478
4,T2_minus_T0,matched_continuous96/common/oracle_parallel_kl,0.0,0.0,0.0
4,T2_minus_T0,matched_continuous96/common/marginal_kl,-0.10548474780253785,-0.12990938688491854,-0.08315745442792477
4,T2_minus_T0,matched_continuous96/common/order_tv,-0.02818016897345013,-0.03206782632275467,-0.024774805599378787
4,T2_minus_T0,matched_continuous96/common/geometry_probability_mae,-0.05593726112260626,-0.07572594975695626,-0.036090638593741266
4,T2_minus_T0,matched_continuous96/common/response_rmse,-0.15274047492626713,-0.20870976911243017,-0.09845406488355561
4,T2_minus_T0,matched_continuous128/common/sequential_kl,-0.15159732626399877,-0.1755987896026311,-0.12894564844220194
4,T2_minus_T0,matched_continuous128/common/parallel_kl,-0.14273113747627178,-0.16579624656652991,-0.11853213484556421
4,T2_minus_T0,matched_continuous128/common/oracle_parallel_kl,0.0,0.0,0.0
4,T2_minus_T0,matched_continuous128/common/marginal_kl,-0.1427311374762718,-0.16579624656652983,-0.11853213484556421
4,T2_minus_T0,matched_continuous128/common/order_tv,0.014038981512823668,0.011797977417973239,0.016569760575620904
4,T2_minus_T0,matched_continuous128/common/geometry_probability_mae,-0.08537120013323077,-0.10327755775750674,-0.06413078361576934
4,T2_minus_T0,matched_continuous128/common/response_rmse,-0.2194298766980997,-0.2691656950129339,-0.15841238203256525
4,T2_minus_T0,unequal_distance_w48/common/sequential_kl,-0.009806925974734971,-0.014640682271424028,-0.005094760310143154
4,T2_minus_T0,unequal_distance_w48/common/parallel_kl,-0.010795935279150293,-0.017144511387494253,-0.0042979057155328095
4,T2_minus_T0,unequal_distance_w48/common/oracle_parallel_kl,0.0,0.0,0.0
4,T2_minus_T0,unequal_distance_w48/common/marginal_kl,-0.010795935279150294,-0.017144511387494246,-0.004297905715532822
4,T2_minus_T0,unequal_distance_w48/common/order_tv,-0.000838668419955356,-0.006150270292872479,0.004576381724914402
4,T2_minus_T0,unequal_distance_w48/common/geometry_probability_mae,-0.020612340673561685,-0.027715750492965763,-0.01330130660565994
4,T2_minus_T0,unequal_distance_w48/common/response_rmse,-0.029144472063242003,-0.04529963786363434,-0.014024091236426455
4,T2_minus_T0,w128_k8/CE,-0.0775504534149255,-0.09575063056639466,-0.06093528793918027
4,T2_minus_T0,w128_k32/CE,-0.0052641767046535115,-0.008320290708536533,-0.002288133089622526
4,T2_minus_T0,w128_t05/CE,0.00024339978782322857,-7.385075370717197e-05,0.0005703305739331241
4,T2_minus_T0,w128_t095/CE,0.00044001860239550883,-0.00016247851562590647,0.0011256494020829204
4,T2_minus_T0,w48_t05/CE,0.00011728312719855305,-2.6552204979898848e-05,0.0002527722279419774
4,T2_minus_T0,w48_t095/CE,0.00011570311350123097,-9.871774309060943e-05,0.00038209282299657
4,T2_minus_T0,continuous128/G_1_8_NRMSE,-0.015852811475344075,-0.03428608716666575,0.004591411503644521
4,T2_minus_T0,continuous128/G_9_48_NRMSE,-0.07134855363184067,-0.1585871304193374,0.02831259169092349
4,T2_minus_T0,continuous128/G_49_64_NRMSE,-0.2017279504774968,-0.3012144238588333,-0.05144970442134736
4,T2_minus_T0,continuous128/m_bias,0.06555414199829102,-0.047095330556233723,0.18016271193822217
4,T2_minus_T0,continuous128/m2_bias,0.07622294331667945,0.06317017449570508,0.09144800231151748
4,T2_minus_T0,continuous128/abs_m_bias,0.09024445215861003,0.07255717913309734,0.11003654797871906
4,T2_minus_T0,continuous128/energy_bias,-0.001965780583579397,-0.0034574373500553556,-0.0005584756846190149
4,T2_minus_T0,continuous96/G_1_8_NRMSE,-0.017981025193788046,-0.026130626208391537,-0.00012742652420441667
4,T2_minus_T0,continuous96/G_9_24_NRMSE,-0.05127611280134457,-0.09137952220492818,0.013529775379471646
4,T2_minus_T0,continuous96/G_25_48_NRMSE,-0.10557436459020855,-0.15858497493527052,0.009545323649137563
4,T2_minus_T0,continuous96/m_bias,0.009688765914351857,-0.03327835930718317,0.05377680460611976
4,T2_minus_T0,continuous96/m2_bias,0.04985678514825955,0.03449865858005398,0.06226163859720583
4,T2_minus_T0,continuous96/abs_m_bias,0.05649029767071757,0.03763155054163052,0.07353728965476708
4,T2_minus_T0,continuous96/energy_bias,-0.0019259982638889315,-0.0037445175438596454,-0.00017685204221491602
4,T2_minus_T0,continuous48/G_1_8_NRMSE,-0.0021700598011521605,-0.01697907894433648,0.014859338998498579
4,T2_minus_T0,continuous48/G_9_24_NRMSE,-0.007679999517995362,-0.041925743808318885,0.04345889594515462
4,T2_minus_T0,continuous48/G_1_24_NRMSE,-0.005725022495158008,-0.030880732263320155,0.03147720471653194
4,T2_minus_T0,continuous48/m_bias,0.020417390046296294,-0.010361452455873858,0.054630420826099514
4,T2_minus_T0,continuous48/m2_bias,-0.006562491993845242,-0.022782111020735747,0.009302827409265458
4,T2_minus_T0,continuous48/abs_m_bias,-0.0070032190393518705,-0.027562741880063645,0.010952645760995385
4,T2_minus_T0,continuous48/energy_bias,0.0007214557476359533,-0.001988303182254753,0.0033730076278072627
4,T2_minus_T0,held_s10_w48/G_10_30_NRMSE,-0.054238238354800336,-0.09189227274500752,-0.01214618292972137
4,T2_minus_T0,held_s10_w48/G_40_120_NRMSE,-0.08808585384688136,-0.195071426391523,0.03527333444261763
4,T2_minus_T0,held_s10_w48/G_130_470_NRMSE,-0.024464082831452516,-0.17504966917058898,0.12245385231395212
4,T2_minus_T0,held_s10_w48/m_bias,0.05984836154513888,0.015174357096354165,0.0972517790617766
4,T2_minus_T0,held_s10_w48/m2_bias,0.050979938036129775,0.029082515112166533,0.07089311021836205
4,T2_minus_T0,held_s10_w48/abs_m_bias,0.06583432798032408,0.03330682825159144,0.09650658501519095
4,T2_minus_T0,held_s10_w48/energy_bias,-0.018672429078014176,-0.026009114583333336,-0.011456659555998814
16,T1_minus_T0,matched_continuous48/natural/sequential_kl,-0.007073989341366147,-0.011448516157954081,-0.003635649866189478
16,T1_minus_T0,matched_continuous48/natural/parallel_kl,-0.009811144378762113,-0.016681122406193172,-0.0038407350164624677
16,T1_minus_T0,matched_continuous48/natural/oracle_parallel_kl,0.0,0.0,0.0
16,T1_minus_T0,matched_continuous48/natural/marginal_kl,-0.009811144378762113,-0.016681122406193183,-0.00384073501646247
16,T1_minus_T0,matched_continuous48/natural/order_tv,-0.008673983934900209,-0.014088990969254778,-0.002622370052727666
16,T1_minus_T0,matched_continuous48/natural/geometry_probability_mae,-0.021228086818631267,-0.03415312140898561,-0.012017306098027694
16,T1_minus_T0,matched_continuous48/natural/response_rmse,-0.03187826011616942,-0.044330261748073446,-0.019108169407460025
16,T1_minus_T0,matched_continuous96/natural/sequential_kl,-0.10270282464505431,-0.12702727488920473,-0.07673361440348833
16,T1_minus_T0,matched_continuous96/natural/parallel_kl,-0.1158377616545976,-0.14180488083350623,-0.08860079578604349
16,T1_minus_T0,matched_continuous96/natural/oracle_parallel_kl,0.0,0.0,0.0
16,T1_minus_T0,matched_continuous96/natural/marginal_kl,-0.1158377616545976,-0.14180488083350618,-0.08860079578604352
16,T1_minus_T0,matched_continuous96/natural/order_tv,-0.02244218059372161,-0.026679708285664072,-0.019175236516996274
16,T1_minus_T0,matched_continuous96/natural/geometry_probability_mae,-0.06446349600373515,-0.08908894211279558,-0.036664196258559364
16,T1_minus_T0,matched_continuous96/natural/response_rmse,-0.17001545573458127,-0.2348264249425945,-0.092783404972874
16,T1_minus_T0,matched_continuous128/natural/sequential_kl,-0.1616603608057318,-0.1845445758023881,-0.13592360758504007
16,T1_minus_T0,matched_continuous128/natural/parallel_kl,-0.1521442957700637,-0.1746031575072691,-0.12679972859936647
16,T1_minus_T0,matched_continuous128/natural/oracle_parallel_kl,0.0,0.0,0.0
16,T1_minus_T0,matched_continuous128/natural/marginal_kl,-0.1521442957700637,-0.1746031575072691,-0.12679972859936647
16,T1_minus_T0,matched_continuous128/natural/order_tv,0.014905343844550742,0.011881451359041693,0.017193809223587767
16,T1_minus_T0,matched_continuous128/natural/geometry_probability_mae,-0.09735666286097847,-0.11609699520950079,-0.07351801391938076
16,T1_minus_T0,matched_continuous128/natural/response_rmse,-0.2519604177103095,-0.3001556523923247,-0.19194046360473002
16,T1_minus_T0,unequal_distance_w48/natural/sequential_kl,-0.009670579572673295,-0.015225346462450367,-0.004117068078690473
16,T1_minus_T0,unequal_distance_w48/natural/parallel_kl,-0.010673826754557247,-0.01799596447008533,-0.0027455847980570698
16,T1_minus_T0,unequal_distance_w48/natural/oracle_parallel_kl,0.0,0.0,0.0
16,T1_minus_T0,unequal_distance_w48/natural/marginal_kl,-0.010673826754557254,-0.017995964470085335,-0.0027455847980570915
16,T1_minus_T0,unequal_distance_w48/natural/order_tv,-0.0021760849815275693,-0.0077366898144528365,0.003923144959642771
16,T1_minus_T0,unequal_distance_w48/natural/geometry_probability_mae,-0.01421871068574388,-0.019150384532526384,-0.008295533655460156
16,T1_minus_T0,unequal_distance_w48/natural/response_rmse,-0.023816499845091516,-0.037433521306347764,-0.0087200679858224
16,T1_minus_T0,matched_continuous48/common/sequential_kl,-0.006248883038315594,-0.010511129776811467,-0.003114691080304053
16,T1_minus_T0,matched_continuous48/common/parallel_kl,-0.008160931772660997,-0.014936311188085248,-0.0028037186875345794
16,T1_minus_T0,matched_continuous48/common/oracle_parallel_kl,0.0,0.0,0.0
16,T1_minus_T0,matched_continuous48/common/marginal_kl,-0.008160931772661,-0.014936311188085244,-0.002803718687534573
16,T1_minus_T0,matched_continuous48/common/order_tv,-0.004542206600022938,-0.009555530565052935,0.0011388603753352438
16,T1_minus_T0,matched_continuous48/common/geometry_probability_mae,-0.021228086818631267,-0.03415312140898561,-0.012017306098027694
16,T1_minus_T0,matched_continuous48/common/response_rmse,-0.03187826011616942,-0.044330261748073446,-0.019108169407460025
16,T1_minus_T0,matched_continuous96/common/sequential_kl,-0.09082551629528984,-0.10891307273520087,-0.0703657580926774
16,T1_minus_T0,matched_continuous96/common/parallel_kl,-0.10505199889223937,-0.12585461104277795,-0.08193008256168507
16,T1_minus_T0,matched_continuous96/common/oracle_parallel_kl,0.0,0.0,0.0
16,T1_minus_T0,matched_continuous96/common/marginal_kl,-0.10505199889223935,-0.12585461104277795,-0.08193008256168505
16,T1_minus_T0,matched_continuous96/common/order_tv,-0.02561350235096899,-0.029608056461579123,-0.021423906232383425
16,T1_minus_T0,matched_continuous96/common/geometry_probability_mae,-0.05664742664228195,-0.07810807654807232,-0.03206187449597718
16,T1_minus_T0,matched_continuous96/common/response_rmse,-0.14955470678093968,-0.2077039925214816,-0.08388833462191472
16,T1_minus_T0,matched_continuous128/common/sequential_kl,-0.15396842136846836,-0.1745593269840546,-0.13049935454734227
16,T1_minus_T0,matched_continuous128/common/parallel_kl,-0.14618825160188698,-0.1672805312729495,-0.1224763483383985
16,T1_minus_T0,matched_continuous128/common/oracle_parallel_kl,0.0,0.0,0.0
16,T1_minus_T0,matched_continuous128/common/marginal_kl,-0.14618825160188698,-0.16728053127294953,-0.12247634833839852
16,T1_minus_T0,matched_continuous128/common/order_tv,0.013291625033784494,0.010490190191991561,0.01557672025577034
16,T1_minus_T0,matched_continuous128/common/geometry_probability_mae,-0.0931533474114255,-0.11151235629106264,-0.0701988618159003
16,T1_minus_T0,matched_continuous128/common/response_rmse,-0.2415169238439007,-0.2899323810568951,-0.1834689519081623
16,T1_minus_T0,unequal_distance_w48/common/sequential_kl,-0.008980631336537218,-0.01452636503457674,-0.003642129353947094
16,T1_minus_T0,unequal_distance_w48/common/parallel_kl,-0.00929393028228509,-0.016645819911548176,-0.00188756382016327
16,T1_minus_T0,unequal_distance_w48/common/oracle_parallel_kl,0.0,0.0,0.0
16,T1_minus_T0,unequal_distance_w48/common/marginal_kl,-0.009293930282285093,-0.016645819911548173,-0.0018875638201632631
16,T1_minus_T0,unequal_distance_w48/common/order_tv,0.0006764165859650985,-0.0034747333739140068,0.005983664153108714
16,T1_minus_T0,unequal_distance_w48/common/geometry_probability_mae,-0.01421871068574388,-0.019150384532526384,-0.008295533655460156
16,T1_minus_T0,unequal_distance_w48/common/response_rmse,-0.023816499845091516,-0.037433521306347764,-0.0087200679858224
16,T1_minus_T0,w128_k8/CE,-0.07757995476439056,-0.09353510279799322,-0.06000025869164579
16,T1_minus_T0,w128_k32/CE,-0.005205083467006433,-0.008025518341120912,-0.002427806561246975
16,T1_minus_T0,w128_t05/CE,0.00031053593382335265,-7.979750343233699e-05,0.000644105986489117
16,T1_minus_T0,w128_t095/CE,0.0005104118946349656,-4.519615662597065e-05,0.001293779359292202
16,T1_minus_T0,w48_t05/CE,0.00012576974553063502,-2.6189768276241307e-05,0.0003039021409807523
16,T1_minus_T0,w48_t095/CE,0.00016585174464278651,-0.00011796800160822628,0.0004123279492394243
16,T1_minus_T0,continuous128/G_1_8_NRMSE,-0.015421799288106053,-0.027279997629471562,0.002265007052264853
16,T1_minus_T0,continuous128/G_9_48_NRMSE,-0.09262564161255288,-0.15490527836145795,-0.005842383027492501
16,T1_minus_T0,continuous128/G_49_64_NRMSE,-0.22474255206973176,-0.2993013851708804,-0.08757519805474154
16,T1_minus_T0,continuous128/m_bias,0.05647420883178711,-0.04911616643269857,0.17437300284703558
16,T1_minus_T0,continuous128/m2_bias,0.06769254083822793,0.04800859526731074,0.08706221591564826
16,T1_minus_T0,continuous128/abs_m_bias,0.08039236068725586,0.0535823663075765,0.10482621987660724
16,T1_minus_T0,continuous128/energy_bias,0.0008623418532644304,-0.0010095170789503449,0.0026983165991274795
16,T1_minus_T0,continuous96/G_1_8_NRMSE,-0.0161334340006179,-0.02471477340880603,-0.0007986021307595154
16,T1_minus_T0,continuous96/G_9_24_NRMSE,-0.055048676322180135,-0.09246517174353217,-0.001021597931514498
16,T1_minus_T0,continuous96/G_25_48_NRMSE,-0.117351103328656,-0.16057868926275423,-0.01755273142676427
16,T1_minus_T0,continuous96/m_bias,0.01652470341435185,-0.029717127482096338,0.06214237919560183
16,T1_minus_T0,continuous96/m2_bias,0.04530573087464637,0.029704092185438406,0.060356499171919285
16,T1_minus_T0,continuous96/abs_m_bias,0.05206637912326387,0.03276006910536024,0.07017158225730613
16,T1_minus_T0,continuous96/energy_bias,-0.0004168951023392018,-0.002255545275950296,0.0015705809119151938
16,T1_minus_T0,continuous48/G_1_8_NRMSE,-0.0026981871514278333,-0.01530213211444123,0.011597522929275052
16,T1_minus_T0,continuous48/G_9_24_NRMSE,-0.012609204259505485,-0.0425580435388557,0.0345628965244573
16,T1_minus_T0,continuous48/G_1_24_NRMSE,-0.008899282051934292,-0.0315282763447241,0.024296892519218297
16,T1_minus_T0,continuous48/m_bias,0.017010724103009238,-0.015399169921875032,0.05292177553530093
16,T1_minus_T0,continuous48/m2_bias,-0.004544990052902154,-0.024498084101657314,0.011777533179938526
16,T1_minus_T0,continuous48/abs_m_bias,-0.00376383463541664,-0.026718309190538178,0.015468625669126157
16,T1_minus_T0,continuous48/energy_bias,0.0009361609781323539,-0.0018836632406176038,0.003483563506575084
16,T1_minus_T0,held_s10_w48/G_10_30_NRMSE,-0.05270810333762434,-0.08797817914938653,-0.01078375199416927
16,T1_minus_T0,held_s10_w48/G_40_120_NRMSE,-0.08212612022580085,-0.18765867490590077,0.031283331563016166
16,T1_minus_T0,held_s10_w48/G_130_470_NRMSE,-0.029600598421708618,-0.1755953853437402,0.11218510211826314
16,T1_minus_T0,held_s10_w48/m_bias,0.07078495732060185,0.010333534523292831,0.12348095929181133
16,T1_minus_T0,held_s10_w48/m2_bias,0.049134433024214094,0.02826288290965704,0.06626150235227105
16,T1_minus_T0,held_s10_w48/abs_m_bias,0.06312165436921295,0.03136698404947917,0.0943763450339988
16,T1_minus_T0,held_s10_w48/energy_bias,-0.01960281841016548,-0.026090639082816204,-0.012383787908170818
16,T2_minus_T1,matched_continuous48/natural/sequential_kl,-0.0009326435752090422,-0.0012562419552349766,-0.0006265105336686897
16,T2_minus_T1,matched_continuous48/natural/parallel_kl,-0.0019703155545006436,-0.0025092070523540246,-0.0014530450926745302
16,T2_minus_T1,matched_continuous48/natural/oracle_parallel_kl,0.0,0.0,0.0
16,T2_minus_T1,matched_continuous48/natural/marginal_kl,-0.0019703155545006488,-0.002509207052354028,-0.0014530450926745304
16,T2_minus_T1,matched_continuous48/natural/order_tv,-0.0032730494646371587,-0.0058704780142997525,-0.0005346027363274007
16,T2_minus_T1,matched_continuous48/natural/geometry_probability_mae,-0.003536219959796614,-0.00537115622724233,-0.0012858396358668396
16,T2_minus_T1,matched_continuous48/natural/response_rmse,-0.004069579418141237,-0.008223208098940915,0.00023778614595851486
16,T2_minus_T1,matched_continuous96/natural/sequential_kl,-0.00027901591691114583,-0.000532133591241043,-3.5903018525249326e-05
16,T2_minus_T1,matched_continuous96/natural/parallel_kl,-0.0004492730255754515,-0.000837533862874149,-1.507762585807072e-05
16,T2_minus_T1,matched_continuous96/natural/oracle_parallel_kl,0.0,0.0,0.0
16,T2_minus_T1,matched_continuous96/natural/marginal_kl,-0.00044927302557544674,-0.0008375338628741455,-1.5077625858069618e-05
16,T2_minus_T1,matched_continuous96/natural/order_tv,-0.0029029069499822164,-0.003909407735443208,-0.0016427618429296848
16,T2_minus_T1,matched_continuous96/natural/geometry_probability_mae,0.00064911179129706,-0.003501338217304157,0.005202096488364302
16,T2_minus_T1,matched_continuous96/natural/response_rmse,-0.004005202230476644,-0.01299775029909565,0.0040748706399164536
16,T2_minus_T1,matched_continuous128/natural/sequential_kl,0.0024730100487278753,-0.0006293345667725024,0.004855478825796542
16,T2_minus_T1,matched_continuous128/natural/parallel_kl,0.0035617650119820488,-0.0008530657556273508,0.007044300499116427
16,T2_minus_T1,matched_continuous128/natural/oracle_parallel_kl,0.0,0.0,0.0
16,T2_minus_T1,matched_continuous128/natural/marginal_kl,0.003561765011982054,-0.0008530657556273489,0.007044300499116425
16,T2_minus_T1,matched_continuous128/natural/order_tv,0.000443221916223778,-0.0021641407501388787,0.003663588367218001
16,T2_minus_T1,matched_continuous128/natural/geometry_probability_mae,0.007906838764158552,0.00476845650684993,0.010891227410761014
16,T2_minus_T1,matched_continuous128/natural/response_rmse,0.02244181235225167,0.011899023775143796,0.033141878661271565
16,T2_minus_T1,unequal_distance_w48/natural/sequential_kl,-0.0008706011638932075,-0.0011385530428399528,-0.0006155463773934411
16,T2_minus_T1,unequal_distance_w48/natural/parallel_kl,-0.0015906180482561094,-0.0018942509957939162,-0.0012413067008986
16,T2_minus_T1,unequal_distance_w48/natural/oracle_parallel_kl,0.0,0.0,0.0
16,T2_minus_T1,unequal_distance_w48/natural/marginal_kl,-0.0015906180482561129,-0.0018942509957939138,-0.001241306700898616
16,T2_minus_T1,unequal_distance_w48/natural/order_tv,-0.002270776427026503,-0.003338504385796033,-0.0012458730405622352
16,T2_minus_T1,unequal_distance_w48/natural/geometry_probability_mae,-0.006393629987817805,-0.00905724285059359,-0.003930373642317034
16,T2_minus_T1,unequal_distance_w48/natural/response_rmse,-0.0053279722181504875,-0.008196024036871268,-0.0018044942104822833
16,T2_minus_T1,matched_continuous48/common/sequential_kl,-0.0009699137436832389,-0.0012677842387651093,-0.000666823053915686
16,T2_minus_T1,matched_continuous48/common/parallel_kl,-0.002044855891449038,-0.002564483575297893,-0.0015545007142886832
16,T2_minus_T1,matched_continuous48/common/oracle_parallel_kl,0.0,0.0,0.0
16,T2_minus_T1,matched_continuous48/common/marginal_kl,-0.002044855891449043,-0.0025644835752978985,-0.0015545007142886893
16,T2_minus_T1,matched_continuous48/common/order_tv,-0.0023571778775372774,-0.004748775652034456,0.00027048214166712264
16,T2_minus_T1,matched_continuous48/common/geometry_probability_mae,-0.003536219959796614,-0.00537115622724233,-0.0012858396358668396
16,T2_minus_T1,matched_continuous48/common/response_rmse,-0.004069579418141237,-0.008223208098940915,0.00023778614595851486
16,T2_minus_T1,matched_continuous96/common/sequential_kl,-0.00026226895437996803,-0.00045742444199983414,-6.971165105682019e-05
16,T2_minus_T1,matched_continuous96/common/parallel_kl,-0.00043274891029849993,-0.0007812242356998792,3.900070043322807e-06
16,T2_minus_T1,matched_continuous96/common/oracle_parallel_kl,0.0,0.0,0.0
16,T2_minus_T1,matched_continuous96/common/marginal_kl,-0.00043274891029849104,-0.0007812242356998726,3.900070043329545e-06
16,T2_minus_T1,matched_continuous96/common/order_tv,-0.00256666662248114,-0.00340768130229085,-0.0015165841037945262
16,T2_minus_T1,matched_continuous96/common/geometry_probability_mae,0.0007101655196756936,-0.0033884837351386573,0.005503142012161956
16,T2_minus_T1,matched_continuous96/common/response_rmse,-0.0031857681453274535,-0.011735450594823275,0.004920075198783733
16,T2_minus_T1,matched_continuous128/common/sequential_kl,0.0023710951044695946,-0.0005198619652152678,0.004462708018090901
16,T2_minus_T1,matched_continuous128/common/parallel_kl,0.003457114125615182,-0.0005017073824835557,0.00674069650266135
16,T2_minus_T1,matched_continuous128/common/oracle_parallel_kl,0.0,0.0,0.0
16,T2_minus_T1,matched_continuous128/common/marginal_kl,0.003457114125615182,-0.0005017073824835557,0.006740696502661358
16,T2_minus_T1,matched_continuous128/common/order_tv,0.000747356479039174,-0.0017901522011264256,0.0038928705265987955
16,T2_minus_T1,matched_continuous128/common/geometry_probability_mae,0.007782147278194731,0.004955240993079168,0.010369848063568604
16,T2_minus_T1,matched_continuous128/common/response_rmse,0.022087047145800988,0.013478029741843122,0.03008049786854362
16,T2_minus_T1,unequal_distance_w48/common/sequential_kl,-0.0008262946381977542,-0.0010552350522703322,-0.0006039538382868017
16,T2_minus_T1,unequal_distance_w48/common/parallel_kl,-0.0015020049968652027,-0.0017588323897523637,-0.0012156133436734139
16,T2_minus_T1,unequal_distance_w48/common/oracle_parallel_kl,0.0,0.0,0.0
16,T2_minus_T1,unequal_distance_w48/common/marginal_kl,-0.001502004996865201,-0.0017588323897523696,-0.0012156133436734221
16,T2_minus_T1,unequal_distance_w48/common/order_tv,-0.0015150850059204544,-0.0025581409924050674,-0.0005406274281265977
16,T2_minus_T1,unequal_distance_w48/common/geometry_probability_mae,-0.006393629987817805,-0.00905724285059359,-0.003930373642317034
16,T2_minus_T1,unequal_distance_w48/common/response_rmse,-0.0053279722181504875,-0.008196024036871268,-0.0018044942104822833
16,T2_minus_T1,w128_k8/CE,2.9501349465055338e-05,-0.0009015430445707405,0.000977514787560983
16,T2_minus_T1,w128_k32/CE,-5.9093237647078745e-05,-0.0005122826615399229,0.0004730075818300676
16,T2_minus_T1,w128_t05/CE,-6.713614600012408e-05,-0.00017681431483619058,3.8040738767107434e-05
16,T2_minus_T1,w128_t095/CE,-7.039329223945678e-05,-0.0002199023668021771,9.151388553774588e-05
16,T2_minus_T1,w48_t05/CE,-8.486618332081974e-06,-5.8921944523369904e-05,4.343876294101294e-05
16,T2_minus_T1,w48_t095/CE,-5.0148631141555544e-05,-0.000165770837795981,6.538114704857652e-05
16,T2_minus_T1,continuous128/G_1_8_NRMSE,-0.0004310121872380217,-0.005621293775144899,0.005163420053036366
16,T2_minus_T1,continuous128/G_9_48_NRMSE,0.021277087980712192,-0.008771025505583497,0.04354375161942836
16,T2_minus_T1,continuous128/G_49_64_NRMSE,0.02301460159223495,-0.01941475535262176,0.061023103866830464
16,T2_minus_T1,continuous128/m_bias,0.009079933166503906,-0.015315214792887371,0.03493532737096149
16,T2_minus_T1,continuous128/m2_bias,0.00853040247845153,-0.0005413414556339072,0.017873802571557462
16,T2_minus_T1,continuous128/abs_m_bias,0.009852091471354166,-0.0018307010332743328,0.022179027398427326
16,T2_minus_T1,continuous128/energy_bias,-0.0028281224368438274,-0.003960240481719557,-0.0015274528443344274
16,T2_minus_T1,continuous96/G_1_8_NRMSE,-0.0018475911931701457,-0.006081524754559636,0.0048370326871666125
16,T2_minus_T1,continuous96/G_9_24_NRMSE,0.003772563520835562,-0.01653069274338609,0.02098874520141923
16,T2_minus_T1,continuous96/G_25_48_NRMSE,0.011776738738447451,-0.030399319850188827,0.03693932949606976
16,T2_minus_T1,continuous96/m_bias,-0.006835937499999994,-0.024709051626699934,0.007353775589554395
16,T2_minus_T1,continuous96/m2_bias,0.004551054273613177,-0.005256918265863735,0.012989421283879869
16,T2_minus_T1,continuous96/abs_m_bias,0.004423918547453701,-0.005416135434751179,0.013901053534613692
16,T2_minus_T1,continuous96/energy_bias,-0.0015091031615497297,-0.002677715814601565,-0.00015909116867685708
16,T2_minus_T1,continuous48/G_1_8_NRMSE,0.0005281273502756728,-0.004364260065298805,0.006461575454101387
16,T2_minus_T1,continuous48/G_9_24_NRMSE,0.004929204741510124,-0.012295255437600402,0.018756374342069525
16,T2_minus_T1,continuous48/G_1_24_NRMSE,0.0031742595567762835,-0.00898575984051569,0.013819475333739726
16,T2_minus_T1,continuous48/m_bias,0.003406665943287056,-0.018133884006076365,0.02637204770688654
16,T2_minus_T1,continuous48/m2_bias,-0.0020175019409430887,-0.009808890956910038,0.005212527734261967
16,T2_minus_T1,continuous48/abs_m_bias,-0.0032393844039352304,-0.01195090964988422,0.005614612720630796
16,T2_minus_T1,continuous48/energy_bias,-0.00021470523049640054,-0.0014229127419474504,0.0012504848182624381
16,T2_minus_T1,held_s10_w48/G_10_30_NRMSE,-0.0015301350171759986,-0.00795537202831171,0.003505969052486113
16,T2_minus_T1,held_s10_w48/G_40_120_NRMSE,-0.005959733621080515,-0.019795986081878793,0.013789133729174573
16,T2_minus_T1,held_s10_w48/G_130_470_NRMSE,0.005136515590256102,-0.015729783699783815,0.029201750043831142
16,T2_minus_T1,held_s10_w48/m_bias,-0.010936595775462965,-0.03887543854890046,0.017016488534432862
16,T2_minus_T1,held_s10_w48/m2_bias,0.0018455050119156836,-0.0032130723136933404,0.007185879312915577
16,T2_minus_T1,held_s10_w48/abs_m_bias,0.0027126736111111336,-0.005804725929542836,0.010718056007667844
16,T2_minus_T1,held_s10_w48/energy_bias,0.0009303893321513015,-0.0011800130208333526,0.0031523576019503678
16,T2_minus_T0,matched_continuous48/natural/sequential_kl,-0.00800663291657519,-0.012364009920597415,-0.00467588146054479
16,T2_minus_T0,matched_continuous48/natural/parallel_kl,-0.011781459933262756,-0.01890988108002731,-0.0059956751807870015
16,T2_minus_T0,matched_continuous48/natural/oracle_parallel_kl,0.0,0.0,0.0
16,T2_minus_T0,matched_continuous48/natural/marginal_kl,-0.011781459933262762,-0.018909881080027315,-0.0059956751807870075
16,T2_minus_T0,matched_continuous48/natural/order_tv,-0.011947033399537368,-0.019645482121733004,-0.0037736368235274337
16,T2_minus_T0,matched_continuous48/natural/geometry_probability_mae,-0.024764306778427878,-0.03749300603069295,-0.01510282149279079
16,T2_minus_T0,matched_continuous48/natural/response_rmse,-0.03594783953431066,-0.050450787154057396,-0.021939563191786454
16,T2_minus_T0,matched_continuous96/natural/sequential_kl,-0.10298184056196545,-0.12726064902372292,-0.07722670511550887
16,T2_minus_T0,matched_continuous96/natural/parallel_kl,-0.11628703468017304,-0.14229211540667086,-0.08885546360450414
16,T2_minus_T0,matched_continuous96/natural/oracle_parallel_kl,0.0,0.0,0.0
16,T2_minus_T0,matched_continuous96/natural/marginal_kl,-0.11628703468017305,-0.1422921154066708,-0.08885546360450414
16,T2_minus_T0,matched_continuous96/natural/order_tv,-0.025345087543703827,-0.028362044444038535,-0.022902716447436036
16,T2_minus_T0,matched_continuous96/natural/geometry_probability_mae,-0.06381438421243808,-0.0849303276299617,-0.03850479731285751
16,T2_minus_T0,matched_continuous96/natural/response_rmse,-0.17402065796505792,-0.23140287307234275,-0.10499299293500755
16,T2_minus_T0,matched_continuous128/natural/sequential_kl,-0.1591873507570039,-0.18198479937194212,-0.13281846811720463
16,T2_minus_T0,matched_continuous128/natural/parallel_kl,-0.14858253075808164,-0.17125467805296413,-0.12085816859382725
16,T2_minus_T0,matched_continuous128/natural/oracle_parallel_kl,0.0,0.0,0.0
16,T2_minus_T0,matched_continuous128/natural/marginal_kl,-0.14858253075808164,-0.17125467805296415,-0.12085816859382725
16,T2_minus_T0,matched_continuous128/natural/order_tv,0.01534856576077452,0.012921851798545941,0.017853063833539278
16,T2_minus_T0,matched_continuous128/natural/geometry_probability_mae,-0.08944982409681991,-0.10806544680221404,-0.06491950312621735
16,T2_minus_T0,matched_continuous128/natural/response_rmse,-0.22951860535805785,-0.28023960783626145,-0.16300654867391726
16,T2_minus_T0,unequal_distance_w48/natural/sequential_kl,-0.010541180736566501,-0.016112361564547963,-0.005195269796336142
16,T2_minus_T0,unequal_distance_w48/natural/parallel_kl,-0.012264444802813357,-0.019556786645369036,-0.004520990192597932
16,T2_minus_T0,unequal_distance_w48/natural/oracle_parallel_kl,0.0,0.0,0.0
16,T2_minus_T0,unequal_distance_w48/natural/marginal_kl,-0.012264444802813367,-0.019556786645369036,-0.0045209901925979306
16,T2_minus_T0,unequal_distance_w48/natural/order_tv,-0.004446861408554072,-0.010611016777034753,0.0023220162665631124
16,T2_minus_T0,unequal_distance_w48/natural/geometry_probability_mae,-0.020612340673561685,-0.02776249405389391,-0.012661151054049614
16,T2_minus_T0,unequal_distance_w48/natural/response_rmse,-0.029144472063242003,-0.04473781086805962,-0.012262816008210994
16,T2_minus_T0,matched_continuous48/common/sequential_kl,-0.007218796781998833,-0.011510917502901279,-0.004201800102589857
16,T2_minus_T0,matched_continuous48/common/parallel_kl,-0.010205787664110035,-0.017035981586508223,-0.005024923746475147
16,T2_minus_T0,matched_continuous48/common/oracle_parallel_kl,0.0,0.0,0.0
16,T2_minus_T0,matched_continuous48/common/marginal_kl,-0.010205787664110042,-0.017035981586508223,-0.005024923746475142
16,T2_minus_T0,matched_continuous48/common/order_tv,-0.006899384477560215,-0.013633380029007146,0.0012557868275295293
16,T2_minus_T0,matched_continuous48/common/geometry_probability_mae,-0.024764306778427878,-0.03749300603069295,-0.01510282149279079
16,T2_minus_T0,matched_continuous48/common/response_rmse,-0.03594783953431066,-0.050450787154057396,-0.021939563191786454
16,T2_minus_T0,matched_continuous96/common/sequential_kl,-0.0910877852496698,-0.1091672395893859,-0.07072716420665276
16,T2_minus_T0,matched_continuous96/common/parallel_kl,-0.10548474780253787,-0.12655670261317575,-0.08253036336147557
16,T2_minus_T0,matched_continuous96/common/oracle_parallel_kl,0.0,0.0,0.0
16,T2_minus_T0,matched_continuous96/common/marginal_kl,-0.10548474780253785,-0.12655670261317575,-0.08253036336147553
16,T2_minus_T0,matched_continuous96/common/order_tv,-0.02818016897345013,-0.031765354984108166,-0.024569979183460093
16,T2_minus_T0,matched_continuous96/common/geometry_probability_mae,-0.05593726112260626,-0.07524350530804753,-0.033737534818604524
16,T2_minus_T0,matched_continuous96/common/response_rmse,-0.15274047492626713,-0.20468839701043867,-0.09381452773490927
16,T2_minus_T0,matched_continuous128/common/sequential_kl,-0.15159732626399877,-0.1719141062256113,-0.12787948285092665
16,T2_minus_T0,matched_continuous128/common/parallel_kl,-0.14273113747627178,-0.16345945298416487,-0.11686158904333283
16,T2_minus_T0,matched_continuous128/common/oracle_parallel_kl,0.0,0.0,0.0
16,T2_minus_T0,matched_continuous128/common/marginal_kl,-0.1427311374762718,-0.16345945298416487,-0.11686158904333287
16,T2_minus_T0,matched_continuous128/common/order_tv,0.014038981512823668,0.011822485841478552,0.016733902654714576
16,T2_minus_T0,matched_continuous128/common/geometry_probability_mae,-0.08537120013323077,-0.10282033425424146,-0.062251336717235886
16,T2_minus_T0,matched_continuous128/common/response_rmse,-0.2194298766980997,-0.268722537746129,-0.156007375665458
16,T2_minus_T0,unequal_distance_w48/common/sequential_kl,-0.009806925974734971,-0.015394619950811629,-0.004620998976136197
16,T2_minus_T0,unequal_distance_w48/common/parallel_kl,-0.010795935279150293,-0.018122870399099194,-0.003365821294681055
16,T2_minus_T0,unequal_distance_w48/common/oracle_parallel_kl,0.0,0.0,0.0
16,T2_minus_T0,unequal_distance_w48/common/marginal_kl,-0.010795935279150294,-0.01812287039909921,-0.003365821294681056
16,T2_minus_T0,unequal_distance_w48/common/order_tv,-0.000838668419955356,-0.005812445009710512,0.004659427871386589
16,T2_minus_T0,unequal_distance_w48/common/geometry_probability_mae,-0.020612340673561685,-0.02776249405389391,-0.012661151054049614
16,T2_minus_T0,unequal_distance_w48/common/response_rmse,-0.029144472063242003,-0.04473781086805962,-0.012262816008210994
16,T2_minus_T0,w128_k8/CE,-0.0775504534149255,-0.09343165478294443,-0.059496329651398616
16,T2_minus_T0,w128_k32/CE,-0.0052641767046535115,-0.007970418979354046,-0.002392202449153393
16,T2_minus_T0,w128_t05/CE,0.00024339978782322857,-9.682433462872284e-05,0.0005230787153995067
16,T2_minus_T0,w128_t095/CE,0.00044001860239550883,-0.00011792593499874159,0.0012467077608060474
16,T2_minus_T0,w48_t05/CE,0.00011728312719855305,-1.9143545107175306e-05,0.000276486649523
16,T2_minus_T0,w48_t095/CE,0.00011570311350123097,-0.0001402987896879357,0.00039363117321059845
16,T2_minus_T0,continuous128/G_1_8_NRMSE,-0.015852811475344075,-0.031877126058779175,0.0060684134165937915
16,T2_minus_T0,continuous128/G_9_48_NRMSE,-0.07134855363184067,-0.1539890214908414,0.027776567598116343
16,T2_minus_T0,continuous128/G_49_64_NRMSE,-0.2017279504774968,-0.3064224882601656,-0.04285525966379806
16,T2_minus_T0,continuous128/m_bias,0.06555414199829102,-0.047078092892964676,0.1785836617151896
16,T2_minus_T0,continuous128/m2_bias,0.07622294331667945,0.060692478347724926,0.09181811082768641
16,T2_minus_T0,continuous128/abs_m_bias,0.09024445215861003,0.06985696156819662,0.11100857655207315
16,T2_minus_T0,continuous128/energy_bias,-0.001965780583579397,-0.0033562787874476434,-0.0003425117552750033
16,T2_minus_T0,continuous96/G_1_8_NRMSE,-0.017981025193788046,-0.027181630954948303,-0.0016358086905147295
16,T2_minus_T0,continuous96/G_9_24_NRMSE,-0.05127611280134457,-0.09385669059622101,0.013814736787729648
16,T2_minus_T0,continuous96/G_25_48_NRMSE,-0.10557436459020855,-0.16348142834673612,-0.0010800737542373514
16,T2_minus_T0,continuous96/m_bias,0.009688765914351857,-0.03600925869411892,0.05629481562861687
16,T2_minus_T0,continuous96/m2_bias,0.04985678514825955,0.03448307371004619,0.06214919516763078
16,T2_minus_T0,continuous96/abs_m_bias,0.05649029767071757,0.0369389145462601,0.07232584070276332
16,T2_minus_T0,continuous96/energy_bias,-0.0019259982638889315,-0.003580129523026313,-9.98049730445938e-05
16,T2_minus_T0,continuous48/G_1_8_NRMSE,-0.0021700598011521605,-0.014315007825536406,0.012632873980326045
16,T2_minus_T0,continuous48/G_9_24_NRMSE,-0.007679999517995362,-0.04223704911882401,0.03870081277737186
16,T2_minus_T0,continuous48/G_1_24_NRMSE,-0.005725022495158008,-0.030753402183534964,0.0285246476728705
16,T2_minus_T0,continuous48/m_bias,0.020417390046296294,-0.007064141167534741,0.055030088071469904
16,T2_minus_T0,continuous48/m2_bias,-0.006562491993845242,-0.02426448246088538,0.009430311638631918
16,T2_minus_T0,continuous48/abs_m_bias,-0.0070032190393518705,-0.02905736852575232,0.01126708984374995
16,T2_minus_T0,continuous48/energy_bias,0.0007214557476359533,-0.002015920508274244,0.003342677628176764
16,T2_minus_T0,held_s10_w48/G_10_30_NRMSE,-0.054238238354800336,-0.0890332958136623,-0.012284735648892852
16,T2_minus_T0,held_s10_w48/G_40_120_NRMSE,-0.08808585384688136,-0.19673586871981916,0.02686992030739417
16,T2_minus_T0,held_s10_w48/G_130_470_NRMSE,-0.024464082831452516,-0.17058084499787665,0.12133562805089304
16,T2_minus_T0,held_s10_w48/m_bias,0.05984836154513888,0.009766359682436337,0.09697248670789929
16,T2_minus_T0,held_s10_w48/m2_bias,0.050979938036129775,0.029549569995314995,0.07097071237524842
16,T2_minus_T0,held_s10_w48/abs_m_bias,0.06583432798032408,0.03375860143590855,0.09913606996889467
16,T2_minus_T0,held_s10_w48/energy_bias,-0.018672429078014176,-0.02647361665189125,-0.010009881057919624
