contrast,geometry,K,ce,ci95_low,ci95_high,role
H1_distance,id_continuous48,2,0.0015569032404829652,-0.000568188281945714,0.0036688580430106286,secondary_pointwise
H1_distance,id_continuous48,32,-0.0008938515159563343,-0.0024546522546751064,0.0005889162586490951,secondary_pointwise
H1_distance,id_continuous48,512,0.0006730977177369923,-8.832147167186777e-05,0.0014883769615522554,secondary_pointwise
H1_distance,id_continuous48,1152,0.0004285356290074649,-0.00039792851614068036,0.0012576431032709596,secondary_pointwise
H1_distance,id_continuous48,115,-0.0001661189444268074,-0.001240863952209112,0.000995604853029132,secondary_pointwise
H1_distance,id_gap48,2,-0.000986887499050404,-0.002852403709171247,0.0010751711413956476,secondary_pointwise
H1_distance,id_gap48,32,-0.03656365633308145,-0.04837411048443694,-0.026107868880538364,secondary_pointwise
H1_distance,id_gap48,512,-0.1290104963158878,-0.15496513830147732,-0.10758972136546215,secondary_pointwise
H1_distance,id_gap48,1152,-0.15233057052587967,-0.17614771232807988,-0.13173913898752296,secondary_pointwise
H1_distance,id_gap48,115,-0.07616601576628801,-0.09484130285804208,-0.06015876644506154,secondary_pointwise
H1_distance,held_gap48_span174,2,-0.001074668152885927,-0.0034912952499983442,0.0014339825867979398,secondary_pointwise
H1_distance,held_gap48_span174,32,-0.03849687744039121,-0.050733767055003334,-0.027606900226553523,secondary_pointwise
H1_distance,held_gap48_span174,512,-0.15855094780155005,-0.18366017094085674,-0.13623179930084944,secondary_pointwise
H1_distance,held_gap48_span174,1152,-0.23261691405087903,-0.2655056474604513,-0.20230846839975902,secondary_pointwise
H1_distance,held_gap48_span174,115,-0.07889785339014777,-0.09840130639589525,-0.06099582342299741,secondary_pointwise
H1_distance,held_context96,2,-0.002217933146276163,-0.006546129641188653,0.001337419788625308,secondary_pointwise
H1_distance,held_context96,32,-0.019792638133153906,-0.02982834482361041,-0.01097255173896514,secondary_pointwise
H1_distance,held_context96,512,-0.07629892316131753,-0.09711436781828138,-0.057479851449991036,secondary_pointwise
H1_distance,held_context96,4608,-0.08817033530480611,-0.10728635927765051,-0.0703632277608271,secondary_pointwise
H1_distance,held_context96,460,-0.07335696252753854,-0.09334131776861306,-0.05544418436784094,secondary_pointwise
H1_distance,held_context128,2,-0.00571624729097564,-0.01043364931125138,-0.0015068353947183127,secondary_pointwise
H1_distance,held_context128,32,-0.011675964844978237,-0.015828824275308972,-0.007590326632140484,secondary_pointwise
H1_distance,held_context128,512,-0.07526620277912471,-0.08781483652468301,-0.06274505681057903,secondary_pointwise
H1_distance,held_context128,8192,-0.12528884114280053,-0.14236032128115644,-0.10886806822592104,secondary_pointwise
H1_distance,held_context128,819,-0.09004656741903727,-0.10446583182685405,-0.07582574296449558,secondary_pointwise
H1_distance,held_gap96_span354,2,-0.01030832228757228,-0.015961796117694816,-0.005422441827909148,secondary_pointwise
H1_distance,held_gap96_span354,32,-0.007000751183445342,-0.010270384248336002,-0.003933987641418191,secondary_pointwise
H1_distance,held_gap96_span354,512,-0.044135925829198897,-0.05669837192078671,-0.03151667293471848,secondary_pointwise
H1_distance,held_gap96_span354,4608,-0.11741276586524552,-0.1350609451061131,-0.09930163402691451,secondary_pointwise
H1_distance,held_gap96_span354,460,-0.03944468429408199,-0.05104791399231263,-0.028109141168909096,secondary_pointwise
H2_context,id_continuous48,2,0.0014300663452248008,-0.00038183750803320594,0.003411601021179882,secondary_pointwise
H2_context,id_continuous48,32,-0.00013171396383931944,-0.002022734148859821,0.001710085859596394,secondary_pointwise
H2_context,id_continuous48,512,0.0007407331210764756,-0.00012637432267887936,0.0016047643541327674,secondary_pointwise
H2_context,id_continuous48,1152,0.00024522964813383785,-0.0005045103880466056,0.0009967707846920114,secondary_pointwise
H2_context,id_continuous48,115,0.0005890048081205745,-0.000665805880430563,0.0018117621087540491,secondary_pointwise
H2_context,id_gap48,2,0.00045470407457370854,-0.0012346522455374514,0.0021621850082597215,secondary_pointwise
H2_context,id_gap48,32,0.00047233794373313653,-0.0008200678443285841,0.0016984076027145604,secondary_pointwise
H2_context,id_gap48,512,-6.8130677671141e-05,-0.000860749429511605,0.0007040681603829313,secondary_pointwise
H2_context,id_gap48,1152,0.0006954862070850387,-0.00025771578060475726,0.00154810517542045,secondary_pointwise
H2_context,id_gap48,115,0.0004008393381271791,-0.0006497204213273628,0.0014941394932327242,secondary_pointwise
H2_context,held_gap48_span174,2,0.0011884728694471214,-0.00044899551839224227,0.0028660347071856294,secondary_pointwise
H2_context,held_gap48_span174,32,0.0011912665456496052,-0.0002712385242319176,0.002804857966637733,secondary_pointwise
H2_context,held_gap48_span174,512,-0.00010799933364996628,-0.0011392256308816711,0.0009004007055082353,secondary_pointwise
H2_context,held_gap48_span174,1152,-0.0006738099452940904,-0.001870977061097362,0.00037423133618619335,secondary_pointwise
H2_context,held_gap48_span174,115,0.001768885563884548,0.00016971150829596658,0.003559181849745506,secondary_pointwise
H2_context,held_context96,2,-0.005610516858262082,-0.011086839303538607,0.00037205239660806214,secondary_pointwise
H2_context,held_context96,32,-0.00868337590461521,-0.013710247877236362,-0.004046879821264578,secondary_pointwise
H2_context,held_context96,512,-0.012429612866878381,-0.015916423246000632,-0.008914208669059984,secondary_pointwise
H2_context,held_context96,4608,-0.008720909430435853,-0.011943503017487757,-0.0055598327673785815,secondary_pointwise
H2_context,held_context96,460,-0.01232623462970589,-0.015783824418938476,-0.00877255797194225,secondary_pointwise
H2_context,held_context128,2,-0.00854758663720423,-0.01242892633469794,-0.004811932869942636,secondary_pointwise
H2_context,held_context128,32,-0.011193348115164037,-0.014657050386613846,-0.007571055701055158,secondary_pointwise
H2_context,held_context128,512,-0.02270354393860219,-0.02765387844123376,-0.018171652864224334,secondary_pointwise
H2_context,held_context128,8192,-0.01621675735827255,-0.020766330377057374,-0.012047831905216575,secondary_pointwise
H2_context,held_context128,819,-0.022883387258117782,-0.027467745286903492,-0.018533049806134388,secondary_pointwise
H2_context,held_gap96_span354,2,-0.008330867248990792,-0.012148972080872423,-0.0045628003458335,secondary_pointwise
H2_context,held_gap96_span354,32,0.0007778926230715966,-0.0016062307101053386,0.003083537527352154,secondary_pointwise
H2_context,held_gap96_span354,512,0.015596325186641113,0.010295926956018933,0.021685379967590988,secondary_pointwise
H2_context,held_gap96_span354,4608,0.01818960151436888,0.010553573473474968,0.025831211619860423,secondary_pointwise
H2_context,held_gap96_span354,460,0.016119850754156118,0.01105366633938871,0.02192816128224718,secondary_pointwise
H3_fine_geometry,id_continuous48,2,-8.785151669699065e-05,-0.0014025366008003387,0.001226609963673969,secondary_pointwise
H3_fine_geometry,id_continuous48,32,-0.00038170724391323185,-0.0012589370322101598,0.00048673980277533517,secondary_pointwise
H3_fine_geometry,id_continuous48,512,-0.00012629575090561396,-0.000791324410210996,0.0005522621430819186,secondary_pointwise
H3_fine_geometry,id_continuous48,1152,-0.0003371699148624896,-0.0009433952256533956,0.00028965781909901926,secondary_pointwise
H3_fine_geometry,id_continuous48,115,-0.0004773514609826002,-0.0012969862389376474,0.00034121186390033344,secondary_pointwise
H3_fine_geometry,id_gap48,2,1.3256072459610913e-05,-0.0017672530558199284,0.0017989994312950738,secondary_pointwise
H3_fine_geometry,id_gap48,32,-0.0018991296736966534,-0.004741317706678613,0.0006117246864911598,secondary_pointwise
H3_fine_geometry,id_gap48,512,-0.014339045057403299,-0.01956417693353024,-0.008685185591974886,secondary_pointwise
H3_fine_geometry,id_gap48,1152,-0.020737966496996385,-0.026266397823762524,-0.014976626621674935,secondary_pointwise
H3_fine_geometry,id_gap48,115,-0.004709729454738243,-0.008015641802561783,-0.001484947861421874,secondary_pointwise
H3_fine_geometry,held_gap48_span174,2,-0.00031905931407105736,-0.0015862670424444142,0.0008874175986225831,secondary_pointwise
H3_fine_geometry,held_gap48_span174,32,0.00029340182426296213,-0.0010716856774074274,0.0016344841615756691,secondary_pointwise
H3_fine_geometry,held_gap48_span174,512,-0.003463950302717622,-0.006465202345756464,-0.0007711857999682562,secondary_pointwise
H3_fine_geometry,held_gap48_span174,1152,-0.005802798698881562,-0.008734871434354481,-0.0029064804410019345,secondary_pointwise
H3_fine_geometry,held_gap48_span174,115,-0.0001436163025230197,-0.0019641702734473146,0.001725416752748196,secondary_pointwise
H3_fine_geometry,held_context96,2,-4.637500590431998e-05,-0.0013273222918243899,0.001355150560542084,secondary_pointwise
H3_fine_geometry,held_context96,32,-0.003060509041361681,-0.0059404572972668376,-0.0008526229355797517,secondary_pointwise
H3_fine_geometry,held_context96,512,-0.009594552917138455,-0.015216872170977011,-0.004976428139805078,secondary_pointwise
H3_fine_geometry,held_context96,4608,-0.02274368088391754,-0.031182219060423573,-0.01538059716183638,secondary_pointwise
H3_fine_geometry,held_context96,460,-0.009389167532608045,-0.014738357292533708,-0.0049570118361060905,secondary_pointwise
H3_fine_geometry,held_context128,2,-2.2279585569440208e-05,-0.0018493576806851957,0.0019889662620962687,secondary_pointwise
H3_fine_geometry,held_context128,32,-0.0016816839251745375,-0.004900583600615896,0.0017159214678317102,secondary_pointwise
H3_fine_geometry,held_context128,512,-0.01277915875205593,-0.018209379014405058,-0.008096720534014144,secondary_pointwise
H3_fine_geometry,held_context128,8192,-0.03207963621534815,-0.040430162470255104,-0.02384699365516699,secondary_pointwise
H3_fine_geometry,held_context128,819,-0.013899471699620858,-0.01965232236032559,-0.008638427441304181,secondary_pointwise
H3_fine_geometry,held_gap96_span354,2,-0.00025151464285677605,-0.0016084150208092924,0.0009557227305654072,secondary_pointwise
H3_fine_geometry,held_gap96_span354,32,5.540442115892219e-05,-0.0012743195248458045,0.0014170047732274694,secondary_pointwise
H3_fine_geometry,held_gap96_span354,512,-0.0015254314663408763,-0.006013968181404522,0.0029820939141554435,secondary_pointwise
H3_fine_geometry,held_gap96_span354,4608,0.005074543458665759,-0.0038081046526219743,0.013296637702511636,secondary_pointwise
H3_fine_geometry,held_gap96_span354,460,-0.0007197391527845598,-0.0048405874044255255,0.003479617564444862,secondary_pointwise
size_at_fixed_distance,id_continuous48,2,7.617744496679624e-05,-0.0024988409062855488,0.002364669989852964,secondary_pointwise
size_at_fixed_distance,id_continuous48,32,0.0006425056088205094,-0.0007531826155212959,0.001984498323544614,secondary_pointwise
size_at_fixed_distance,id_continuous48,512,0.00022102106430049728,-0.0005619494254732113,0.00101443038903905,secondary_pointwise
size_at_fixed_distance,id_continuous48,1152,7.822821447756034e-05,-0.0005140952675280613,0.0007153416566880808,secondary_pointwise
size_at_fixed_distance,id_continuous48,115,0.0005127389995164267,-0.0003548226639952509,0.0014394051896363203,secondary_pointwise
size_at_fixed_distance,id_gap48,2,-0.0035659220472444852,-0.00893236759654067,0.0014165649347287475,secondary_pointwise
size_at_fixed_distance,id_gap48,32,0.010848112197928694,0.005198692156181778,0.016701454443572274,secondary_pointwise
size_at_fixed_distance,id_gap48,512,0.003895245441824957,-0.0017859445567706856,0.009181639803113087,secondary_pointwise
size_at_fixed_distance,id_gap48,1152,-0.00033540752953020725,-0.003685552939338485,0.003309002913444378,secondary_pointwise
size_at_fixed_distance,id_gap48,115,0.01222426086253714,0.00564164483920847,0.01890096349582012,secondary_pointwise
size_at_fixed_distance,held_gap48_span174,2,0.0019384309214571793,-0.0040778468221574216,0.009127815265207409,secondary_pointwise
size_at_fixed_distance,held_gap48_span174,32,0.012557221495536175,0.006466118573709006,0.018635011288291158,secondary_pointwise
size_at_fixed_distance,held_gap48_span174,512,0.0056224303521479335,-0.0008391186380830113,0.011539011372852273,secondary_pointwise
size_at_fixed_distance,held_gap48_span174,1152,0.0031647873513114266,-0.0001856158940795216,0.0067364578957373805,secondary_pointwise
size_at_fixed_distance,held_gap48_span174,115,0.01364999751714191,0.006410660513566655,0.02074429485958634,secondary_pointwise
size_at_fixed_distance,held_context96,2,-0.007344299819525668,-0.01416398096114622,-0.0007760295808898922,secondary_pointwise
size_at_fixed_distance,held_context96,32,0.0012305848444547074,-0.0018895097822332228,0.004471917733427716,secondary_pointwise
size_at_fixed_distance,held_context96,512,0.005139981803205629,-0.004519013997410328,0.0158943271699862,secondary_pointwise
size_at_fixed_distance,held_context96,4608,-0.002330029360295083,-0.00749506932189515,0.002952151030283674,secondary_pointwise
size_at_fixed_distance,held_context96,460,0.0048191442768509285,-0.004462499547590239,0.01530344046435585,secondary_pointwise
size_at_fixed_distance,held_context128,2,-0.010572706505997731,-0.01677297566147899,-0.005437567696189573,secondary_pointwise
size_at_fixed_distance,held_context128,32,-0.009307646938202074,-0.013457872789898623,-0.005645446553305737,secondary_pointwise
size_at_fixed_distance,held_context128,512,0.002111393257924421,-0.007535388572841156,0.010852826870546131,secondary_pointwise
size_at_fixed_distance,held_context128,8192,-0.0055307003179015934,-0.012226142631157694,0.0011433261560607657,secondary_pointwise
size_at_fixed_distance,held_context128,819,0.003490121304692728,-0.00818443312500058,0.014886835724649312,secondary_pointwise
size_at_fixed_distance,held_gap96_span354,2,-0.008975850067601931,-0.014480837107071912,-0.004344286713951037,secondary_pointwise
size_at_fixed_distance,held_gap96_span354,32,-0.007938561076391792,-0.01287592866331873,-0.0032549103377639264,secondary_pointwise
size_at_fixed_distance,held_gap96_span354,512,0.015742702745783155,0.006731672912177841,0.02278872383760272,secondary_pointwise
size_at_fixed_distance,held_gap96_span354,4608,0.010074625258853054,0.00599518913408485,0.01408863396736208,secondary_pointwise
size_at_fixed_distance,held_gap96_span354,460,0.016474362034664902,0.00858005010684191,0.02298676954715094,secondary_pointwise
distance_at_fixed_size,id_continuous48,2,0.00020301434022496068,-0.0014697445130510494,0.0020446639098330916,secondary_pointwise
distance_at_fixed_size,id_continuous48,32,-0.0001196319432965054,-0.0013347333339617338,0.0011216659886905812,secondary_pointwise
distance_at_fixed_size,id_continuous48,512,0.00015338566096101403,-0.0005194675926085218,0.0008293115927199349,secondary_pointwise
distance_at_fixed_size,id_continuous48,1152,0.0002615341953511874,-0.00040215349728015546,0.0010157299660018644,secondary_pointwise
distance_at_fixed_size,id_continuous48,115,-0.0002423847530309553,-0.0011333158095487115,0.0006968502573853881,secondary_pointwise
distance_at_fixed_size,id_gap48,2,-0.005007513620868598,-0.010393058136966869,7.151501727678162e-05,secondary_pointwise
distance_at_fixed_size,id_gap48,32,-0.026187882078885893,-0.03611297611082976,-0.017368459889478136,secondary_pointwise
distance_at_fixed_size,id_gap48,512,-0.1250471201963917,-0.1508062445051001,-0.10364177891841479,secondary_pointwise
distance_at_fixed_size,id_gap48,1152,-0.15336146426249492,-0.17675400521846826,-0.13301348171426627,secondary_pointwise
distance_at_fixed_size,id_gap48,115,-0.06434259424187805,-0.08157976626488833,-0.04949116275615076,secondary_pointwise
distance_at_fixed_size,held_gap48_span174,2,-0.00032471010087586905,-0.006608972583457556,0.007012369170901944,secondary_pointwise
distance_at_fixed_size,held_gap48_span174,32,-0.02713092249050464,-0.03711852977947369,-0.018388612864480756,secondary_pointwise
distance_at_fixed_size,held_gap48_span174,512,-0.15282051811575215,-0.1774092172760328,-0.13076215230177615,secondary_pointwise
distance_at_fixed_size,held_gap48_span174,1152,-0.22877831675427351,-0.26217028013289395,-0.19800167465466925,secondary_pointwise
distance_at_fixed_size,held_gap48_span174,115,-0.0670167414368904,-0.08513455325929212,-0.05018674041260076,secondary_pointwise
distance_at_fixed_size,held_context96,2,-0.003951716107539749,-0.00852990395579271,0.00037240816081790046,secondary_pointwise
distance_at_fixed_size,held_context96,32,-0.00987867738408399,-0.014941897215975674,-0.005598778380445913,secondary_pointwise
distance_at_fixed_size,held_context96,512,-0.05872932849123352,-0.07708031054807037,-0.042288728918573465,secondary_pointwise
distance_at_fixed_size,held_context96,4608,-0.08177945523466534,-0.10023750046057031,-0.06393569762451924,secondary_pointwise
distance_at_fixed_size,held_context96,460,-0.05621158362098172,-0.07373390959852426,-0.04078128551411635,secondary_pointwise
distance_at_fixed_size,held_context128,2,-0.007741367159769141,-0.012365220296270924,-0.0028717920196336066,secondary_pointwise
distance_at_fixed_size,held_context128,32,-0.009790263668016275,-0.013811826352625364,-0.005526443202991141,secondary_pointwise
distance_at_fixed_size,held_context128,512,-0.050451265582598104,-0.062281383454829,-0.039208199607786924,secondary_pointwise
distance_at_fixed_size,held_context128,8192,-0.11460278410242958,-0.13042810517164619,-0.09874531786089352,secondary_pointwise
distance_at_fixed_size,held_context128,819,-0.06367305885622676,-0.0774398505138701,-0.050448988176097234,secondary_pointwise
distance_at_fixed_size,held_gap96_span354,2,-0.01095330510618342,-0.017217676152097166,-0.005398956444088082,secondary_pointwise
distance_at_fixed_size,held_gap96_span354,32,-0.01571720488290873,-0.021610042280701243,-0.010179661493803305,secondary_pointwise
distance_at_fixed_size,held_gap96_span354,512,-0.043989548270056855,-0.05300032732031044,-0.035139134937809,secondary_pointwise
distance_at_fixed_size,held_gap96_span354,4608,-0.12552774212076134,-0.14336386281328148,-0.10804786815466007,secondary_pointwise
distance_at_fixed_size,held_gap96_span354,460,-0.039090173013573204,-0.04728784773258488,-0.03104573268207799,secondary_pointwise
combined,id_continuous48,2,0.0016330806854497615,-0.0009699903559069134,0.004430349878986347,secondary_pointwise
combined,id_continuous48,32,-0.00025134590713582483,-0.002126912591910729,0.0014861025378668763,secondary_pointwise
combined,id_continuous48,512,0.0008941187820374896,-8.809439618144426e-05,0.00197717619673496,secondary_pointwise
combined,id_continuous48,1152,0.0005067638434850252,-0.0004514813864194764,0.0015102468731607067,secondary_pointwise
combined,id_continuous48,115,0.00034662005508961924,-0.0010465226738016308,0.001795624866220816,secondary_pointwise
combined,id_gap48,2,-0.004552809546294889,-0.01000591732480802,0.0009957376758067346,secondary_pointwise
combined,id_gap48,32,-0.025715544135152757,-0.03508625013599259,-0.017429997047407626,secondary_pointwise
combined,id_gap48,512,-0.12511525087406283,-0.15072827933660615,-0.10371435618161029,secondary_pointwise
combined,id_gap48,1152,-0.15266597805540988,-0.17611175925816555,-0.1323059903573031,secondary_pointwise
combined,id_gap48,115,-0.06394175490375087,-0.08058859067366356,-0.049567479134854264,secondary_pointwise
combined,held_gap48_span174,2,0.0008637627685712523,-0.005682318531348049,0.008322372549957005,secondary_pointwise
combined,held_gap48_span174,32,-0.025939655944855033,-0.03545846148910771,-0.01765396805074291,secondary_pointwise
combined,held_gap48_span174,512,-0.1529285174494021,-0.1773051400508692,-0.13123310945716588,secondary_pointwise
combined,held_gap48_span174,1152,-0.2294521266995676,-0.26254372731048214,-0.19907530737795545,secondary_pointwise
combined,held_gap48_span174,115,-0.06524785587300586,-0.08241306571966903,-0.04937912054533439,secondary_pointwise
combined,held_context96,2,-0.009562232965801831,-0.01907978383287495,0.0001677525852659831,secondary_pointwise
combined,held_context96,32,-0.0185620532886992,-0.027624961788178796,-0.01036798054185246,secondary_pointwise
combined,held_context96,512,-0.0711589413581119,-0.08954103637915789,-0.054111821803430916,secondary_pointwise
combined,held_context96,4608,-0.0905003646651012,-0.10861540997118878,-0.07325973212483002,secondary_pointwise
combined,held_context96,460,-0.06853781825068761,-0.08635045722322597,-0.05241961923778049,secondary_pointwise
combined,held_context128,2,-0.01628895379697337,-0.024378671842928634,-0.008466550978281731,secondary_pointwise
combined,held_context128,32,-0.02098361178318031,-0.02668677927056885,-0.015631326596775838,secondary_pointwise
combined,held_context128,512,-0.07315480952120029,-0.08758351045032348,-0.059896617425860915,secondary_pointwise
combined,held_context128,8192,-0.13081954146070213,-0.1476688824228722,-0.11441657124208533,secondary_pointwise
combined,held_context128,819,-0.08655644611434454,-0.10207724913869673,-0.07199071805159346,secondary_pointwise
combined,held_gap96_span354,2,-0.01928417235517421,-0.028398857382210756,-0.011187097882215873,secondary_pointwise
combined,held_gap96_span354,32,-0.014939312259837134,-0.02120358084056764,-0.009150619856767076,secondary_pointwise
combined,held_gap96_span354,512,-0.028393223083415742,-0.03833485806359201,-0.018013514232046925,secondary_pointwise
combined,held_gap96_span354,4608,-0.10733814060639246,-0.12371673852921301,-0.0901800485541594,secondary_pointwise
combined,held_gap96_span354,460,-0.022970322259417086,-0.03180431793438839,-0.013716079760333903,secondary_pointwise
interaction,id_continuous48,2,0.0013538889002580046,-0.0008890757725826425,0.0035723542740441674,secondary_pointwise
interaction,id_continuous48,32,-0.0007742195726598289,-0.0022593792956366655,0.0006760579537903701,secondary_pointwise
interaction,id_continuous48,512,0.0005197120567759783,-0.00035227239394734213,0.0013163469823650165,secondary_pointwise
interaction,id_continuous48,1152,0.0001670014336562775,-0.0006241782414571947,0.0009242004609609642,secondary_pointwise
interaction,id_continuous48,115,7.626580860414789e-05,-0.001044004408749895,0.0012313870039489274,secondary_pointwise
interaction,id_gap48,2,0.004020626121818194,-0.00074315254960369,0.009523311147737636,secondary_pointwise
interaction,id_gap48,32,-0.010375774254195558,-0.016104691243019005,-0.00462324930169465,secondary_pointwise
interaction,id_gap48,512,-0.003963376119496098,-0.009096806956480175,0.0016721922817933513,secondary_pointwise
interaction,id_gap48,1152,0.001030893736615246,-0.0025223665318996292,0.004616420126243783,secondary_pointwise
interaction,id_gap48,115,-0.01182342152440996,-0.0186910560650691,-0.004964962668282978,secondary_pointwise
interaction,held_gap48_span174,2,-0.0007499580520100579,-0.00811902814090509,0.005205320010068863,secondary_pointwise
interaction,held_gap48_span174,32,-0.01136595494988657,-0.0175879458565501,-0.005154973167187609,secondary_pointwise
interaction,held_gap48_span174,512,-0.0057304296857979,-0.011846176014550885,0.001039840707833145,secondary_pointwise
interaction,held_gap48_span174,1152,-0.003838597296605517,-0.007500376975196718,-0.00039214285332839547,secondary_pointwise
interaction,held_gap48_span174,115,-0.011881111953257362,-0.019333096331510223,-0.004286727240909374,secondary_pointwise
interaction,held_context96,2,0.0017337829612635858,-0.0012080283362636084,0.005025492154332891,secondary_pointwise
interaction,held_context96,32,-0.009913960749069917,-0.01563236446780967,-0.004882002570708241,secondary_pointwise
interaction,held_context96,512,-0.01756959467008401,-0.02960848423253046,-0.0075011400774465265,secondary_pointwise
interaction,held_context96,4608,-0.00639088007014077,-0.013376161380112984,0.0010317213015986152,secondary_pointwise
interaction,held_context96,460,-0.01714537890655682,-0.028830807734465648,-0.007387641848776329,secondary_pointwise
interaction,held_context128,2,0.0020251198687935013,-0.0018147778297587123,0.006080394210262004,secondary_pointwise
interaction,held_context128,32,-0.0018857011769619625,-0.006433052531577915,0.002880799023133955,secondary_pointwise
interaction,held_context128,512,-0.02481493719652661,-0.03404030255695552,-0.016267690234755758,secondary_pointwise
interaction,held_context128,8192,-0.010686057040370955,-0.018952098266341106,-0.00202451249938387,secondary_pointwise
interaction,held_context128,819,-0.02637350856281051,-0.03821567094511458,-0.015545010121565951,secondary_pointwise
interaction,held_gap96_span354,2,0.0006449828186111395,-0.003836258970850925,0.0048203603221457815,secondary_pointwise
interaction,held_gap96_span354,32,0.008716453699463389,0.0032455530029717795,0.014191087144141044,secondary_pointwise
interaction,held_gap96_span354,512,-0.00014637755914204131,-0.008278056682648152,0.008397473710064834,secondary_pointwise
interaction,held_gap96_span354,4608,0.008114976255515827,-0.001916700547958322,0.017430179667120686,secondary_pointwise
interaction,held_gap96_span354,460,-0.00035451128050878467,-0.007852486837857702,0.007352941169464535,secondary_pointwise
