seed,arm,geometry,K,t,ce,brier
92501,G00,id_continuous48,2,0.9991319444444444,0.6096674760678439,0.21021040939586186
92501,G00,id_continuous48,32,0.9861111111111112,0.4706810826523305,0.1494115779878438
92501,G00,id_continuous48,512,0.7777777777777778,0.33799410742656405,0.10014345057611684
92501,G00,id_continuous48,1152,0.5,0.29597394194687343,0.08521118208760439
92501,G00,id_continuous48,115,0.9500868055555556,0.41601535563164516,0.12820888477105633
92501,G00,id_gap48,2,0.9991319444444444,0.6429538043514457,0.2254519531833918
92501,G00,id_gap48,32,0.9861111111111112,0.5621130000316032,0.1878023091071922
92501,G00,id_gap48,512,0.7777777777777778,0.5628568473845877,0.18353286957034026
92501,G00,id_gap48,1152,0.5,0.5512764177516617,0.17741056997867052
92501,G00,id_gap48,115,0.9500868055555556,0.5626815790317748,0.1866081764165441
92501,G00,held_gap48_span174,2,0.9991319444444444,0.654912561768152,0.2312101163590546
92501,G00,held_gap48_span174,32,0.9861111111111112,0.5785905657996264,0.19479689928148544
92501,G00,held_gap48_span174,512,0.7777777777777778,0.6258772051688853,0.20677952959640808
92501,G00,held_gap48_span174,1152,0.5,0.6824059669063574,0.22307823441646954
92501,G00,held_gap48_span174,115,0.9500868055555556,0.5805007028270819,0.19392898809246167
92501,G00,held_context96,2,0.9997829861111112,0.6618388809646704,0.23450843616320646
92501,G00,held_context96,32,0.9965277777777778,0.5408003572261769,0.17859902114136722
92501,G00,held_context96,512,0.9444444444444444,0.49168512874264164,0.1592422318967275
92501,G00,held_context96,4608,0.5,0.38957335382799085,0.12187867991711314
92501,G00,held_context96,460,0.9500868055555556,0.49403490276703943,0.1602460362324778
92501,G00,held_context128,2,0.9998779296875,0.6744728010024775,0.2406888639756468
92501,G00,held_context128,32,0.998046875,0.5644318796038891,0.1883867449464457
92501,G00,held_context128,512,0.96875,0.5051390897804862,0.16510024566998915
92501,G00,held_context128,8192,0.5,0.4271409088752495,0.13576381600936216
92501,G00,held_context128,819,0.95001220703125,0.5011931973091588,0.16368480633126323
92501,G00,held_gap96_span354,2,0.9997829861111112,0.6797038805286857,0.24328939483620182
92501,G00,held_gap96_span354,32,0.9965277777777778,0.5996686935968687,0.20456984689053948
92501,G00,held_gap96_span354,512,0.9444444444444444,0.5815213148182096,0.19521410055541366
92501,G00,held_gap96_span354,4608,0.5,0.6390648025935738,0.20873327689151944
92501,G00,held_gap96_span354,460,0.9500868055555556,0.5794506793783353,0.19463666943983535
92501,G10,id_continuous48,2,0.9991319444444444,0.6093211812788375,0.21004614569596616
92501,G10,id_continuous48,32,0.9861111111111112,0.47098218178995416,0.149527856094855
92501,G10,id_continuous48,512,0.7777777777777778,0.3381889496379653,0.1002395146055365
92501,G10,id_continuous48,1152,0.5,0.29623522084576026,0.08525115867279381
92501,G10,id_continuous48,115,0.9500868055555556,0.4161474409287905,0.1282852377557353
92501,G10,id_gap48,2,0.9991319444444444,0.6357988155082204,0.22225680366276965
92501,G10,id_gap48,32,0.9861111111111112,0.5726243176357153,0.19160162122994617
92501,G10,id_gap48,512,0.7777777777777778,0.5612104720300739,0.18241488189197555
92501,G10,id_gap48,1152,0.5,0.5470202922104792,0.17558477449336934
92501,G10,id_gap48,115,0.9500868055555556,0.5710376713660017,0.1890857984716257
92501,G10,held_gap48_span174,2,0.9991319444444444,0.6558034639132233,0.23151937616059226
92501,G10,held_gap48_span174,32,0.9861111111111112,0.5912246034973496,0.1990634421540067
92501,G10,held_gap48_span174,512,0.7777777777777778,0.627468149950405,0.20648779454824437
92501,G10,held_gap48_span174,1152,0.5,0.6840680643545315,0.222478501352186
92501,G10,held_gap48_span174,115,0.9500868055555556,0.5928740698716626,0.19766512908182335
92501,G10,held_context96,2,0.9997829861111112,0.6505051153399305,0.22915842093339833
92501,G10,held_context96,32,0.9965277777777778,0.5421071020439003,0.17919314853734075
92501,G10,held_context96,512,0.9444444444444444,0.48760638314027943,0.15731140645961886
92501,G10,held_context96,4608,0.5,0.3862512045821573,0.12030110712589208
92501,G10,held_context96,460,0.9500868055555556,0.4894703409183433,0.15816643291623933
92501,G10,held_context128,2,0.9998779296875,0.659488304475913,0.233325740220375
92501,G10,held_context128,32,0.998046875,0.549873454498937,0.18251506253842018
92501,G10,held_context128,512,0.96875,0.5056112009434173,0.16505516445059648
92501,G10,held_context128,8192,0.5,0.41868037278311876,0.13190395261176355
92501,G10,held_context128,819,0.95001220703125,0.49687763750921443,0.16154745877534218
92501,G10,held_gap96_span354,2,0.9997829861111112,0.6718563498858715,0.23940412821462398
92501,G10,held_gap96_span354,32,0.9965277777777778,0.5860122585613815,0.19855608849691517
92501,G10,held_gap96_span354,512,0.9444444444444444,0.6000895640014766,0.19983826241142563
92501,G10,held_gap96_span354,4608,0.5,0.6472402512408035,0.20940516363538927
92501,G10,held_gap96_span354,460,0.9500868055555556,0.5972830293215902,0.19918444242037175
92501,G01,id_continuous48,2,0.9991319444444444,0.6097015723753078,0.21018570751728732
92501,G01,id_continuous48,32,0.9861111111111112,0.4706966545493491,0.14943474622652234
92501,G01,id_continuous48,512,0.7777777777777778,0.3382251863309514,0.10014600548268339
92501,G01,id_continuous48,1152,0.5,0.2960849271219773,0.08525646043649365
92501,G01,id_continuous48,115,0.9500868055555556,0.41593212308288885,0.12809275722953561
92501,G01,id_gap48,2,0.9991319444444444,0.6363796282898231,0.22259861715297147
92501,G01,id_gap48,32,0.9861111111111112,0.5378718303520229,0.17754789987788852
92501,G01,id_gap48,512,0.7777777777777778,0.43803372585218664,0.1372277835361515
92501,G01,id_gap48,1152,0.5,0.3970529147452898,0.12146046553444106
92501,G01,id_gap48,115,0.9500868055555556,0.4997230262588729,0.16137077214839382
92501,G01,held_gap48_span174,2,0.9991319444444444,0.6535390148469225,0.2305263497727378
92501,G01,held_gap48_span174,32,0.9861111111111112,0.5542458136301921,0.18475742142553647
92501,G01,held_gap48_span174,512,0.7777777777777778,0.4725880677686144,0.14999386394335187
92501,G01,held_gap48_span174,1152,0.5,0.4517129730810739,0.14109087317021793
92501,G01,held_gap48_span174,115,0.9500868055555556,0.5165103335784365,0.16831830387951746
92501,G01,held_context96,2,0.9997829861111112,0.6568207110511751,0.23212081492216946
92501,G01,held_context96,32,0.9965277777777778,0.5315863036849939,0.17473715919254254
92501,G01,held_context96,512,0.9444444444444444,0.43309577642502795,0.13523367106356293
92501,G01,held_context96,4608,0.5,0.3182496531851607,0.09355050696934267
92501,G01,held_context96,460,0.9500868055555556,0.4381614087032932,0.1372194524533831
92501,G01,held_context128,2,0.9998779296875,0.6657924183142884,0.2364081538477136
92501,G01,held_context128,32,0.998046875,0.5504837522091127,0.1825544390998505
92501,G01,held_context128,512,0.96875,0.4557374302908793,0.1442574847296748
92501,G01,held_context128,8192,0.5,0.3226013896126252,0.09495328348939178
92501,G01,held_context128,819,0.95001220703125,0.4376158478424507,0.13708463549140582
92501,G01,held_gap96_span354,2,0.9997829861111112,0.6684848125563951,0.2377389665308916
92501,G01,held_gap96_span354,32,0.9965277777777778,0.5795073593668815,0.19569706618343413
92501,G01,held_gap96_span354,512,0.9444444444444444,0.5429682199763088,0.17993555827543356
92501,G01,held_gap96_span354,4608,0.5,0.5079338851175669,0.16504989823073096
92501,G01,held_gap96_span354,460,0.9500868055555556,0.545692234406104,0.18109359533819783
92501,G11,id_continuous48,2,0.9991319444444444,0.6112535565326062,0.21086926991161214
92501,G11,id_continuous48,32,0.9861111111111112,0.4695712647922843,0.14900178640918113
92501,G11,id_continuous48,512,0.7777777777777778,0.338932320925557,0.10044058623385445
92501,G11,id_continuous48,1152,0.5,0.2969824588695332,0.08561080946122941
92501,G11,id_continuous48,115,0.9500868055555556,0.4160878940726284,0.12822907157704672
92501,G11,id_gap48,2,0.9991319444444444,0.635054142193981,0.2219125617509862
92501,G11,id_gap48,32,0.9861111111111112,0.5379174676667445,0.17758047596269377
92501,G11,id_gap48,512,0.7777777777777778,0.43796788060813924,0.13719974633040066
92501,G11,id_gap48,1152,0.5,0.3978041529932521,0.1217205823033654
92501,G11,id_gap48,115,0.9500868055555556,0.5005049936034358,0.16171870597205162
92501,G11,held_gap48_span174,2,0.9991319444444444,0.6547918455264108,0.23103023356694863
92501,G11,held_gap48_span174,32,0.9861111111111112,0.5558330057054615,0.1854619665866918
92501,G11,held_gap48_span174,512,0.7777777777777778,0.4723406699138189,0.1499625871442058
92501,G11,held_gap48_span174,1152,0.5,0.4498915400967719,0.14065076269744822
92501,G11,held_gap48_span174,115,0.9500868055555556,0.5190236151031886,0.16940218181514596
92501,G11,held_context96,2,0.9997829861111112,0.6488896336451376,0.22838384638516862
92501,G11,held_context96,32,0.9965277777777778,0.5222227090320176,0.17050841987900375
92501,G11,held_context96,512,0.9444444444444444,0.4195246443771896,0.12957837152120846
92501,G11,held_context96,4608,0.5,0.30536092147801297,0.08886614493926248
92501,G11,held_context96,460,0.9500868055555556,0.42555176280864465,0.13197655766468513
92501,G11,held_context128,2,0.9998779296875,0.6554948341781349,0.23137640070826912
92501,G11,held_context128,32,0.998046875,0.5351217514437301,0.17618224471037042
92501,G11,held_context128,512,0.96875,0.4312481343316023,0.1343941153861023
92501,G11,held_context128,8192,0.5,0.3013041881856175,0.08781729355111709
92501,G11,held_context128,819,0.95001220703125,0.41307929522705056,0.12734647724581202
92501,G11,held_gap96_span354,2,0.9997829861111112,0.6601609079093813,0.233653290027151
92501,G11,held_gap96_span354,32,0.9965277777777778,0.5806454868402042,0.19629304328135738
92501,G11,held_gap96_span354,512,0.9444444444444444,0.562995907442546,0.1875057605724108
92501,G11,held_gap96_span354,4608,0.5,0.5367722835216141,0.1748455550937627
92501,G11,held_gap96_span354,460,0.9500868055555556,0.5660540055761983,0.18879938138061914
92501,G11S,id_continuous48,2,0.9991319444444444,0.6123985725752114,0.2114175005823367
92501,G11S,id_continuous48,32,0.9861111111111112,0.46995194362370646,0.14906892476018246
92501,G11S,id_continuous48,512,0.7777777777777778,0.3393233459444745,0.10050671521153656
92501,G11S,id_continuous48,1152,0.5,0.29700905115497833,0.08552878908886702
92501,G11S,id_continuous48,115,0.9500868055555556,0.41692359061575696,0.12850404520982106
92501,G11S,id_gap48,2,0.9991319444444444,0.635464771192454,0.2221265944684642
92501,G11S,id_gap48,32,0.9861111111111112,0.5398232406702537,0.17838193029739444
92501,G11S,id_gap48,512,0.7777777777777778,0.452148159070416,0.14243374578363402
92501,G11S,id_gap48,1152,0.5,0.4191213856499201,0.12959609282189025
92501,G11S,id_gap48,115,0.9500868055555556,0.5049143551365067,0.16330116139757123
92501,G11S,held_gap48_span174,2,0.9991319444444444,0.655067335603584,0.23115309360747233
92501,G11S,held_gap48_span174,32,0.9861111111111112,0.5551588563419902,0.18512126429075557
92501,G11S,held_gap48_span174,512,0.7777777777777778,0.4757144882526197,0.1512071155697656
92501,G11S,held_gap48_span174,1152,0.5,0.4564530817877124,0.14301715747035504
92501,G11S,held_gap48_span174,115,0.9500868055555556,0.5191814827640666,0.16946210349757196
92501,G11S,held_context96,2,0.9997829861111112,0.6502033084997008,0.2290006025065578
92501,G11S,held_context96,32,0.9965277777777778,0.5285944905329015,0.17336193253870344
92501,G11S,held_context96,512,0.9444444444444444,0.4255269711663038,0.13183676195973193
92501,G11S,held_context96,4608,0.5,0.3173789834827747,0.09308708672040786
92501,G11S,held_context96,460,0.9500868055555556,0.4318738134262298,0.13440960759344248
92501,G11S,held_context128,2,0.9998779296875,0.6574733146530721,0.23234065243427363
92501,G11S,held_context128,32,0.998046875,0.5427064632105633,0.17936695517792706
92501,G11S,held_context128,512,0.96875,0.44407996959269097,0.13948012292912063
92501,G11S,held_context128,8192,0.5,0.3185373607987693,0.09349712485184687
92501,G11S,held_context128,819,0.95001220703125,0.4256165376427927,0.13216628785054113
92501,G11S,held_gap96_span354,2,0.9997829861111112,0.6597697007699759,0.2334667750816113
92501,G11S,held_gap96_span354,32,0.9965277777777778,0.5815013293918844,0.1966845375367443
92501,G11S,held_gap96_span354,512,0.9444444444444444,0.5618207115060686,0.1872116333924867
92501,G11S,held_gap96_span354,4608,0.5,0.5270358473622158,0.171785502575377
92501,G11S,held_gap96_span354,460,0.9500868055555556,0.5640414843563086,0.18819084665043587
92502,G00,id_continuous48,2,0.9991319444444444,0.6106474529742651,0.21064839309098637
92502,G00,id_continuous48,32,0.9861111111111112,0.46997617820735293,0.14916260390176653
92502,G00,id_continuous48,512,0.7777777777777778,0.3380510116655896,0.10014523376236047
92502,G00,id_continuous48,1152,0.5,0.29618598955012115,0.08523124630828885
92502,G00,id_continuous48,115,0.9500868055555556,0.41598269161584384,0.12814616926991992
92502,G00,id_gap48,2,0.9991319444444444,0.6407065404713354,0.22441999588983877
92502,G00,id_gap48,32,0.9861111111111112,0.5605915752701887,0.18706466881594366
92502,G00,id_gap48,512,0.7777777777777778,0.5585587595603223,0.181670329037175
92502,G00,id_gap48,1152,0.5,0.5511775877630173,0.17775343182187509
92502,G00,id_gap48,115,0.9500868055555556,0.5591052615472383,0.18509674610368598
92502,G00,held_gap48_span174,2,0.9991319444444444,0.6531652673145926,0.23038524442380434
92502,G00,held_gap48_span174,32,0.9861111111111112,0.5782188178584599,0.19447261737316407
92502,G00,held_gap48_span174,512,0.7777777777777778,0.6209342591818439,0.20465614734176613
92502,G00,held_gap48_span174,1152,0.5,0.6846121459272301,0.22365326987362322
92502,G00,held_gap48_span174,115,0.9500868055555556,0.578443930085513,0.19273345770425027
92502,G00,held_context96,2,0.9997829861111112,0.660978250785413,0.2340658152312518
92502,G00,held_context96,32,0.9965277777777778,0.5399956430839882,0.17832683411180203
92502,G00,held_context96,512,0.9444444444444444,0.48600105872503707,0.15677537472156491
92502,G00,held_context96,4608,0.5,0.3986447529876824,0.1254893323517534
92502,G00,held_context96,460,0.9500868055555556,0.48980632245583505,0.15834400776344226
92502,G00,held_context128,2,0.9998779296875,0.6747832091757173,0.2408439095950014
92502,G00,held_context128,32,0.998046875,0.56139798625896,0.18710622828288825
92502,G00,held_context128,512,0.96875,0.5040745175396871,0.16450154366503797
92502,G00,held_context128,8192,0.5,0.43712102716044277,0.13946057343510043
92502,G00,held_context128,819,0.95001220703125,0.49904073697069273,0.1625437204233364
92502,G00,held_gap96_span354,2,0.9997829861111112,0.6815587568214471,0.24421656698902725
92502,G00,held_gap96_span354,32,0.9965277777777778,0.5944308670672629,0.20226155981129126
92502,G00,held_gap96_span354,512,0.9444444444444444,0.5861095865402847,0.19634097535868214
92502,G00,held_gap96_span354,4608,0.5,0.6443221484689005,0.20953519123313638
92502,G00,held_gap96_span354,460,0.9500868055555556,0.5846151274286197,0.19599534052271242
92502,G10,id_continuous48,2,0.9991319444444444,0.6105727882515991,0.21053243928453513
92502,G10,id_continuous48,32,0.9861111111111112,0.47166511300752223,0.14982268993410003
92502,G10,id_continuous48,512,0.7777777777777778,0.33821695419166775,0.10023032994681035
92502,G10,id_continuous48,1152,0.5,0.2965842966459363,0.08545950990318486
92502,G10,id_continuous48,115,0.9500868055555556,0.41689763856751594,0.12859062759428314
92502,G10,id_gap48,2,0.9991319444444444,0.6367385271652538,0.22275763024586104
92502,G10,id_gap48,32,0.9861111111111112,0.5773392026157805,0.19360725234777876
92502,G10,id_gap48,512,0.7777777777777778,0.56693611432385,0.18471354072183213
92502,G10,id_gap48,1152,0.5,0.5544942321947359,0.17857640336602087
92502,G10,id_gap48,115,0.9500868055555556,0.5782546421925225,0.1917607373179925
92502,G10,held_gap48_span174,2,0.9991319444444444,0.656829769154249,0.2319951260235576
92502,G10,held_gap48_span174,32,0.9861111111111112,0.5971715384658343,0.20142535844837367
92502,G10,held_gap48_span174,512,0.7777777777777778,0.6327640289414791,0.20879240087078912
92502,G10,held_gap48_span174,1152,0.5,0.6832781026514095,0.22270808300408146
92502,G10,held_gap48_span174,115,0.9500868055555556,0.6005079801911621,0.20030423022557126
92502,G10,held_context96,2,0.9997829861111112,0.6510651117063878,0.22942198138097167
92502,G10,held_context96,32,0.9965277777777778,0.5446376068145917,0.18017275677461578
92502,G10,held_context96,512,0.9444444444444444,0.4997240885168446,0.16199122154257758
92502,G10,held_context96,4608,0.5,0.4039626385646784,0.12736666171251268
92502,G10,held_context96,460,0.9500868055555556,0.5019263804096428,0.16297829303035788
92502,G10,held_context128,2,0.9998779296875,0.6564102149180849,0.23182791009424103
92502,G10,held_context128,32,0.998046875,0.5508783840062019,0.18304026985936853
92502,G10,held_context128,512,0.96875,0.5100792710892716,0.16664674541139327
92502,G10,held_context128,8192,0.5,0.4387856696578714,0.13982364961142604
92502,G10,held_context128,819,0.95001220703125,0.5085116604258985,0.16584677119922747
92502,G10,held_gap96_span354,2,0.9997829861111112,0.6648102206743832,0.2359217142902232
92502,G10,held_gap96_span354,32,0.9965277777777778,0.588130579198003,0.1996001310877931
92502,G10,held_gap96_span354,512,0.9444444444444444,0.609624817292641,0.2031634443833202
92502,G10,held_gap96_span354,4608,0.5,0.6552455202250518,0.21162456098695842
92502,G10,held_gap96_span354,460,0.9500868055555556,0.6073871232073521,0.2027451081675166
92502,G01,id_continuous48,2,0.9991319444444444,0.611549627315663,0.211104073676244
92502,G01,id_continuous48,32,0.9861111111111112,0.47012699260695284,0.1492721708169134
92502,G01,id_continuous48,512,0.7777777777777778,0.33797237840726296,0.1001201983139615
92502,G01,id_continuous48,1152,0.5,0.29631855950145275,0.08537907817543786
92502,G01,id_continuous48,115,0.9500868055555556,0.41548744797566933,0.1279290975911447
92502,G01,id_gap48,2,0.9991319444444444,0.6352381529632684,0.22209219994887183
92502,G01,id_gap48,32,0.9861111111111112,0.5374570516349013,0.17735677247766127
92502,G01,id_gap48,512,0.7777777777777778,0.4375111688898468,0.13700863727296592
92502,G01,id_gap48,1152,0.5,0.39728650119382786,0.1214916024941481
92502,G01,id_gap48,115,0.9500868055555556,0.4999541607268934,0.16151473092452173
92502,G01,held_gap48_span174,2,0.9991319444444444,0.6536909794293921,0.23057633382330675
92502,G01,held_gap48_span174,32,0.9861111111111112,0.5544220979960771,0.1848242535567227
92502,G01,held_gap48_span174,512,0.7777777777777778,0.47303471601314473,0.15007098471055644
92502,G01,held_gap48_span174,1152,0.5,0.4521263813610147,0.14110970269766607
92502,G01,held_gap48_span174,115,0.9500868055555556,0.5172701980469518,0.16850380880005789
92502,G01,held_context96,2,0.9997829861111112,0.6563643112251535,0.23187224143657886
92502,G01,held_context96,32,0.9965277777777778,0.529111724134555,0.17355910924917392
92502,G01,held_context96,512,0.9444444444444444,0.43169177026073025,0.13453424123808475
92502,G01,held_context96,4608,0.5,0.3163736881766099,0.09300374040903667
92502,G01,held_context96,460,0.9500868055555556,0.43798471727633026,0.13703330664510732
92502,G01,held_context128,2,0.9998779296875,0.6644740555624304,0.23574630638907607
92502,G01,held_context128,32,0.998046875,0.5490319893492956,0.1819000703666696
92502,G01,held_context128,512,0.96875,0.45455595570603036,0.1438235104555282
92502,G01,held_context128,8192,0.5,0.3160996170037041,0.0928298063457501
92502,G01,held_context128,819,0.95001220703125,0.4365422366604164,0.13678383948712122
92502,G01,held_gap96_span354,2,0.9997829861111112,0.666962091537612,0.23697473419703727
92502,G01,held_gap96_span354,32,0.9965277777777778,0.5805802661034649,0.1961004265991406
92502,G01,held_gap96_span354,512,0.9444444444444444,0.5362119317736174,0.17712593250618447
92502,G01,held_gap96_span354,4608,0.5,0.5010231987322082,0.16207706561388174
92502,G01,held_gap96_span354,460,0.9500868055555556,0.5395841554266821,0.1785350291234108
92502,G11,id_continuous48,2,0.9991319444444444,0.613007810988628,0.21184226496527034
92502,G11,id_continuous48,32,0.9861111111111112,0.47016572417483216,0.14926183201291263
92502,G11,id_continuous48,512,0.7777777777777778,0.33896750870982506,0.10044471884374279
92502,G11,id_continuous48,1152,0.5,0.2962773197778271,0.08529927138881441
92502,G11,id_continuous48,115,0.9500868055555556,0.4162573815367652,0.12826254609110524
92502,G11,id_gap48,2,0.9991319444444444,0.6370599443050299,0.22299649292571988
92502,G11,id_gap48,32,0.9861111111111112,0.5375510021069531,0.1773586961819652
92502,G11,id_gap48,512,0.7777777777777778,0.43781911604930357,0.13714172479054343
92502,G11,id_gap48,1152,0.5,0.39739954326439847,0.12160861176019033
92502,G11,id_gap48,115,0.9500868055555556,0.5005472192814101,0.16174153204646483
92502,G11,held_gap48_span174,2,0.9991319444444444,0.6553414933393555,0.23130760012386167
92502,G11,held_gap48_span174,32,0.9861111111111112,0.5544233713649926,0.18485742636768857
92502,G11,held_gap48_span174,512,0.7777777777777778,0.47250236038675403,0.14999494287821377
92502,G11,held_gap48_span174,1152,0.5,0.45101615501825376,0.14098782048517355
92502,G11,held_gap48_span174,115,0.9500868055555556,0.518809901097558,0.16933125846431743
92502,G11,held_context96,2,0.9997829861111112,0.651729412038661,0.22983564416080615
92502,G11,held_context96,32,0.9965277777777778,0.523061719422746,0.17069122681239285
92502,G11,held_context96,512,0.9444444444444444,0.42031236650128695,0.12985465801571633
92502,G11,held_context96,4608,0.5,0.30467341188988806,0.08888966991150209
92502,G11,held_context96,460,0.9500868055555556,0.4256666433798336,0.13199126245733372
92502,G11,held_context128,2,0.9998779296875,0.6552327874450821,0.23127777011389813
92502,G11,held_context128,32,0.998046875,0.5428664075817782,0.17917064958779014
92502,G11,held_context128,512,0.96875,0.4372962857498317,0.13668809323441353
92502,G11,held_context128,8192,0.5,0.3028479546306731,0.08816990001524051
92502,G11,held_context128,819,0.95001220703125,0.417331629017036,0.12895239166520767
92502,G11,held_gap96_span354,2,0.9997829861111112,0.6576313018771603,0.23244309381134748
92502,G11,held_gap96_span354,32,0.9965277777777778,0.5823740593677215,0.1969978158699579
92502,G11,held_gap96_span354,512,0.9444444444444444,0.5495610418821927,0.18267843661900005
92502,G11,held_gap96_span354,4608,0.5,0.5270569281197334,0.1707629272927534
92502,G11,held_gap96_span354,460,0.9500868055555556,0.5529849274793682,0.1840419664937651
92502,G11S,id_continuous48,2,0.9991319444444444,0.613798665504516,0.21214226808164055
92502,G11S,id_continuous48,32,0.9861111111111112,0.4706705142887395,0.14936859546876438
92502,G11S,id_continuous48,512,0.7777777777777778,0.3391525775102535,0.1004766425930526
92502,G11S,id_continuous48,1152,0.5,0.2968283428778023,0.0854741106577103
92502,G11S,id_continuous48,115,0.9500868055555556,0.41656703657830435,0.12830728941634262
92502,G11S,id_gap48,2,0.9991319444444444,0.6364204722840846,0.22271881600792073
92502,G11S,id_gap48,32,0.9861111111111112,0.5396058901428435,0.1782670170171099
92502,G11S,id_gap48,512,0.7777777777777778,0.452004929474309,0.14240075058261503
92502,G11S,id_gap48,1152,0.5,0.4191382205041552,0.1295317227438614
92502,G11S,id_gap48,115,0.9500868055555556,0.5051207203043586,0.16345530965879143
92502,G11S,held_gap48_span174,2,0.9991319444444444,0.6555916636001616,0.23140268809315664
92502,G11S,held_gap48_span174,32,0.9861111111111112,0.5546146038223374,0.1849087417220932
92502,G11S,held_gap48_span174,512,0.7777777777777778,0.4760287275952723,0.15135033093868647
92502,G11S,held_gap48_span174,1152,0.5,0.4566213865282431,0.14308768021375579
92502,G11S,held_gap48_span174,115,0.9500868055555556,0.5187160706865626,0.16926354962964157
92502,G11S,held_context96,2,0.9997829861111112,0.6517431462225839,0.2298120423059138
92502,G11S,held_context96,32,0.9965277777777778,0.5232930531961559,0.17092483048377932
92502,G11S,held_context96,512,0.9444444444444444,0.43078359343202877,0.13403359586434158
92502,G11S,held_context96,4608,0.5,0.3322555219371848,0.0984251373742842
92502,G11S,held_context96,460,0.9500868055555556,0.4358302254706897,0.13604518955247052
92502,G11S,held_context128,2,0.9998779296875,0.6565036933650304,0.23188365617922505
92502,G11S,held_context128,32,0.998046875,0.5381098035141268,0.17735291198436623
92502,G11S,held_context128,512,0.96875,0.44801608206847665,0.14105241627208367
92502,G11S,held_context128,8192,0.5,0.33892981095166874,0.10053069177388792
92502,G11S,held_context128,819,0.95001220703125,0.4311026628873199,0.13436568454783807
92502,G11S,held_gap96_span354,2,0.9997829861111112,0.6594447860050547,0.2333141765585258
92502,G11S,held_gap96_span354,32,0.9965277777777778,0.5802723942255914,0.19610979441053714
92502,G11S,held_gap96_span354,512,0.9444444444444444,0.5535482085684819,0.1844853177266754
92502,G11S,held_gap96_span354,4608,0.5,0.5154000137248136,0.16825916395193852
92502,G11S,held_gap96_span354,460,0.9500868055555556,0.5562918011500919,0.18556143978418832
92503,G00,id_continuous48,2,0.9991319444444444,0.6107185602173545,0.21066241731398194
92503,G00,id_continuous48,32,0.9861111111111112,0.47003410896927206,0.14914635520887704
92503,G00,id_continuous48,512,0.7777777777777778,0.33796858405706914,0.1000550981461652
92503,G00,id_continuous48,1152,0.5,0.29594833668326526,0.08511192928327241
92503,G00,id_continuous48,115,0.9500868055555556,0.41608936140550157,0.1281858532048852
92503,G00,id_gap48,2,0.9991319444444444,0.6418866756252493,0.2249959863831501
92503,G00,id_gap48,32,0.9861111111111112,0.5663237146763285,0.18937678917423054
92503,G00,id_gap48,512,0.7777777777777778,0.5668089943121045,0.18427745248297508
92503,G00,id_gap48,1152,0.5,0.5499757599353798,0.17689392769646098
92503,G00,id_gap48,115,0.9500868055555556,0.5693892700214885,0.1886846206580884
92503,G00,held_gap48_span174,2,0.9991319444444444,0.6543603936151153,0.23094144983252626
92503,G00,held_gap48_span174,32,0.9861111111111112,0.582651005006424,0.1962278660979296
92503,G00,held_gap48_span174,512,0.7777777777777778,0.6298054322319959,0.20732422924856664
92503,G00,held_gap48_span174,1152,0.5,0.6784496479272695,0.22129109203869982
92503,G00,held_gap48_span174,115,0.9500868055555556,0.5889407936825125,0.19656185442690552
92503,G00,held_context96,2,0.9997829861111112,0.6600458947428637,0.23364012171124546
92503,G00,held_context96,32,0.9965277777777778,0.5416943897886036,0.1790526643336916
92503,G00,held_context96,512,0.9444444444444444,0.4978067719643364,0.16136814094852758
92503,G00,held_context96,4608,0.5,0.4001770795044667,0.12590358956063308
92503,G00,held_context96,460,0.9500868055555556,0.4996078554377872,0.16221068258558052
92503,G00,held_context128,2,0.9998779296875,0.6731757614629752,0.2400450609140319
92503,G00,held_context128,32,0.998046875,0.5598727125851648,0.18647320660390596
92503,G00,held_context128,512,0.96875,0.5122119115246253,0.16770234700945535
92503,G00,held_context128,8192,0.5,0.43829146306141686,0.13993598789955286
92503,G00,held_context128,819,0.95001220703125,0.5088342582733978,0.16630974679366306
92503,G00,held_gap96_span354,2,0.9997829861111112,0.6832320568042859,0.24504769214003455
92503,G00,held_gap96_span354,32,0.9965277777777778,0.5998281425161986,0.20471224746728955
92503,G00,held_gap96_span354,512,0.9444444444444444,0.5882079831956566,0.19644965560649577
92503,G00,held_gap96_span354,4608,0.5,0.6399454317927681,0.20779856274690497
92503,G00,held_gap96_span354,460,0.9500868055555556,0.5852760670681697,0.19571399464825054
92503,G10,id_continuous48,2,0.9991319444444444,0.6107624004267171,0.21067153306881228
92503,G10,id_continuous48,32,0.9861111111111112,0.4704503100322135,0.14928127688789924
92503,G10,id_continuous48,512,0.7777777777777778,0.3385705117336679,0.10027589354718609
92503,G10,id_continuous48,1152,0.5,0.29602235868561616,0.08514786111759359
92503,G10,id_continuous48,115,0.9500868055555556,0.41652824832307134,0.12829638906128812
92503,G10,id_gap48,2,0.9991319444444444,0.6354311957048068,0.22204674889719003
92503,G10,id_gap48,32,0.9861111111111112,0.572669316813963,0.19168203775629636
92503,G10,id_gap48,512,0.7777777777777778,0.5704827111249253,0.18549846588224447
92503,G10,id_gap48,1152,0.5,0.5474129700299616,0.17558193295436822
92503,G10,id_gap48,115,0.9500868055555556,0.5782809031745171,0.19171962801670744
92503,G10,held_gap48_span174,2,0.9991319444444444,0.6549583422684526,0.2311404588464468
92503,G10,held_gap48_span174,32,0.9861111111111112,0.5921950425122058,0.1994538107651631
92503,G10,held_gap48_span174,512,0.7777777777777778,0.6353777627858697,0.20905668828448418
92503,G10,held_gap48_span174,1152,0.5,0.6821753164329875,0.22160995991979687
92503,G10,held_gap48_span174,115,0.9500868055555556,0.5975954225979468,0.1991934775169416
92503,G10,held_context96,2,0.9997829861111112,0.650946430176154,0.2293196294764675
92503,G10,held_context96,32,0.9965277777777778,0.5426314278228669,0.17943318981090692
92503,G10,held_context96,512,0.9444444444444444,0.5024435207371991,0.16275535546519776
92503,G10,held_context96,4608,0.5,0.38848795008073006,0.12095428168563808
92503,G10,held_context96,460,0.9500868055555556,0.5043185345133673,0.16363056533800896
92503,G10,held_context128,2,0.9998779296875,0.6605213172851987,0.23381564285043888
92503,G10,held_context128,32,0.998046875,0.5527169022143608,0.18362354969826036
92503,G10,held_context128,512,0.96875,0.5161325971331782,0.16887114843787338
92503,G10,held_context128,8192,0.5,0.42088384128449247,0.13260461260295658
92503,G10,held_context128,819,0.95001220703125,0.5155369944294887,0.1683014687500604
92503,G10,held_gap96_span354,2,0.9997829861111112,0.6706456486100971,0.23879823878759363
92503,G10,held_gap96_span354,32,0.9965277777777778,0.5887079893007933,0.1996569774265815
92503,G10,held_gap96_span354,512,0.9444444444444444,0.6063590005766709,0.20127683092389964
92503,G10,held_gap96_span354,4608,0.5,0.6434366765689172,0.2095099598237595
92503,G10,held_gap96_span354,460,0.9500868055555556,0.6033915087563138,0.20056985876518826
92503,G01,id_continuous48,2,0.9991319444444444,0.6096481563228401,0.21016774997347734
92503,G01,id_continuous48,32,0.9861111111111112,0.4699150420229941,0.14909201301060152
92503,G01,id_continuous48,512,0.7777777777777778,0.33843731562345286,0.10028994612461684
92503,G01,id_continuous48,1152,0.5,0.29664499465901134,0.08549140599114534
92503,G01,id_continuous48,115,0.9500868055555556,0.41626032441766925,0.12827507892954948
92503,G01,id_gap48,2,0.9991319444444444,0.6324218565028399,0.22073154281535942
92503,G01,id_gap48,32,0.9861111111111112,0.5372227909008153,0.177237037956616
92503,G01,id_gap48,512,0.7777777777777778,0.4377941134819704,0.13719258090769346
92503,G01,id_gap48,1152,0.5,0.3974104157615965,0.12156338109099904
92503,G01,id_gap48,115,0.9500868055555556,0.4999134109296252,0.1614819245244518
92503,G01,held_gap48_span174,2,0.9991319444444444,0.6542286818463288,0.23077747523828954
92503,G01,held_gap48_span174,32,0.9861111111111112,0.5538954202188555,0.18461645793902967
92503,G01,held_gap48_span174,512,0.7777777777777778,0.47245881648285293,0.14984680515775747
92503,G01,held_gap48_span174,1152,0.5,0.451075407997976,0.14084025742424566
92503,G01,held_gap48_span174,115,0.9500868055555556,0.5170952671681125,0.16856694656700322
92503,G01,held_context96,2,0.9997829861111112,0.6530337129629974,0.23026599789933092
92503,G01,held_context96,32,0.9965277777777778,0.5330657932748043,0.1753300982509935
92503,G01,held_context96,512,0.9444444444444444,0.42986483814032045,0.1339004794621965
92503,G01,held_context96,4608,0.5,0.3110022114667114,0.09097532608543347
92503,G01,held_context96,460,0.9500868055555556,0.43480220925534374,0.13586137953328814
92503,G01,held_context128,2,0.9998779296875,0.660805102513796,0.23395071251970428
92503,G01,held_context128,32,0.998046875,0.5500184971342233,0.18242908384421513
92503,G01,held_context128,512,0.96875,0.459308385331467,0.1455103153922646
92503,G01,held_context128,8192,0.5,0.31480100629077173,0.09207226387438698
92503,G01,held_context128,819,0.95001220703125,0.43885847687029506,0.13755073891158212
92503,G01,held_gap96_span354,2,0.9997829861111112,0.664045840778819,0.23554400925111738
92503,G01,held_gap96_span354,32,0.9965277777777778,0.5789018162951657,0.19541602014840925
92503,G01,held_gap96_span354,512,0.9444444444444444,0.5400820040018498,0.1787560909874843
92503,G01,held_gap96_span354,4608,0.5,0.5157756846282499,0.16810499490938358
92503,G01,held_gap96_span354,460,0.9500868055555556,0.5420777022344714,0.17956906165618378
92503,G11,id_continuous48,2,0.9991319444444444,0.6109657176269627,0.21072083891108156
92503,G11,id_continuous48,32,0.9861111111111112,0.47023152729817513,0.14926690590411057
92503,G11,id_continuous48,512,0.7777777777777778,0.33958403795087905,0.1006317928918003
92503,G11,id_continuous48,1152,0.5,0.2968609892551177,0.08549610085704912
92503,G11,id_continuous48,115,0.9500868055555556,0.41614875139069096,0.1281985495823697
92503,G11,id_gap48,2,0.9991319444444444,0.6342314502381468,0.22159953612069352
92503,G11,id_gap48,32,0.9861111111111112,0.5376401527351405,0.17742398584433258
92503,G11,id_gap48,512,0.7777777777777778,0.43706966582609524,0.13682285365653168
92503,G11,id_gap48,1152,0.5,0.3975600814731314,0.12160026404649077
92503,G11,id_gap48,115,0.9500868055555556,0.500527574915058,0.1617555251096183
92503,G11,held_gap48_span174,2,0.9991319444444444,0.6547829227039249,0.2310475562650679
92503,G11,held_gap48_span174,32,0.9861111111111112,0.5557624186382305,0.1854239678867382
92503,G11,held_gap48_span174,512,0.7777777777777778,0.47317695195204085,0.15028864309570308
92503,G11,held_gap48_span174,1152,0.5,0.450887279243643,0.14096619513050926
92503,G11,held_gap48_span174,115,0.9500868055555556,0.5198232621907276,0.16981655797870163
92503,G11,held_context96,2,0.9997829861111112,0.6460985702090379,0.22708093060458154
92503,G11,held_context96,32,0.9965277777777778,0.5262692593561757,0.17203800915843132
92503,G11,held_context96,512,0.9444444444444444,0.4231436078794588,0.13079981061009538
92503,G11,held_context96,4608,0.5,0.30721289366117194,0.08968323654410268
92503,G11,held_context96,460,0.9500868055555556,0.4286047440614907,0.1330110613495884
92503,G11,held_context128,2,0.9998779296875,0.6492842672150705,0.2284115325280281
92503,G11,held_context128,32,0.998046875,0.5411465598725786,0.17851034146190092
92503,G11,held_context128,512,0.96875,0.4391904750676376,0.1373377622782017
92503,G11,held_context128,8192,0.5,0.3034867126101215,0.08833159253743372
92503,G11,held_context128,819,0.95001220703125,0.4209272382622564,0.1302614844294349
92503,G11,held_gap96_span354,2,0.9997829861111112,0.655067979849993,0.23120092173402823
92503,G11,held_gap96_span354,32,0.9965277777777778,0.5821426835686886,0.1968658488228898
92503,G11,held_gap96_span354,512,0.9444444444444444,0.5611956862160846,0.18727154072389426
92503,G11,held_gap96_span354,4608,0.5,0.5342522394915487,0.17451869681934004
92503,G11,held_gap96_span354,460,0.9500868055555556,0.5635634662635497,0.18825246127766906
92503,G11S,id_continuous48,2,0.9991319444444444,0.6106054105232979,0.21057292218454132
92503,G11S,id_continuous48,32,0.9861111111111112,0.4706331626479712,0.14935902781781704
92503,G11S,id_continuous48,512,0.7777777777777778,0.3389124961336409,0.10041913078931011
92503,G11S,id_continuous48,1152,0.5,0.2973001919712622,0.08560063650958669
92503,G11S,id_continuous48,115,0.9500868055555556,0.41675628209508286,0.12835537010178802
92503,G11S,id_gap48,2,0.9991319444444444,0.6337135712835757,0.22135814036589416
92503,G11S,id_gap48,32,0.9861111111111112,0.5395893918644077,0.1782423363325676
92503,G11S,id_gap48,512,0.7777777777777778,0.45188941245608105,0.1423239177929745
92503,G11S,id_gap48,1152,0.5,0.4184511384544274,0.12934659636915766
92503,G11S,id_gap48,115,0.9500868055555556,0.5055032096856807,0.16357615950578652
92503,G11S,held_gap48_span174,2,0.9991319444444444,0.6552796727381643,0.23126771158462522
92503,G11S,held_gap48_span174,32,0.9861111111111112,0.5552322525079145,0.18519016091645693
92503,G11S,held_gap48_span174,512,0.7777777777777778,0.47648465627767495,0.15148606848422347
92503,G11S,held_gap48_span174,1152,0.5,0.45599875379141225,0.14286022027585915
92503,G11S,held_gap48_span174,115,0.9500868055555556,0.519385386610259,0.16959168976193226
92503,G11S,held_context96,2,0.9997829861111112,0.6471950200269392,0.22761781454816898
92503,G11S,held_context96,32,0.9965277777777778,0.5283243163105203,0.17303444849937943
92503,G11S,held_context96,512,0.9444444444444444,0.4290445533361938,0.13302807178933182
92503,G11S,held_context96,4608,0.5,0.32400785529872256,0.09536059450418109
92503,G11S,held_context96,460,0.9500868055555556,0.43431972020378984,0.13514740566220987
92503,G11S,held_context128,2,0.9998779296875,0.6519939124133156,0.22970405523163112
92503,G11S,held_context128,32,0.998046875,0.5441482465950486,0.17984286885185422
92503,G11S,held_context128,512,0.96875,0.4469958801537835,0.14029350376297753
92503,G11S,held_context128,8192,0.5,0.3295706416638697,0.09728284129309547
92503,G11S,held_context128,819,0.95001220703125,0.4295526818096784,0.1334808098388791
92503,G11S,held_gap96_span354,2,0.9997829861111112,0.6571698448891743,0.23221194707606235
92503,G11S,held_gap96_span354,32,0.9965277777777778,0.5829280106811666,0.1972151239047939
92503,G11S,held_gap96_span354,512,0.9444444444444444,0.5638147855392368,0.1885951837870382
92503,G11S,held_gap96_span354,4608,0.5,0.5321876397910142,0.17497767974013687
92503,G11S,held_gap96_span354,460,0.9500868055555556,0.5660825638878961,0.1895158727292826
92504,G00,id_continuous48,2,0.9991319444444444,0.6078888859078251,0.20931154067826685
92504,G00,id_continuous48,32,0.9861111111111112,0.47039718934842645,0.14927683395166555
92504,G00,id_continuous48,512,0.7777777777777778,0.3380618767501483,0.10020325360004843
92504,G00,id_continuous48,1152,0.5,0.29603389399344504,0.08524148371248112
92504,G00,id_continuous48,115,0.9500868055555556,0.4154494731437487,0.1279745415992884
92504,G00,id_gap48,2,0.9991319444444444,0.6367269671928333,0.22258844309168674
92504,G00,id_gap48,32,0.9861111111111112,0.5627197535280519,0.18770064834710187
92504,G00,id_gap48,512,0.7777777777777778,0.5617814059396465,0.18222983244235202
92504,G00,id_gap48,1152,0.5,0.553074612096657,0.17725201370987131
92504,G00,id_gap48,115,0.9500868055555556,0.5635965812855996,0.18611785273035136
92504,G00,held_gap48_span174,2,0.9991319444444444,0.6521139890425434,0.22990138454344378
92504,G00,held_gap48_span174,32,0.9861111111111112,0.5810950415763064,0.19530143400090655
92504,G00,held_gap48_span174,512,0.7777777777777778,0.6245805885495096,0.20525411431547866
92504,G00,held_gap48_span174,1152,0.5,0.6824402884660749,0.22217306573682039
92504,G00,held_gap48_span174,115,0.9500868055555556,0.5838199334826601,0.19417571688120183
92504,G00,held_context96,2,0.9997829861111112,0.658239679442554,0.23274946393715348
92504,G00,held_context96,32,0.9965277777777778,0.5428193283603839,0.179520329120091
92504,G00,held_context96,512,0.9444444444444444,0.4835414548433461,0.15568580010809024
92504,G00,held_context96,4608,0.5,0.3942605626682059,0.12351675128996124
92504,G00,held_context96,460,0.9500868055555556,0.48695784297705974,0.15711085153777343
92504,G00,held_context128,2,0.9998779296875,0.6698660650223133,0.23840299635903167
92504,G00,held_context128,32,0.998046875,0.5615137220436817,0.18723784618328254
92504,G00,held_context128,512,0.96875,0.5020813351377086,0.1635645157680151
92504,G00,held_context128,8192,0.5,0.42777945639258197,0.13574907852256174
92504,G00,held_context128,819,0.95001220703125,0.4935366750601619,0.16020722286703268
92504,G00,held_gap96_span354,2,0.9997829861111112,0.6792362646454075,0.24305580860486942
92504,G00,held_gap96_span354,32,0.9965277777777778,0.5945237372372447,0.20223459946269723
92504,G00,held_gap96_span354,512,0.9444444444444444,0.5853654708295767,0.1951834450016982
92504,G00,held_gap96_span354,4608,0.5,0.6402609643934664,0.2077349160139734
92504,G00,held_gap96_span354,460,0.9500868055555556,0.5832085194862622,0.19474667480689878
92504,G10,id_continuous48,2,0.9991319444444444,0.6080114159822865,0.2093920725982656
92504,G10,id_continuous48,32,0.9861111111111112,0.470571003579079,0.14941326006412034
92504,G10,id_continuous48,512,0.7777777777777778,0.33818718409961457,0.10023027205005106
92504,G10,id_continuous48,1152,0.5,0.29628560413608823,0.08528385177620533
92504,G10,id_continuous48,115,0.9500868055555556,0.4163182572112396,0.12826418329829997
92504,G10,id_gap48,2,0.9991319444444444,0.6344481444265844,0.22158482122333747
92504,G10,id_gap48,32,0.9861111111111112,0.580276077922697,0.19467152519041464
92504,G10,id_gap48,512,0.7777777777777778,0.5740862029561787,0.18642628437804934
92504,G10,id_gap48,1152,0.5,0.5570187005900569,0.17862721761759467
92504,G10,id_gap48,115,0.9500868055555556,0.5848109563023861,0.19382484462261507
92504,G10,held_gap48_span174,2,0.9991319444444444,0.6558980774053877,0.2315245722487185
92504,G10,held_gap48_span174,32,0.9861111111111112,0.5980768625051553,0.20148738078898282
92504,G10,held_gap48_span174,512,0.7777777777777778,0.6384649823647531,0.20975903273966162
92504,G10,held_gap48_span174,1152,0.5,0.6880347365306612,0.22310906795204843
92504,G10,held_gap48_span174,115,0.9500868055555556,0.6069436821576777,0.20228657756318474
92504,G10,held_context96,2,0.9997829861111112,0.6518344982542912,0.22970981091705212
92504,G10,held_context96,32,0.9965277777777778,0.546365196689848,0.18088224469426137
92504,G10,held_context96,512,0.9444444444444444,0.5078074269745984,0.16531755581401786
92504,G10,held_context96,4608,0.5,0.40010801911034216,0.1257817935781528
92504,G10,held_context96,460,0.9500868055555556,0.5107300492400195,0.1665513787870583
92504,G10,held_context128,2,0.9998779296875,0.6612690319350062,0.23418025930310524
92504,G10,held_context128,32,0.998046875,0.5556545324766462,0.18503377054325432
92504,G10,held_context128,512,0.96875,0.5202571767497084,0.17078563012181378
92504,G10,held_context128,8192,0.5,0.4337381724315657,0.13770221165155608
92504,G10,held_context128,819,0.95001220703125,0.5188214951267317,0.1700008585449816
92504,G10,held_gap96_span354,2,0.9997829861111112,0.668374200182646,0.23767592166615414
92504,G10,held_gap96_span354,32,0.9965277777777778,0.5879059583511435,0.19939670899183778
92504,G10,held_gap96_span354,512,0.9444444444444444,0.6091845787870951,0.20293159989326603
92504,G10,held_gap96_span354,4608,0.5,0.6563426049709833,0.21132517009651972
92504,G10,held_gap96_span354,460,0.9500868055555556,0.6079219917610729,0.2026956318723627
92504,G01,id_continuous48,2,0.9991319444444444,0.6092514754443874,0.2099738302442222
92504,G01,id_continuous48,32,0.9861111111111112,0.4695885654208777,0.14892986541041225
92504,G01,id_continuous48,512,0.7777777777777778,0.33834173190725253,0.10023107951448441
92504,G01,id_continuous48,1152,0.5,0.2963827292333003,0.08530239472978846
92504,G01,id_continuous48,115,0.9500868055555556,0.41498103631180155,0.1278155887725521
92504,G01,id_gap48,2,0.9991319444444444,0.6336182166816533,0.22126398250429583
92504,G01,id_gap48,32,0.9861111111111112,0.5375046758581746,0.17740102981674108
92504,G01,id_gap48,512,0.7777777777777778,0.43783633094418856,0.1372244257346957
92504,G01,id_gap48,1152,0.5,0.39718443609232373,0.12164717989233813
92504,G01,id_gap48,115,0.9500868055555556,0.49996300314643427,0.16147681308134623
92504,G01,held_gap48_span174,2,0.9991319444444444,0.6534583713614374,0.2304405158829614
92504,G01,held_gap48_span174,32,0.9861111111111112,0.5541148412804667,0.18473184418677108
92504,G01,held_gap48_span174,512,0.7777777777777778,0.47302614171110546,0.1500440141862511
92504,G01,held_gap48_span174,1152,0.5,0.45097365128909994,0.1408707057803987
92504,G01,held_gap48_span174,115,0.9500868055555556,0.5180458716660236,0.16893348699102548
92504,G01,held_context96,2,0.9997829861111112,0.654044125627268,0.23077012283550347
92504,G01,held_context96,32,0.9965277777777778,0.5342689607038482,0.17587530493770595
92504,G01,held_context96,512,0.9444444444444444,0.4363823525412842,0.1365997645228464
92504,G01,held_context96,4608,0.5,0.31519251281408683,0.0925726941599856
92504,G01,held_context96,460,0.9500868055555556,0.44118561547978474,0.13849972095684107
92504,G01,held_context128,2,0.9998779296875,0.6628377317269337,0.2349483999282435
92504,G01,held_context128,32,0.998046875,0.5514472720905196,0.18296466499130123
92504,G01,held_context128,512,0.96875,0.46375625894285855,0.14756538165503116
92504,G01,held_context128,8192,0.5,0.32275487243616435,0.0950569579047877
92504,G01,held_context128,819,0.95001220703125,0.44526613186721425,0.1403025973795945
92504,G01,held_gap96_span354,2,0.9997829861111112,0.6680526691813691,0.23751377920117334
92504,G01,held_gap96_span354,32,0.9965277777777778,0.5796083000595607,0.1957423711132508
92504,G01,held_gap96_span354,512,0.9444444444444444,0.5469659506443209,0.18164512729622875
92504,G01,held_gap96_span354,4608,0.5,0.5245341769912399,0.17150492053580974
92504,G01,held_gap96_span354,460,0.9500868055555556,0.5486385833825245,0.1823844495886364
92504,G11,id_continuous48,2,0.9991319444444444,0.610109363690086,0.21043007812836947
92504,G11,id_continuous48,32,0.9861111111111112,0.46962487920757046,0.1489843710247448
92504,G11,id_continuous48,512,0.7777777777777778,0.33855343933938004,0.10027128752110046
92504,G11,id_continuous48,1152,0.5,0.2965503099747622,0.08539651081548895
92504,G11,id_continuous48,115,0.9500868055555556,0.41585014460017733,0.12806243186338426
92504,G11,id_gap48,2,0.9991319444444444,0.6338029207252567,0.22139180181889304
92504,G11,id_gap48,32,0.9861111111111112,0.5380923446854659,0.1776115630982162
92504,G11,id_gap48,512,0.7777777777777778,0.43809371131968855,0.13729683235307136
92504,G11,id_gap48,1152,0.5,0.3984655238443,0.12199769514619704
92504,G11,id_gap48,115,0.9500868055555556,0.49996273625426846,0.16149424476767613
92504,G11,held_gap48_span174,2,0.9991319444444444,0.6534402548056962,0.2304348119417638
92504,G11,held_gap48_span174,32,0.9861111111111112,0.5541787525629426,0.1847235671214361
92504,G11,held_gap48_span174,512,0.7777777777777778,0.4723611383599505,0.14991084544042246
92504,G11,held_gap48_span174,1152,0.5,0.4506907292924079,0.1409227859119154
92504,G11,held_gap48_span174,115,0.9500868055555556,0.5177659445283591,0.16885690953294488
92504,G11,held_context96,2,0.9997829861111112,0.6516479878691711,0.22969950567857994
92504,G11,held_context96,32,0.9965277777777778,0.525313809869306,0.1718165268623837
92504,G11,held_context96,512,0.9444444444444444,0.4211849242826675,0.1302788562225281
92504,G11,held_context96,4608,0.5,0.3066856083777312,0.08944499269868256
92504,G11,held_context96,460,0.9500868055555556,0.4267582419446411,0.1325510188129311
92504,G11,held_context128,2,0.9998779296875,0.6587296200427115,0.23296098265135
92504,G11,held_context128,32,0.998046875,0.5410862336691789,0.17854978482902734
92504,G11,held_context128,512,0.96875,0.4393060413459236,0.13765442685484974
92504,G11,held_context128,8192,0.5,0.30486350550657154,0.08872218875506317
92504,G11,held_context128,819,0.95001220703125,0.42017713978487337,0.1302086572763244
92504,G11,held_gap96_span354,2,0.9997829861111112,0.6623817046412714,0.23474355436979014
92504,G11,held_gap96_span354,32,0.9965277777777778,0.5801326315272215,0.19601668279581638
92504,G11,held_gap96_span354,512,0.9444444444444444,0.5588700314682314,0.1862115684475735
92504,G11,held_gap96_span354,4608,0.5,0.5306123236693618,0.17336009355156906
92504,G11,held_gap96_span354,460,0.9500868055555556,0.5610532950763477,0.1870944561323879
92504,G11S,id_continuous48,2,0.9991319444444444,0.6104339746549206,0.2105287673675114
92504,G11S,id_continuous48,32,0.9861111111111112,0.46984363558576037,0.1490637627398104
92504,G11S,id_continuous48,512,0.7777777777777778,0.3393997682983442,0.10050639851638839
92504,G11S,id_continuous48,1152,0.5,0.2968028209247129,0.08539089095431492
92504,G11S,id_continuous48,115,0.9500868055555556,0.41643826054220684,0.1282319881464985
92504,G11S,id_gap48,2,0.9991319444444444,0.6343278042441649,0.22161324275312902
92504,G11S,id_gap48,32,0.9861111111111112,0.539814131886393,0.17836525634101222
92504,G11S,id_gap48,512,0.7777777777777778,0.4520015184552878,0.1424029636179871
92504,G11S,id_gap48,1152,0.5,0.4187693019911831,0.12945719813367573
92504,G11S,id_gap48,115,0.9500868055555556,0.5048880314317843,0.1632897238764697
92504,G11S,held_gap48_span174,2,0.9991319444444444,0.6532178303959728,0.23031783154575244
92504,G11S,held_gap48_span174,32,0.9861111111111112,0.5541657378654062,0.18469551595525047
92504,G11S,held_gap48_span174,512,0.7777777777777778,0.4762237950053396,0.15139161307850907
92504,G11S,held_gap48_span174,1152,0.5,0.45601773329384665,0.1429327307663789
92504,G11S,held_gap48_span174,115,0.9500868055555556,0.5188312924848199,0.16927829107877726
92504,G11S,held_context96,2,0.9997829861111112,0.6489683547425722,0.22842984075156642
92504,G11S,held_context96,32,0.9965277777777778,0.5270387716054153,0.1725674594215341
92504,G11S,held_context96,512,0.9444444444444444,0.42343532430510905,0.13108070453581605
92504,G11S,held_context96,4608,0.5,0.3297217519379236,0.09772255465927139
92504,G11S,held_context96,460,0.9500868055555556,0.42893935508581654,0.13332319493297412
92504,G11S,held_context128,2,0.9998779296875,0.6550027261330642,0.23114864816903097
92504,G11S,held_context128,32,0.998046875,0.5395215737034923,0.1779260244595042
92504,G11S,held_context128,512,0.96875,0.44474565599565824,0.13989722612517452
92504,G11S,held_context128,8192,0.5,0.34751989010603174,0.1038428175679843
92504,G11S,held_context128,819,0.95001220703125,0.42500159044218033,0.1322174678535006
92504,G11S,held_gap96_span354,2,0.9997829861111112,0.6616119511134297,0.23436560291441252
92504,G11S,held_gap96_span354,32,0.9965277777777778,0.5793939894108597,0.19566215298283637
92504,G11S,held_gap96_span354,512,0.9444444444444444,0.5585182462133573,0.18619939654761186
92504,G11S,held_gap96_span354,4608,0.5,0.5276107809109988,0.17337927465613995
92504,G11S,held_gap96_span354,460,0.9500868055555556,0.5601113010877469,0.18683639671732355
92505,G00,id_continuous48,2,0.9991319444444444,0.6088619338070604,0.20979456691977597
92505,G00,id_continuous48,32,0.9861111111111112,0.46954082302247035,0.14895829624191093
92505,G00,id_continuous48,512,0.7777777777777778,0.3380543181839866,0.10017639651332554
92505,G00,id_continuous48,1152,0.5,0.2962525378572288,0.08525595853390106
92505,G00,id_continuous48,115,0.9500868055555556,0.41566354580798637,0.12805953467388756
92505,G00,id_gap48,2,0.9991319444444444,0.6396949801962326,0.22392102493751095
92505,G00,id_gap48,32,0.9861111111111112,0.5610017076982691,0.1872909385071738
92505,G00,id_gap48,512,0.7777777777777778,0.5571426715097573,0.18113684544835842
92505,G00,id_gap48,1152,0.5,0.5461511035452477,0.17548644285282228
92505,G00,id_gap48,115,0.9500868055555556,0.5600117737081809,0.18517651376550182
92505,G00,held_gap48_span174,2,0.9991319444444444,0.6531898534538154,0.23040718788758902
92505,G00,held_gap48_span174,32,0.9861111111111112,0.5783070368377534,0.19445282686682214
92505,G00,held_gap48_span174,512,0.7777777777777778,0.6186004774455497,0.20389652771012493
92505,G00,held_gap48_span174,1152,0.5,0.6698750516903955,0.21914222121121277
92505,G00,held_gap48_span174,115,0.9500868055555556,0.5826175688324081,0.19414611361918763
92505,G00,held_context96,2,0.9997829861111112,0.6612958365072394,0.23423539386892916
92505,G00,held_context96,32,0.9965277777777778,0.5426182228411113,0.17948615724205355
92505,G00,held_context96,512,0.9444444444444444,0.4894245955597931,0.15827859611944467
92505,G00,held_context96,4608,0.5,0.3977637944271308,0.12492063243703137
92505,G00,held_context96,460,0.9500868055555556,0.49218971198499406,0.15951541335728492
92505,G00,held_context128,2,0.9998779296875,0.6736807531520128,0.24029585902057618
92505,G00,held_context128,32,0.998046875,0.5628770839969862,0.1877699178569032
92505,G00,held_context128,512,0.96875,0.5077190775927961,0.16618676783498193
92505,G00,held_context128,8192,0.5,0.4342224342393476,0.13849598643362973
92505,G00,held_context128,819,0.95001220703125,0.5016412674294236,0.1638559079115409
92505,G00,held_gap96_span354,2,0.9997829861111112,0.6781248441276635,0.24250344029620405
92505,G00,held_gap96_span354,32,0.9965277777777778,0.5993882006086114,0.20443471709805733
92505,G00,held_gap96_span354,512,0.9444444444444444,0.5832903401857378,0.19513140983210972
92505,G00,held_gap96_span354,4608,0.5,0.6338650325586411,0.20621719094631824
92505,G00,held_gap96_span354,460,0.9500868055555556,0.5808841453153347,0.19452079362800268
92505,G10,id_continuous48,2,0.9991319444444444,0.6107153850011402,0.21060452384782605
92505,G10,id_continuous48,32,0.9861111111111112,0.47037141964976487,0.14925685464555558
92505,G10,id_continuous48,512,0.7777777777777778,0.3383686425019014,0.10021754530398128
92505,G10,id_continuous48,1152,0.5,0.2961220517089955,0.0851795097800927
92505,G10,id_continuous48,115,0.9500868055555556,0.4160019823854713,0.12824093446200177
92505,G10,id_gap48,2,0.9991319444444444,0.6362811952869871,0.22239707206886647
92505,G10,id_gap48,32,0.9861111111111112,0.5750855992908047,0.19259755079862836
92505,G10,id_gap48,512,0.7777777777777778,0.564902722092245,0.18382391928896102
92505,G10,id_gap48,1152,0.5,0.5476860031039359,0.17569449687926608
92505,G10,id_gap48,115,0.9500868055555556,0.5765745720966671,0.1912185623133609
92505,G10,held_gap48_span174,2,0.9991319444444444,0.6539860613927183,0.23074628102679784
92505,G10,held_gap48_span174,32,0.9861111111111112,0.5955873954183579,0.2007398064014653
92505,G10,held_gap48_span174,512,0.7777777777777778,0.6270708961216728,0.2065248345340197
92505,G10,held_gap48_span174,1152,0.5,0.6784289220878126,0.22071644523068296
92505,G10,held_gap48_span174,115,0.9500868055555556,0.5992798437806697,0.20010694896641132
92505,G10,held_context96,2,0.9997829861111112,0.6551898302909724,0.2313131801121894
92505,G10,held_context96,32,0.9965277777777778,0.5433077701633788,0.17966991628469975
92505,G10,held_context96,512,0.9444444444444444,0.4947113050748365,0.16013032427448687
92505,G10,held_context96,4608,0.5,0.39405343672484483,0.12331604572711062
92505,G10,held_context96,460,0.9500868055555556,0.49750109077503474,0.16134370675121665
92505,G10,held_context128,2,0.9998779296875,0.667216700741508,0.2370995393361977
92505,G10,held_context128,32,0.998046875,0.5502829608778659,0.18274985907401817
92505,G10,held_context128,512,0.96875,0.5104398525032161,0.16698624483151003
92505,G10,held_context128,8192,0.5,0.43127950353465916,0.13703860099565252
92505,G10,held_context128,819,0.95001220703125,0.5057272296822397,0.1651561674144147
92505,G10,held_gap96_span354,2,0.9997829861111112,0.6757164837461661,0.24130586908889984
92505,G10,held_gap96_span354,32,0.9965277777777778,0.5891104258205463,0.199923584214319
92505,G10,held_gap96_span354,512,0.9444444444444444,0.5979005841587884,0.19967537879012076
92505,G10,held_gap96_span354,4608,0.5,0.6462883425685707,0.2091286434301526
92505,G10,held_gap96_span354,460,0.9500868055555556,0.5969180885453069,0.19952359993564323
92505,G01,id_continuous48,2,0.9991319444444444,0.6086837797349083,0.20968484579583482
92505,G01,id_continuous48,32,0.9861111111111112,0.4697723880996966,0.14912818216965856
92505,G01,id_continuous48,512,0.7777777777777778,0.338319255716094,0.10026067251596953
92505,G01,id_continuous48,1152,0.5,0.2965361816327753,0.08534925251745044
92505,G01,id_continuous48,115,0.9500868055555556,0.4157595015356517,0.12806927695498288
92505,G01,id_gap48,2,0.9991319444444444,0.6337460887421993,0.22127792282645126
92505,G01,id_gap48,32,0.9861111111111112,0.5373386810363142,0.1773775451288467
92505,G01,id_gap48,512,0.7777777777777778,0.43780820962373107,0.1372002512469355
92505,G01,id_gap48,1152,0.5,0.3975937288598392,0.12162553751835706
92505,G01,id_gap48,115,0.9500868055555556,0.5001708717592646,0.16165817769662547
92505,G01,held_gap48_span174,2,0.9991319444444444,0.651557116595834,0.22960418070045768
92505,G01,held_gap48_span174,32,0.9861111111111112,0.5535425738461829,0.1845063066291533
92505,G01,held_gap48_span174,512,0.7777777777777778,0.47293267217131707,0.1500887576012362
92505,G01,held_gap48_span174,1152,0.5,0.4515970621534951,0.1410348623799547
92505,G01,held_gap48_span174,115,0.9500868055555556,0.5171089450369514,0.16859614928476807
92505,G01,held_context96,2,0.9997829861111112,0.6553042269448244,0.23136271930271446
92505,G01,held_context96,32,0.9965277777777778,0.5323301178780194,0.1750569484070233
92505,G01,held_context96,512,0.9444444444444444,0.43574937255288926,0.13626577059420064
92505,G01,held_context96,4608,0.5,0.3132549928473264,0.09202070809748653
92505,G01,held_context96,460,0.9500868055555556,0.4411496478248658,0.13837732807889547
92505,G01,held_context128,2,0.9998779296875,0.6642570628766525,0.23564370807361376
92505,G01,held_context128,32,0.998046875,0.5506168379907124,0.18259029706902036
92505,G01,held_context128,512,0.96875,0.45939585541551387,0.1457042007738743
92505,G01,held_context128,8192,0.5,0.3193813269922685,0.09396571073569787
92505,G01,held_context128,819,0.95001220703125,0.4416999435578726,0.1387833498326137
92505,G01,held_gap96_span354,2,0.9997829861111112,0.6691164316767046,0.23803862410881638
92505,G01,held_gap96_span354,32,0.9965277777777778,0.5808432052529748,0.19622567426303156
92505,G01,held_gap96_span354,512,0.9444444444444444,0.5397346318775044,0.1787619209652735
92505,G01,held_gap96_span354,4608,0.5,0.5085597717438075,0.1652087577946971
92505,G01,held_gap96_span354,460,0.9500868055555556,0.5425347867822621,0.17991187895696828
92505,G11,id_continuous48,2,0.9991319444444444,0.6099744935821527,0.21023416680440027
92505,G11,id_continuous48,32,0.9861111111111112,0.4690775547952812,0.1487848257507879
92505,G11,id_continuous48,512,0.7777777777777778,0.3384847595091092,0.10031285688657302
92505,G11,id_continuous48,1152,0.5,0.29644019262182536,0.0854131190789169
92505,G11,id_continuous48,115,0.9500868055555556,0.41623607948596325,0.12828256394058912
92505,G11,id_gap48,2,0.9991319444444444,0.6331398078752022,0.22101483430668176
92505,G11,id_gap48,32,0.9861111111111112,0.5380503740370366,0.17769063087107462
92505,G11,id_gap48,512,0.7777777777777778,0.43793983917414725,0.13715974197181421
92505,G11,id_gap48,1152,0.5,0.3982530665858323,0.12188555601479346
92505,G11,id_gap48,115,0.9500868055555556,0.4998275245677669,0.16148122113412278
92505,G11,held_gap48_span174,2,0.9991319444444444,0.6530535829657413,0.23030462243348931
92505,G11,held_gap48_span174,32,0.9861111111111112,0.55592152934961,0.1855430281758996
92505,G11,held_gap48_span174,512,0.7777777777777778,0.4726710913706085,0.15020058573560274
92505,G11,held_gap48_span174,1152,0.5,0.45070513013897645,0.14105767531938107
92505,G11,held_gap48_span174,115,0.9500868055555556,0.5193969169668085,0.1696190762039112
92505,G11,held_context96,2,0.9997829861111112,0.6477529429535854,0.22785723214801912
92505,G11,held_context96,32,0.9965277777777778,0.5227683035712767,0.17070520559694333
92505,G11,held_context96,512,0.9444444444444444,0.4206952190287668,0.13012872596781216
92505,G11,held_context96,4608,0.5,0.30485014126522003,0.08884569915063449
92505,G11,held_context96,460,0.9500868055555556,0.42558440963156924,0.13209474074582195
92505,G11,held_context128,2,0.9998779296875,0.6549854513912607,0.2311442143431947
92505,G11,held_context128,32,0.998046875,0.537456644056961,0.1771642624945693
92505,G11,held_context128,512,0.96875,0.43672817212798065,0.13664330070593567
92505,G11,held_context128,8192,0.5,0.30152774193719384,0.08763145853205184
92505,G11,held_context128,819,0.95001220703125,0.4172383759770415,0.12907207754582448
92505,G11,held_gap96_span354,2,0.9997829861111112,0.6612851510305552,0.2342060439090567
92505,G11,held_gap96_span354,32,0.9965277777777778,0.5790973617213253,0.1955925363194373
92505,G11,held_gap96_span354,512,0.9444444444444444,0.5560719177295861,0.18511477044229904
92505,G11,held_gap96_span354,4608,0.5,0.5170337831612751,0.16803108406439715
92505,G11,held_gap96_span354,460,0.9500868055555556,0.5598632005722215,0.1865918245086292
92505,G11S,id_continuous48,2,0.9991319444444444,0.6100925590428433,0.21030649585657601
92505,G11S,id_continuous48,32,0.9861111111111112,0.4702882432811209,0.14922417744895655
92505,G11S,id_continuous48,512,0.7777777777777778,0.338645771992025,0.10029220481924368
92505,G11S,id_continuous48,1152,0.5,0.2969323524072417,0.08541746566404748
92505,G11S,id_continuous48,115,0.9500868055555556,0.41651421301179986,0.12828856110832088
92505,G11S,id_gap48,2,0.9991319444444444,0.6334860369559328,0.22115584963045262
92505,G11S,id_gap48,32,0.9861111111111112,0.5403140827201806,0.1786166839298659
92505,G11S,id_gap48,512,0.7777777777777778,0.4525170107523598,0.1425919315605898
92505,G11S,id_gap48,1152,0.5,0.4190946982544634,0.1296309764871073
92505,G11S,id_gap48,115,0.9500868055555556,0.5050015995730739,0.16335409876307874
92505,G11S,held_gap48_span174,2,0.9991319444444444,0.6530610660106128,0.2302630824147998
92505,G11S,held_gap48_span174,32,0.9861111111111112,0.5558764417478826,0.1854438332395819
92505,G11S,held_gap48_span174,512,0.7777777777777778,0.47608817286056476,0.151279095256564
92505,G11S,held_gap48_span174,1152,0.5,0.45718095350024773,0.14328338651036202
92505,G11S,held_gap48_span174,115,0.9500868055555556,0.5198171602584306,0.1697225391440675
92505,G11S,held_context96,2,0.9997829861111112,0.6488672078729958,0.22837582574549256
92505,G11S,held_context96,32,0.9965277777777778,0.5251836792444691,0.17172687869885775
92505,G11S,held_context96,512,0.9444444444444444,0.4414364504843826,0.13848910866080907
92505,G11S,held_context96,4608,0.5,0.3433851655587953,0.10239190560766703
92505,G11S,held_context96,460,0.9500868055555556,0.44558205601027534,0.1401223818899598
92505,G11S,held_context128,2,0.9998779296875,0.6550747864851799,0.2311918197862932
92505,G11S,held_context128,32,0.998046875,0.5403964795705448,0.17831832014218094
92505,G11S,held_context128,512,0.96875,0.45492220064895805,0.1441064545431075
92505,G11S,held_context128,8192,0.5,0.3402836489997788,0.10123911259769869
92505,G11S,held_context128,819,0.95001220703125,0.43936003108255695,0.13798098431546155
92505,G11S,held_gap96_span354,2,0.9997829861111112,0.6618421155346705,0.23447606777078284
92505,G11S,held_gap96_span354,32,0.9965277777777778,0.5807330774785597,0.19628955993246466
92505,G11S,held_gap96_span354,512,0.9444444444444444,0.5632647212862816,0.18826122435387985
92505,G11S,held_gap96_span354,4608,0.5,0.5285494537624987,0.1735900741039215
92505,G11S,held_gap96_span354,460,0.9500868055555556,0.5652180216254914,0.18903580178167642
92506,G00,id_continuous48,2,0.9991319444444444,0.6109028199531994,0.21076690969305487
92506,G00,id_continuous48,32,0.9861111111111112,0.47005897403288927,0.14914840435073737
92506,G00,id_continuous48,512,0.7777777777777778,0.3380381897737278,0.10018447546463552
92506,G00,id_continuous48,1152,0.5,0.2962074417339281,0.08528808645332198
92506,G00,id_continuous48,115,0.9500868055555556,0.41600286494028577,0.12824566572691767
92506,G00,id_gap48,2,0.9991319444444444,0.6346535175259407,0.22161422128402483
92506,G00,id_gap48,32,0.9861111111111112,0.5693111636661016,0.1903879615275328
92506,G00,id_gap48,512,0.7777777777777778,0.5700815919971218,0.1850849391135971
92506,G00,id_gap48,1152,0.5,0.5523963771145287,0.17712665741055522
92506,G00,id_gap48,115,0.9500868055555556,0.5713867568174862,0.18906508454254498
92506,G00,held_gap48_span174,2,0.9991319444444444,0.6532311474647895,0.2303948667189368
92506,G00,held_gap48_span174,32,0.9861111111111112,0.5881025256786425,0.19788443620376664
92506,G00,held_gap48_span174,512,0.7777777777777778,0.6331092217842369,0.20767735468103787
92506,G00,held_gap48_span174,1152,0.5,0.6827031793961152,0.22157117187113134
92506,G00,held_gap48_span174,115,0.9500868055555556,0.5911244275893917,0.19679743329680227
92506,G00,held_context96,2,0.9997829861111112,0.6542244102618412,0.2308202324069502
92506,G00,held_context96,32,0.9965277777777778,0.5446720384783028,0.18037430884088412
92506,G00,held_context96,512,0.9444444444444444,0.49906711995419434,0.16203392624952392
92506,G00,held_context96,4608,0.5,0.3978646950579486,0.12507394227521793
92506,G00,held_context96,460,0.9500868055555556,0.5018136807121395,0.16328728255035607
92506,G00,held_context128,2,0.9998779296875,0.6663877643439947,0.23668768491352776
92506,G00,held_context128,32,0.998046875,0.5539780620857366,0.18416170221599784
92506,G00,held_context128,512,0.96875,0.5185495335137517,0.17032489738046913
92506,G00,held_context128,8192,0.5,0.43539558651570204,0.1390906233434349
92506,G00,held_context128,819,0.95001220703125,0.5131591544372964,0.16821694144586144
92506,G00,held_gap96_span354,2,0.9997829861111112,0.6758936561326607,0.24139495441291722
92506,G00,held_gap96_span354,32,0.9965277777777778,0.5869544481302525,0.1988845630020952
92506,G00,held_gap96_span354,512,0.9444444444444444,0.5993312813045754,0.19999422847002396
92506,G00,held_gap96_span354,4608,0.5,0.6352655453357409,0.20625112168680376
92506,G00,held_gap96_span354,460,0.9500868055555556,0.5952585155744914,0.19899260014633527
92506,G10,id_continuous48,2,0.9991319444444444,0.6097610226567691,0.21027464267761403
92506,G10,id_continuous48,32,0.9861111111111112,0.4705033618271311,0.14931083904918807
92506,G10,id_continuous48,512,0.7777777777777778,0.3379619720780714,0.100150195514599
92506,G10,id_continuous48,1152,0.5,0.29582197902933055,0.0851186016400785
92506,G10,id_continuous48,115,0.9500868055555556,0.41638615912602084,0.12832003943891826
92506,G10,id_gap48,2,0.9991319444444444,0.6365290749877183,0.22252454679640332
92506,G10,id_gap48,32,0.9861111111111112,0.5691550737791538,0.19030007424195688
92506,G10,id_gap48,512,0.7777777777777778,0.5629835208272167,0.18296064856539748
92506,G10,id_gap48,1152,0.5,0.5484072149001413,0.17565725836151594
92506,G10,id_gap48,115,0.9500868055555556,0.5705580424548964,0.18885984575350617
92506,G10,held_gap48_span174,2,0.9991319444444444,0.6551280840537206,0.2312239815612373
92506,G10,held_gap48_span174,32,0.9861111111111112,0.5880528793315267,0.19780037522509425
92506,G10,held_gap48_span174,512,0.7777777777777778,0.625495946310729,0.2057787626335319
92506,G10,held_gap48_span174,1152,0.5,0.6834898623639081,0.2220482712036726
92506,G10,held_gap48_span174,115,0.9500868055555556,0.5901463430032996,0.19637810420990448
92506,G10,held_context96,2,0.9997829861111112,0.6530161680196915,0.2303279741408776
92506,G10,held_context96,32,0.9965277777777778,0.5409343853107096,0.17853785638910408
92506,G10,held_context96,512,0.9444444444444444,0.48607329616482436,0.15661414388804137
92506,G10,held_context96,4608,0.5,0.39144081324890173,0.12231150151048643
92506,G10,held_context96,460,0.9500868055555556,0.48937878613955316,0.1579710259227559
92506,G10,held_context128,2,0.9998779296875,0.6640245457677932,0.23553447221682294
92506,G10,held_context128,32,0.998046875,0.548819330871195,0.18197133410364758
92506,G10,held_context128,512,0.96875,0.49992372621781006,0.16253588824661683
92506,G10,held_context128,8192,0.5,0.42339911464562374,0.1338701106712065
92506,G10,held_context128,819,0.95001220703125,0.49287100013471513,0.1598884233748763
92506,G10,held_gap96_span354,2,0.9997829861111112,0.672491455555374,0.23970988642831254
92506,G10,held_gap96_span354,32,0.9965277777777778,0.5872955114662199,0.19907073514792833
92506,G10,held_gap96_span354,512,0.9444444444444444,0.5951236485320677,0.19835891640995523
92506,G10,held_gap96_span354,4608,0.5,0.6446182811218826,0.20917823337515573
92506,G10,held_gap96_span354,460,0.9500868055555556,0.5946374848675666,0.1983665235537084
92506,G01,id_continuous48,2,0.9991319444444444,0.6110706037757921,0.2108065013000905
92506,G01,id_continuous48,32,0.9861111111111112,0.46987092187309226,0.14911350031414025
92506,G01,id_continuous48,512,0.7777777777777778,0.3377925338378379,0.10009170897153755
92506,G01,id_continuous48,1152,0.5,0.2962039547884522,0.08527027420844514
92506,G01,id_continuous48,115,0.9500868055555556,0.4153285507031445,0.12797742667725312
92506,G01,id_gap48,2,0.9991319444444444,0.6351734604580414,0.2220396301439896
92506,G01,id_gap48,32,0.9861111111111112,0.5375385926149986,0.1773991635512248
92506,G01,id_gap48,512,0.7777777777777778,0.43796400073326686,0.13725083854084769
92506,G01,id_gap48,1152,0.5,0.39735507597864517,0.12155723577807455
92506,G01,id_gap48,115,0.9500868055555556,0.5003911841394094,0.1616979424824567
92506,G01,held_gap48_span174,2,0.9991319444444444,0.6525507879738383,0.2300656727831004
92506,G01,held_gap48_span174,32,0.9861111111111112,0.5539587108424102,0.1846198278431063
92506,G01,held_gap48_span174,512,0.7777777777777778,0.4719436615204736,0.14975177448230984
92506,G01,held_gap48_span174,1152,0.5,0.4503309039051412,0.14069846307060657
92506,G01,held_gap48_span174,115,0.9500868055555556,0.5173162923817494,0.16865549280958184
92506,G01,held_context96,2,0.9997829861111112,0.6573455682479246,0.23235724108071387
92506,G01,held_context96,32,0.9965277777777778,0.5329650157978425,0.17526203346070499
92506,G01,held_context96,512,0.9444444444444444,0.42836604892169566,0.1332280115556672
92506,G01,held_context96,4608,0.5,0.31353444857553786,0.09200609122577173
92506,G01,held_context96,460,0.9500868055555556,0.433857216069347,0.13542048868381268
92506,G01,held_context128,2,0.9998779296875,0.6677517802067747,0.23736710777236963
92506,G01,held_context128,32,0.998046875,0.5537315157924577,0.18384886858203495
92506,G01,held_context128,512,0.96875,0.454313985906717,0.14369547586707565
92506,G01,held_context128,8192,0.5,0.3166959592946294,0.09302968856541134
92506,G01,held_context128,819,0.95001220703125,0.4353842995445218,0.1362679726388271
92506,G01,held_gap96_span354,2,0.9997829861111112,0.6753677826921501,0.24113731901383534
92506,G01,held_gap96_span354,32,0.9965277777777778,0.5810499127809384,0.19627312868835997
92506,G01,held_gap96_span354,512,0.9444444444444444,0.5539259489800987,0.18440265946116122
92506,G01,held_gap96_span354,4608,0.5,0.5217307552054505,0.1704456325421064
92506,G01,held_gap96_span354,460,0.9500868055555556,0.5556245539377286,0.18515729228691888
92506,G11,id_continuous48,2,0.9991319444444444,0.6131746706198119,0.21184513140855368
92506,G11,id_continuous48,32,0.9861111111111112,0.47050933052178356,0.14937958801749066
92506,G11,id_continuous48,512,0.7777777777777778,0.33901073411456006,0.10045301351943373
92506,G11,id_continuous48,1152,0.5,0.2965314543267062,0.08541150150944513
92506,G11,id_continuous48,115,0.9500868055555556,0.41670276178932386,0.12832978515531437
92506,G11,id_gap48,2,0.9991319444444444,0.6360173627476519,0.22249418515683944
92506,G11,id_gap48,32,0.9861111111111112,0.538516308828285,0.1778308034211112
92506,G11,id_gap48,512,0.7777777777777778,0.4376485524817895,0.137170264206341
92506,G11,id_gap48,1152,0.5,0.3985736217131186,0.12210755647702647
92506,G11,id_gap48,115,0.9500868055555556,0.5011506443673241,0.16200130419936543
92506,G11,held_gap48_span174,2,0.9991319444444444,0.6547456899293073,0.23105386578865864
92506,G11,held_gap48_span174,32,0.9861111111111112,0.5552079794668453,0.1852016600422098
92506,G11,held_gap48_span174,512,0.7777777777777778,0.47228386768243535,0.14989501376190867
92506,G11,held_gap48_span174,1152,0.5,0.45058268632598364,0.14076450612606528
92506,G11,held_gap48_span174,115,0.9500868055555556,0.5191405813748904,0.16947990281984548
92506,G11,held_context96,2,0.9997829861111112,0.6531310081941771,0.23044551903229843
92506,G11,held_context96,32,0.9965277777777778,0.5215918587948495,0.1702037943975161
92506,G11,held_context96,512,0.9444444444444444,0.41571171957130776,0.12801867538349807
92506,G11,held_context96,4608,0.5,0.3064990738107938,0.08937373858096406
92506,G11,held_context96,460,0.9500868055555556,0.4210176050045503,0.1301816262495319
92506,G11,held_context128,2,0.9998779296875,0.6609056711053911,0.23401994420374697
92506,G11,held_context128,32,0.998046875,0.5404921792511099,0.1782517395046694
92506,G11,held_context128,512,0.96875,0.4270774993388776,0.13255600771608014
92506,G11,held_context128,8192,0.5,0.3010035246103507,0.08746345694686099
92506,G11,held_context128,819,0.95001220703125,0.40931293452580597,0.12565878331022387
92506,G11,held_gap96_span354,2,0.9997829861111112,0.6655173796207432,0.23627755927468866
92506,G11,held_gap96_span354,32,0.9965277777777778,0.5807659925722547,0.19630828006910206
92506,G11,held_gap96_span354,512,0.9444444444444444,0.564772053634905,0.18850104425255684
92506,G11,held_gap96_span354,4608,0.5,0.5429675235412027,0.17788130039649067
92506,G11,held_gap96_span354,460,0.9500868055555556,0.5673522257270247,0.18958392356108655
92506,G11S,id_continuous48,2,0.9991319444444444,0.61168353983964,0.211199418672807
92506,G11S,id_continuous48,32,0.9861111111111112,0.4700830248261076,0.14917658817513924
92506,G11S,id_continuous48,512,0.7777777777777778,0.338856615176006,0.10035214658507483
92506,G11S,id_continuous48,1152,0.5,0.29679298497894946,0.08548375690172617
92506,G11S,id_continuous48,115,0.9500868055555556,0.4169477387982934,0.1284333096313116
92506,G11S,id_gap48,2,0.9991319444444444,0.6358134356902977,0.2223866095719934
92506,G11S,id_gap48,32,0.9861111111111112,0.5400156908177276,0.17844901715096326
92506,G11S,id_gap48,512,0.7777777777777778,0.4520120055951297,0.14244655139316226
92506,G11S,id_gap48,1152,0.5,0.41790904400186213,0.12916295432122085
92506,G11S,id_gap48,115,0.9500868055555556,0.5053511535862887,0.16356311920849934
92506,G11S,held_gap48_span174,2,0.9991319444444444,0.6558525768063669,0.2315135855915474
92506,G11S,held_gap48_span174,32,0.9861111111111112,0.554518753856973,0.18487766902249766
92506,G11S,held_gap48_span174,512,0.7777777777777778,0.47557994149044275,0.15117724543372674
92506,G11S,held_gap48_span174,1152,0.5,0.45631840340786345,0.14303909808231963
92506,G11S,held_gap48_span174,115,0.9500868055555556,0.5188905262725316,0.1693547186927521
92506,G11S,held_context96,2,0.9997829861111112,0.6525507675804049,0.2301638686020952
92506,G11S,held_context96,32,0.9965277777777778,0.5271564034050792,0.17267981296404286
92506,G11S,held_context96,512,0.9444444444444444,0.42791290641949037,0.13282134245601473
92506,G11S,held_context96,4608,0.5,0.3249948575709226,0.0957108704328787
92506,G11S,held_context96,460,0.9500868055555556,0.4329732418295769,0.13488074252225066
92506,G11S,held_context128,2,0.9998779296875,0.6587178758414048,0.23295643155180193
92506,G11S,held_context128,32,0.998046875,0.5433773128326085,0.17953851411397323
92506,G11S,held_context128,512,0.96875,0.44876177201462114,0.14121444215879012
92506,G11S,held_context128,8192,0.5,0.332670092252499,0.09833510132597627
92506,G11S,held_context128,819,0.95001220703125,0.43082993912726036,0.13415454120306647
92506,G11S,held_gap96_span354,2,0.9997829861111112,0.66371511447394,0.23539371434241355
92506,G11S,held_gap96_span354,32,0.9965277777777778,0.5799969878824008,0.19594375290004257
92506,G11S,held_gap96_span354,512,0.9444444444444444,0.5616525540581657,0.18757159241129895
92506,G11S,held_gap96_span354,4608,0.5,0.5274640852012007,0.17302150759358806
92506,G11S,held_gap96_span354,460,0.9500868055555556,0.5634443835038824,0.1882969681426213
